Workbook
Name _Z99999: [1]Cliente!#REF!
Name _ZZ99: [1]Cliente!#REF!
Name capacidade: [2]Dados!$F$11
Name CERTIFICADO: [1]Cliente!$Y$8
Name data_receb: [2]Dados!$E$7
Name DATA_RECEBIMENTO: [1]Cliente!#REF!
Name ENTRADA: [1]Cliente!#REF!
Name equip: [2]Dados!$C$10
Name n_cert: [2]Dados!$C$8
Name n_ident: [2]Dados!$C$13
Name n_serie: [2]Dados!$C$14
Name pressão: [2]Dados!$D$27
Name proced: [2]Dados!$F$13
Name resolução: [2]Dados!$F$10
Name temp_ar: [2]Dados!$D$25
Name temp_carr: #REF!
Name umid: [2]Dados!#REF!
Name unid_e: [2]Dados!$D$31
Name versão: [2]Dados!$F$14

Sheet Cadastro dos Padrões
A1: 1 | B1: =A1+1 -> 2 | C1: =B1+1 -> 3 | D1: =C1+1 -> 4 | E1: =D1+1 -> 5 | F1: =E1+1 -> 6 | G1: =F1+1 -> 7 | H1: =G1+1 -> 8 | I1: =H1+1 -> 9 | ... V1: =U1+1 -> 22
A2: =ROUND(CONCATENATE(U2,V2),0) -> 1201 | B2: Padrão : | D2: Balança Eletrônica | U2: 1 | V2: 201
A3: =ROUND(CONCATENATE(U3,V3),0) -> 1202 | B3: Unidade de calibrada : | D3: g | E3: Resolução : | G3: 0.01 | H3: =IF(D4="","",D3) -> g | U3: =U2 -> 1 | V3: =V2+1 -> 202
A4: =ROUND(CONCATENATE(U4,V4),0) -> 1203 | B4: Identificação : | D4: E.MS.LQ-003 | K4: X8 | L4: X7 | M4: X6 | N4: X5 | O4: X4 | P4: X3 | Q4: X2 | R4: X1 | S4: X0 | U4: =U3 -> 1 | V4: =V3+1 -> 203 | X4: mg
A5: =ROUND(CONCATENATE(U5,V5),0) -> 1204 | B5: Orgão Calibrador : | D5: Elus | J5: =COUNTA(B17:B26) -> 7 | K5: =IF(L5-1<2,0,L5-1) -> 0 | L5: =IF(M5-1<2,0,M5-1) -> 0 | M5: =IF(N5-1<2,0,N5-1) -> 0 | N5: =IF(O5-1<2,0,O5-1) -> 2 | O5: =IF(P5-1<2,0,P5-1) -> 3 | P5: =IF(Q5-1<2,0,Q5-1) -> 4 | Q5: =IF(R5-1<2,0,R5-1) -> 5 | R5: =IF(S5-1<2,0,S5-1) -> 6 | S5: =J5 -> 7 | U5: =U4 -> 1 | V5: =V4+1 -> 204 | X5: g
A6: =ROUND(CONCATENATE(U6,V6),0) -> 1205 | B6: Rastreabilidade : | D6: RBC - CAL 0439 | J6: =CONCATENATE(J5,1) -> 71 | K6: =IF(K5=0,0,VLOOKUP(J6,J10:S40,K5,FALSE)) -> 0 | L6: =IF(L5=0,0,VLOOKUP(J6,J10:S40,L5,FALSE)) -> 0 | M6: =IF(M5=0,0,VLOOKUP(J6,J10:S40,M5,FALSE)) -> 0 | N6: =IF(N5=0,0,VLOOKUP(J6,J10:S40,N5,FALSE)) -> -2.1946624e-17 | O6: =IF(O5=0,0,VLOOKUP(J6,J10:S40,O5,FALSE)) -> 1.4356681e-13 | P6: =IF(P5=0,0,VLOOKUP(J6,J10:S40,P5,FALSE)) -> -3.2116745e-10 | Q6: =IF(Q5=0,0,VLOOKUP(J6,J10:S40,Q5,FALSE)) -> 3.130729e-07 | R6: =IF(R5=0,0,VLOOKUP(J6,J10:S40,R5,FALSE)) -> 0.99986579 | S6: =IF(S5=0,0,VLOOKUP(J6,J10:S40,S5,FALSE)) -> 0.00068337238 | U6: =U5 -> 1 | V6: =V5+1 -> 205 | X6: kg
A7: =ROUND(CONCATENATE(U7,V7),0) -> 1206 | B7: N° do certificado : | D7: E0011/26 | J7: =CONCATENATE(J5,2) -> 72 | K7: =IF(K5=0,0,VLOOKUP(J7,J10:S40,K5,FALSE)) -> 0 | L7: =IF(L5=0,0,VLOOKUP(J7,J10:S40,L5,FALSE)) -> 0 | M7: =IF(M5=0,0,VLOOKUP(J7,J10:S40,M5,FALSE)) -> 0 | N7: =IF(N5=0,0,VLOOKUP(J7,J10:S40,N5,FALSE)) -> 1.2284161e-17 | O7: =IF(O5=0,0,VLOOKUP(J7,J10:S40,O5,FALSE)) -> 5.9398576e-14 | P7: =IF(P5=0,0,VLOOKUP(J7,J10:S40,P5,FALSE)) -> 1.000214e-10 | Q7: =IF(Q5=0,0,VLOOKUP(J7,J10:S40,Q5,FALSE)) -> 6.8955532e-08 | R7: =IF(R5=0,0,VLOOKUP(J7,J10:S40,R5,FALSE)) -> 1.6840579e-05 | S7: =IF(S5=0,0,VLOOKUP(J7,J10:S40,S5,FALSE)) -> 0.00064401317 | U7: =U6 -> 1 | V7: =V6+1 -> 206 | X7: t
A8: =ROUND(CONCATENATE(U8,V8),0) -> 1207 | B8: Data da Calibração : | D8: 46031 | J8: =CONCATENATE(J5,3) -> 73 | N8: Veff curva = | O8: =J5-2 -> 5 | P8: Residuo = | Q8: =VLOOKUP(J8,J10:S40,3,FALSE) -> 0.00083868147 | R8: R² = | S8: =VLOOKUP(J8,J10:S40,2,FALSE) -> 1 | U8: =U7 -> 1 | V8: =V7+1 -> 207
A9: =ROUND(CONCATENATE(U9,V9),0) -> 1208 | B9: Vencimento da Calibração : | D9: 46417 | K9: 3 | L9: 3 | U9: =U8 -> 1 | V9: =V8+1 -> 208
A10: =ROUND(CONCATENATE(U10,V10),0) -> 1209 | B10: Faixa calibrada : | D10: =IF(D3="","",MIN(B17:B26)) -> 1 | E10: ~ | F10: =IF(D3="","",MAX(B17:B26)) -> 2000 | G10: =IF(D4="","",H3) -> g | J10: =CONCATENATE(K9,1) -> 31 | K10: {=LINEST(B17:B19,C17:C19^{1},TRUE,TRUE)} -> 0.99989491 | L10: 0.00055549995 | U10: =U9 -> 1 | V10: =V9+1 -> 209
A11: =ROUND(CONCATENATE(U11,V11),0) -> 1210 | J11: =CONCATENATE(K9,2) -> 32 | K11: 8.667101e-06 | L11: 0.00050296574 | U11: =U10 -> 1 | V11: =V10+1 -> 210
A12: =ROUND(CONCATENATE(U12,V12),0) -> 1211 | B12: Valores da Calibração Atual | G12: Calibração Anterior | J12: =CONCATENATE(K9,3) -> 33 | K12: 1 | L12: 0.00067108552 | U12: =U11 -> 1 | V12: =V11+1 -> 211
A13: =ROUND(CONCATENATE(U13,V13),0) -> 1212 | B13: Certificado de calibração : | E13: =D7 -> E0011/26 | G13: Certificado : | H13: R0011/25 | K13: 4 | L13: 4 | M13: 4 | U13: =U12 -> 1 | V13: =V12+1 -> 212
A14: =ROUND(CONCATENATE(U14,V14),0) -> 1213 | B14: Valor de referência | C14: Indicação do instrumento | D14: Incerteza de medição | E14: k | F14: Veff | G14: Valor de referência | H14: Indicação do instrumento | J14: =CONCATENATE(K13,1) -> 41 | K14: {=LINEST(B17:B20,C17:C20^{1,2},TRUE,TRUE)} -> 1.6099298e-07 | L14: 0.99987824 | M14: 0.00063096473 | U14: =U13 -> 1 | V14: =V13+1 -> 213
A15: =ROUND(CONCATENATE(U15,V15),0) -> 1214 | J15: =CONCATENATE(K13,2) -> 42 | K15: 2.3580717e-08 | L15: 1.2342701e-05 | M15: 0.00058186669 | U15: =U14 -> 1 | V15: =V14+1 -> 214
A16: =ROUND(CONCATENATE(U16,V16),0) -> 1215 | B16: =CONCATENATE("(",H3,")") -> (g) | C16: =B16 -> (g) | D16: =C16 -> (g) | G16: =B16 -> (g) | H16: =G16 -> (g) | J16: =CONCATENATE(K13,3) -> 43 | K16: 1 | L16: 0.00076749922 | M16: #N/A | U16: =U15 -> 1 | V16: =V15+1 -> 215
A17: =ROUND(CONCATENATE(U17,V17),0) -> 1216 | B17: 1 | C17: 1 | D17: 0.02 | E17: 2 | F17: 1000000 | G17: 1 | H17: 1 | K17: 5 | L17: 5 | M17: 5 | N17: 5 | U17: =U16 -> 1 | V17: =V16+1 -> 216
A18: =ROUND(CONCATENATE(U18,V18),0) -> 1217 | B18: 10 | C18: 10 | D18: 0.02 | E18: 2 | F18: 1000000 | G18: 10 | H18: 10 | J18: =CONCATENATE(K17,1) -> 51 | K18: {=LINEST(B17:B21,C17:C21^{1,2,3},TRUE,TRUE)} -> -1.3331322e-10 | L18: 2.4131471e-07 | M18: 0.99987134 | N18: 0.00066080973 | U18: =U17 -> 1 | V18: =V17+1 -> 217
A19: =ROUND(CONCATENATE(U19,V19),0) -> 1218 | B19: 100 | C19: 100.01 | D19: 0.02 | E19: 2 | F19: 1000000 | G19: 100 | H19: 100.02 | J19: =CONCATENATE(K17,2) -> 52 | K19: 2.7804464e-11 | L19: 4.1476258e-08 | M19: 1.4382454e-05 | N19: 0.00061529876 | U19: =U18 -> 1 | V19: =V18+1 -> 218
A20: =ROUND(CONCATENATE(U20,V20),0) -> 1219 | B20: 500 | C20: 500.02 | D20: 0.02 | E20: 2 | F20: 1000000 | G20: 500 | H20: 500.02 | J20: =CONCATENATE(K17,3) -> 53 | K20: 1 | L20: 0.00080688331 | M20: #N/A | N20: #N/A | U20: =U19 -> 1 | V20: =V19+1 -> 219
A21: =ROUND(CONCATENATE(U21,V21),0) -> 1220 | B21: 1000 | C21: 1000.02 | D21: 0.03 | E21: 2 | F21: 574 | G21: 1000 | H21: 1000.02 | K21: 6 | L21: 6 | M21: 6 | N21: 6 | O21: 6 | U21: =U20 -> 1 | V21: =V20+1 -> 220
A22: =ROUND(CONCATENATE(U22,V22),0) -> 1221 | B22: 1500 | C22: 1500.02 | D22: 0.04 | E22: 2 | F22: 1000000 | G22: 1500 | H22: 1500.01 | J22: =CONCATENATE(K21,1) -> 61 | K22: {=LINEST(B17:B22,C17:C22^{1,2,3,4},TRUE,TRUE)} -> 7.5578592e-14 | L22: -2.5434427e-10 | M22: 2.906419e-07 | N22: 0.99986745 | O22: 0.0006771054 | U22: =U21 -> 1 | V22: =V21+1 -> 221
A23: =ROUND(CONCATENATE(U23,V23),0) -> 1222 | B23: 2000 | C23: 1999.99 | D23: 0.05 | E23: 2 | F23: 1000000 | G23: 2000 | H23: 2000 | J23: =CONCATENATE(K21,2) -> 62 | K23: 2.1276966e-14 | L23: 6.2493042e-11 | M23: 5.6261885e-08 | N23: 1.5814433e-05 | O23: 0.00063470969 | U23: =U22 -> 1 | V23: =V22+1 -> 222
A24: =ROUND(CONCATENATE(U24,V24),0) -> 1223 | J24: =CONCATENATE(K21,3) -> 63 | K24: 1 | L24: 0.00082905973 | M24: #N/A | N24: #N/A | O24: #N/A | U24: =U23 -> 1 | V24: =V23+1 -> 223
A25: =ROUND(CONCATENATE(U25,V25),0) -> 1224 | K25: 7 | L25: 7 | M25: 7 | N25: 7 | O25: 7 | P25: 7 | U25: =U24 -> 1 | V25: =V24+1 -> 224
A26: =ROUND(CONCATENATE(U26,V26),0) -> 1225 | J26: =CONCATENATE(K25,1) -> 71 | K26: {=LINEST(B17:B23,C17:C23^{1,2,3,4,5},TRUE,TRUE)} -> -2.1946624e-17 | L26: 1.4356681e-13 | M26: -3.2116745e-10 | N26: 3.130729e-07 | O26: 0.99986579 | P26: 0.00068337238 | U26: =U25 -> 1 | V26: =V25+1 -> 225
A27: =ROUND(CONCATENATE(U27,V27),0) -> 1226 | B27: Excentricidade | J27: =CONCATENATE(K25,2) -> 72 | K27: 1.2284161e-17 | L27: 5.9398576e-14 | M27: 1.000214e-10 | N27: 6.8955532e-08 | O27: 1.6840579e-05 | P27: 0.00064401317 | U27: =U26 -> 1 | V27: =V26+1 -> 226
A28: =ROUND(CONCATENATE(U28,V28),0) -> 1227 | B28: Valor de ref. | C28: M | D28: A | E28: B | F28: C | G28: D | H28: M | J28: =CONCATENATE(K25,3) -> 73 | K28: 1 | L28: 0.00083868147 | M28: #N/A | N28: #N/A | O28: #N/A | P28: #N/A | U28: =U27 -> 1 | V28: =V27+1 -> 227
A29: =ROUND(CONCATENATE(U29,V29),0) -> 1228 | B29: 500 | C29: 500.02 | D29: 500.01 | E29: 500.01 | F29: 500.02 | G29: 499.99 | H29: 500.02 | K29: 8 | L29: 8 | M29: 8 | N29: 8 | O29: 8 | P29: 8 | Q29: 8 | U29: =U28 -> 1 | V29: =V28+1 -> 228
A30: =ROUND(CONCATENATE(U30,V30),0) -> 1229 | J30: =CONCATENATE(K29,1) -> 81 | K30: {=LINEST(B17:B24,C17:C24^{1,2,3,4,5,6},TRUE,TRUE)} -> #VALUE! | L30: #VALUE! | M30: #VALUE! | N30: #VALUE! | O30: #VALUE! | P30: #VALUE! | Q30: #VALUE! | U30: =U29 -> 1 | V30: =V29+1 -> 229
A31: =ROUND(CONCATENATE(U31,V31),0) -> 1230 | B31: Observações (particularidades para utilização) | J31: =CONCATENATE(K29,2) -> 82 | K31: #VALUE! | L31: #VALUE! | M31: #VALUE! | N31: #VALUE! | O31: #VALUE! | P31: #VALUE! | Q31: #VALUE! | U31: =U30 -> 1 | V31: =V30+1 -> 230
A32: =ROUND(CONCATENATE(U32,V32),0) -> 1231 | J32: =CONCATENATE(K29,3) -> 83 | K32: #VALUE! | L32: #VALUE! | M32: #VALUE! | N32: #VALUE! | O32: #VALUE! | P32: #VALUE! | Q32: #VALUE! | U32: =U31 -> 1 | V32: =V31+1 -> 231
A33: =ROUND(CONCATENATE(U33,V33),0) -> 1232 | K33: 9 | L33: 9 | M33: 9 | N33: 9 | O33: 9 | P33: 9 | Q33: 9 | R33: 9 | U33: =U32 -> 1 | V33: =V32+1 -> 232
A34: =ROUND(CONCATENATE(U34,V34),0) -> 1233 | J34: =CONCATENATE(K33,1) -> 91 | K34: {=LINEST(B17:B25,C17:C25^{1,2,3,4,5,6,7},TRUE,TRUE)} -> #VALUE! | L34: #VALUE! | M34: #VALUE! | N34: #VALUE! | O34: #VALUE! | P34: #VALUE! | Q34: #VALUE! | R34: #VALUE! | U34: =U33 -> 1 | V34: =V33+1 -> 233
A35: =ROUND(CONCATENATE(U35,V35),0) -> 1234 | B35: Erro Atual | C35: Erro Anterior | D35: Diferença | E35: Incerteza (un) | F35: Maior Deriva | J35: =CONCATENATE(K33,2) -> 92 | K35: #VALUE! | L35: #VALUE! | M35: #VALUE! | N35: #VALUE! | O35: #VALUE! | P35: #VALUE! | Q35: #VALUE! | R35: #VALUE! | U35: =U34 -> 1 | V35: =V34+1 -> 234
A36: =ROUND(CONCATENATE(U36,V36),0) -> 1235 | B36: =C17-B17 -> 0 | C36: =H17-G17 -> 0 | D36: =C36-B36 -> 0 | E36: =D17 -> 0.02 | F36: =IF(D4="","",MAX(G36,H36)) -> 0.01 | G36: =ABS(MIN(D36:D45)) -> 0.01 | H36: =ABS(MAX(D36:D45)) -> 0.01 | J36: =CONCATENATE(K33,3) -> 93 | K36: #VALUE! | L36: #VALUE! | M36: #VALUE! | N36: #VALUE! | O36: #VALUE! | P36: #VALUE! | Q36: #VALUE! | R36: #VALUE! | U36: =U35 -> 1 | V36: =V35+1 -> 235
A37: =ROUND(CONCATENATE(U37,V37),0) -> 1236 | B37: =C18-B18 -> 0 | C37: =H18-G18 -> 0 | D37: =C37-B37 -> 0 | E37: =D18 -> 0.02 | F37: Desvio Máximo | K37: 10 | L37: 10 | M37: 10 | N37: 10 | O37: 10 | P37: 10 | Q37: 10 | R37: 10 | S37: 10 | U37: =U36 -> 1 | V37: =V36+1 -> 236
A38: =ROUND(CONCATENATE(U38,V38),0) -> 1237 | B38: =C19-B19 -> 0.01 | C38: =H19-G19 -> 0.02 | D38: =C38-B38 -> 0.01 | E38: =D19 -> 0.02 | F38: =IF(D4="","",MAX(G38,H38)) -> 0.02 | G38: =ABS(MIN(B36:B45)) -> 0.01 | H38: =ABS(MAX(B36:B45)) -> 0.02 | J38: =CONCATENATE(K37,1) -> 101 | K38: {=LINEST(B17:B26,C17:C26^{1,2,3,4,5,6,7,8},TRUE,TRUE)} -> #VALUE! | L38: #VALUE! | M38: #VALUE! | N38: #VALUE! | O38: #VALUE! | P38: #VALUE! | Q38: #VALUE! | R38: #VALUE! | S38: #VALUE! | U38: =U37 -> 1 | V38: =V37+1 -> 237
A39: =ROUND(CONCATENATE(U39,V39),0) -> 1238 | B39: =C20-B20 -> 0.02 | C39: =H20-G20 -> 0.02 | D39: =C39-B39 -> 0 | E39: =D20 -> 0.02 | F39: Maior incerteza (em unidade) | J39: =CONCATENATE(K37,2) -> 102 | K39: #VALUE! | L39: #VALUE! | M39: #VALUE! | N39: #VALUE! | O39: #VALUE! | P39: #VALUE! | Q39: #VALUE! | R39: #VALUE! | S39: #VALUE! | U39: =U38 -> 1 | V39: =V38+1 -> 238
A40: =ROUND(CONCATENATE(U40,V40),0) -> 1239 | B40: =C21-B21 -> 0.02 | C40: =H21-G21 -> 0.02 | D40: =C40-B40 -> 0 | E40: =D21 -> 0.03 | F40: =IF(D4="","",MAX(G40,H40)) -> 0.05 | G40: =ABS(MIN(E36:E45)) -> 0 | H40: =ABS(MAX(E36:E45)) -> 0.05 | J40: =CONCATENATE(K37,3) -> 103 | K40: #VALUE! | L40: #VALUE! | M40: #VALUE! | N40: #VALUE! | O40: #VALUE! | P40: #VALUE! | Q40: #VALUE! | R40: #VALUE! | S40: #VALUE! | U40: =U39 -> 1 | V40: =V39+1 -> 239
A41: =ROUND(CONCATENATE(U41,V41),0) -> 1240 | B41: =C22-B22 -> 0.02 | C41: =H22-G22 -> 0.01 | D41: =C41-B41 -> -0.01 | E41: =D22 -> 0.04 | F41: Desvio na excentricidade | U41: =U40 -> 1 | V41: =V40+1 -> 240
A42: =ROUND(CONCATENATE(U42,V42),0) -> 1241 | B42: =C23-B23 -> -0.01 | C42: =H23-G23 -> 0 | D42: =C42-B42 -> 0.01 | E42: =D23 -> 0.05 | F42: =MAX(G42:H44) -> 0.02 | G42: =IF(C29="",0,ABS(C29-B29)) -> 0.02 | H42: =IF(F29="",0,ABS(F29-B29)) -> 0.02 | U42: =U41 -> 1 | V42: =V41+1 -> 241
A43: =ROUND(CONCATENATE(U43,V43),0) -> 1242 | B43: =C24-B24 -> 0 | C43: =H24-G24 -> 0 | D43: =C43-B43 -> 0 | E43: =D24 -> 0 | F43: Valor % | G43: =IF(D29="",0,ABS(D29-B29)) -> 0.01 | H43: =IF(G29="",0,ABS(G29-B29)) -> 0.01 | U43: =U42 -> 1 | V43: =V42+1 -> 242
A44: =ROUND(CONCATENATE(U44,V44),0) -> 1243 | B44: =C25-B25 -> 0 | C44: =H25-G25 -> 0 | D44: =C44-B44 -> 0 | E44: =D25 -> 0 | F44: =IF(F42=0,0,F42/B29%) -> 0.004 | G44: =IF(G29="",0,ABS(G29-B29)) -> 0.01 | H44: =IF(H29="",0,ABS(H29-B29)) -> 0.02 | U44: =U43 -> 1 | V44: =V43+1 -> 243
A45: =ROUND(CONCATENATE(U45,V45),0) -> 1244 | B45: =C26-B26 -> 0 | C45: =H26-G26 -> 0 | D45: =C45-B45 -> 0 | E45: =D26 -> 0 | U45: =U44 -> 1 | V45: =V44+1 -> 244
A46: =ROUND(CONCATENATE(U46,V46),0) -> 1245 | U46: =U45 -> 1 | V46: =V45+1 -> 245
A48: =ROUND(CONCATENATE(U48,V48),0) -> 2201 | B48: Padrão : | D48: Balança Eletrônica | U48: =U46+1 -> 2 | V48: 201
A49: =ROUND(CONCATENATE(U49,V49),0) -> 2202 | B49: Unidade de calibrada : | D49: g | E49: Resolução : | G49: 0.1 | H49: =IF(D50="","",D49) -> g | U49: =U48 -> 2 | V49: =V48+1 -> 202
A50: =ROUND(CONCATENATE(U50,V50),0) -> 2203 | B50: Identificação : | D50: E.MS.LV-003 | K50: X8 | L50: X7 | M50: X6 | N50: X5 | O50: X4 | P50: X3 | Q50: X2 | R50: X1 | S50: X0 | U50: =U49 -> 2 | V50: =V49+1 -> 203
A51: =ROUND(CONCATENATE(U51,V51),0) -> 2204 | B51: Orgão Calibrador : | D51: Elus | J51: =COUNTA(B63:B72) -> 7 | K51: =IF(L51-1<2,0,L51-1) -> 0 | L51: =IF(M51-1<2,0,M51-1) -> 0 | M51: =IF(N51-1<2,0,N51-1) -> 0 | N51: =IF(O51-1<2,0,O51-1) -> 2 | O51: =IF(P51-1<2,0,P51-1) -> 3 | P51: =IF(Q51-1<2,0,Q51-1) -> 4 | Q51: =IF(R51-1<2,0,R51-1) -> 5 | R51: =IF(S51-1<2,0,S51-1) -> 6 | S51: =J51 -> 7 | U51: =U50 -> 2 | V51: =V50+1 -> 204
A52: =ROUND(CONCATENATE(U52,V52),0) -> 2205 | B52: Rastreabilidade : | D52: RBC - CAL 0439 | J52: =CONCATENATE(J51,1) -> 71 | K52: =IF(K51=0,0,VLOOKUP(J52,J56:S86,K51,FALSE)) -> 0 | L52: =IF(L51=0,0,VLOOKUP(J52,J56:S86,L51,FALSE)) -> 0 | M52: =IF(M51=0,0,VLOOKUP(J52,J56:S86,M51,FALSE)) -> 0 | N52: =IF(N51=0,0,VLOOKUP(J52,J56:S86,N51,FALSE)) -> -8.4933571e-26 | O52: =IF(O51=0,0,VLOOKUP(J52,J56:S86,O51,FALSE)) -> 9.1690581e-23 | P52: =IF(P51=0,0,VLOOKUP(J52,J56:S86,P51,FALSE)) -> -3.2533344e-20 | Q52: =IF(Q51=0,0,VLOOKUP(J52,J56:S86,Q51,FALSE)) -> 4.4010148e-18 | R52: =IF(R51=0,0,VLOOKUP(J52,J56:S86,R51,FALSE)) -> 1 | S52: =IF(S51=0,0,VLOOKUP(J52,J56:S86,S51,FALSE)) -> -1.1641815e-14 | U52: =U51 -> 2 | V52: =V51+1 -> 205
A53: =ROUND(CONCATENATE(U53,V53),0) -> 2206 | B53: N° do certificado : | D53: E0017/26 | J53: =CONCATENATE(J51,2) -> 72 | K53: =IF(K51=0,0,VLOOKUP(J53,J56:S86,K51,FALSE)) -> 0 | L53: =IF(L51=0,0,VLOOKUP(J53,J56:S86,L51,FALSE)) -> 0 | M53: =IF(M51=0,0,VLOOKUP(J53,J56:S86,M51,FALSE)) -> 0 | N53: =IF(N51=0,0,VLOOKUP(J53,J56:S86,N51,FALSE)) -> 1.081581e-25 | O53: =IF(O51=0,0,VLOOKUP(J53,J56:S86,O51,FALSE)) -> 9.1817393e-23 | P53: =IF(P51=0,0,VLOOKUP(J53,J56:S86,P51,FALSE)) -> 2.4805945e-20 | Q53: =IF(Q51=0,0,VLOOKUP(J53,J56:S86,Q51,FALSE)) -> 2.3206811e-18 | R53: =IF(R51=0,0,VLOOKUP(J53,J56:S86,R51,FALSE)) -> 6.6571041e-17 | S53: =IF(S51=0,0,VLOOKUP(J53,J56:S86,S51,FALSE)) -> 1.6081786e-16 | U53: =U52 -> 2 | V53: =V52+1 -> 206
A54: =ROUND(CONCATENATE(U54,V54),0) -> 2207 | B54: Data da Calibração : | D54: 46031 | J54: =CONCATENATE(J51,3) -> 73 | N54: Veff curva = | O54: =J51-2 -> 5 | P54: Residuo = | Q54: =VLOOKUP(J54,J56:S86,3,FALSE) -> 2.220446e-16 | R54: R² = | S54: =VLOOKUP(J54,J56:S86,2,FALSE) -> 1 | U54: =U53 -> 2 | V54: =V53+1 -> 207
A55: =ROUND(CONCATENATE(U55,V55),0) -> 2208 | B55: Vencimento da Calibração : | D55: 46417 | K55: 3 | L55: 3 | U55: =U54 -> 2 | V55: =V54+1 -> 208
A56: =ROUND(CONCATENATE(U56,V56),0) -> 2209 | B56: Faixa calibrada : | D56: =IF(D49="","",MIN(B63:B72)) -> 0 | E56: ~ | F56: =IF(D49="","",MAX(B63:B72)) -> 400 | G56: =IF(D50="","",H49) -> g | J56: =CONCATENATE(K55,1) -> 31 | K56: {=LINEST(B63:B65,C63:C65^{1},TRUE,TRUE)} -> 1 | L56: 0 | U56: =U55 -> 2 | V56: =V55+1 -> 209
A57: =ROUND(CONCATENATE(U57,V57),0) -> 2210 | J57: =CONCATENATE(K55,2) -> 32 | K57: 2.218598e-16 | L57: 6.4096623e-16 | U57: =U56 -> 2 | V57: =V56+1 -> 210
A58: =ROUND(CONCATENATE(U58,V58),0) -> 2211 | B58: Valores da Calibração Atual | G58: Calibração Anterior | J58: =CONCATENATE(K55,3) -> 33 | K58: 1 | L58: 8.8817842e-16 | U58: =U57 -> 2 | V58: =V57+1 -> 211
A59: =ROUND(CONCATENATE(U59,V59),0) -> 2212 | B59: Certificado de calibração : | E59: =D53 -> E0017/26 | G59: Certificado : | H59: R0017/25 | K59: 4 | L59: 4 | M59: 4 | U59: =U58 -> 2 | V59: =V58+1 -> 212
A60: =ROUND(CONCATENATE(U60,V60),0) -> 2213 | B60: Valor de referência | C60: Indicação do instrumento | D60: Incerteza de medição | E60: k | F60: Veff | G60: Valor de referência | H60: Indicação do instrumento | J60: =CONCATENATE(K59,1) -> 41 | K60: {=LINEST(B63:B66,C63:C66^{1,2},TRUE,TRUE)} -> 0 | L60: 1 | M60: 0 | U60: =U59 -> 2 | V60: =V59+1 -> 213
A61: =ROUND(CONCATENATE(U61,V61),0) -> 2214 | J61: =CONCATENATE(K59,2) -> 42 | K61: 0 | L61: 0 | M61: 0 | U61: =U60 -> 2 | V61: =V60+1 -> 214
A62: =ROUND(CONCATENATE(U62,V62),0) -> 2215 | B62: =CONCATENATE("(",H49,")") -> (g) | C62: =B62 -> (g) | D62: =C62 -> (g) | G62: =B62 -> (g) | H62: =G62 -> (g) | J62: =CONCATENATE(K59,3) -> 43 | K62: 1 | L62: 0 | M62: #N/A | U62: =U61 -> 2 | V62: =V61+1 -> 215
A63: =ROUND(CONCATENATE(U63,V63),0) -> 2216 | B63: 0 | C63: 0 | D63: 0.2 | E63: 2 | F63: 1000000 | G63: 0 | H63: 0 | K63: 5 | L63: 5 | M63: 5 | N63: 5 | U63: =U62 -> 2 | V63: =V62+1 -> 216
A64: =ROUND(CONCATENATE(U64,V64),0) -> 2217 | B64: 0.2 | C64: 0.2 | D64: 0.2 | E64: 2 | F64: 1000000 | G64: 0.2 | H64: 0.2 | J64: =CONCATENATE(K63,1) -> 51 | K64: {=LINEST(B63:B67,C63:C67^{1,2,3},TRUE,TRUE)} -> 8.1374118e-20 | L64: -1.2885669e-17 | M64: 1 | N64: -2.4336098e-16 | U64: =U63 -> 2 | V64: =V63+1 -> 217
A65: =ROUND(CONCATENATE(U65,V65),0) -> 2218 | B65: 5 | C65: 5 | D65: 0.2 | E65: 2 | F65: 1000000 | G65: 5 | H65: 5 | J65: =CONCATENATE(K63,2) -> 52 | K65: 1.2551121e-20 | L65: 1.8872283e-18 | M65: 6.469443e-17 | N65: 1.6072378e-16 | U65: =U64 -> 2 | V65: =V64+1 -> 218
A66: =ROUND(CONCATENATE(U66,V66),0) -> 2219 | B66: 50 | C66: 50 | D66: 0.2 | E66: 2 | F66: 1000000 | G66: 50 | H66: 50 | J66: =CONCATENATE(K63,3) -> 53 | K66: 1 | L66: 2.220446e-16 | M66: #N/A | N66: #N/A | U66: =U65 -> 2 | V66: =V65+1 -> 219
A67: =ROUND(CONCATENATE(U67,V67),0) -> 2220 | B67: 100 | C67: 100 | D67: 0.2 | E67: 2 | F67: 1000000 | G67: 100 | H67: 100 | K67: 6 | L67: 6 | M67: 6 | N67: 6 | O67: 6 | U67: =U66 -> 2 | V67: =V66+1 -> 220
A68: =ROUND(CONCATENATE(U68,V68),0) -> 2221 | B68: 300 | C68: 300 | D68: 0.2 | E68: 2 | F68: 1000000 | G68: 300 | H68: 300 | J68: =CONCATENATE(K67,1) -> 61 | K68: {=LINEST(B63:B68,C63:C68^{1,2,3,4},TRUE,TRUE)} -> 0 | L68: 0 | M68: 0 | N68: 1 | O68: 0 | U68: =U67 -> 2 | V68: =V67+1 -> 221
A69: =ROUND(CONCATENATE(U69,V69),0) -> 2222 | B69: 400 | C69: 400 | D69: 0.2 | E69: 2 | F69: 1000000 | G69: 400 | H69: 400 | J69: =CONCATENATE(K67,2) -> 62 | K69: 0 | L69: 0 | M69: 0 | N69: 0 | O69: 0 | U69: =U68 -> 2 | V69: =V68+1 -> 222
A70: =ROUND(CONCATENATE(U70,V70),0) -> 2223 | J70: =CONCATENATE(K67,3) -> 63 | K70: 1 | L70: 0 | M70: #N/A | N70: #N/A | O70: #N/A | U70: =U69 -> 2 | V70: =V69+1 -> 223
A71: =ROUND(CONCATENATE(U71,V71),0) -> 2224 | K71: 7 | L71: 7 | M71: 7 | N71: 7 | O71: 7 | P71: 7 | U71: =U70 -> 2 | V71: =V70+1 -> 224
A72: =ROUND(CONCATENATE(U72,V72),0) -> 2225 | J72: =CONCATENATE(K71,1) -> 71 | K72: {=LINEST(B63:B69,C63:C69^{1,2,3,4,5},TRUE,TRUE)} -> -8.4933571e-26 | L72: 9.1690581e-23 | M72: -3.2533344e-20 | N72: 4.4010148e-18 | O72: 1 | P72: -1.1641815e-14 | U72: =U71 -> 2 | V72: =V71+1 -> 225
A73: =ROUND(CONCATENATE(U73,V73),0) -> 2226 | B73: Excentricidade | J73: =CONCATENATE(K71,2) -> 72 | K73: 1.081581e-25 | L73: 9.1817393e-23 | M73: 2.4805945e-20 | N73: 2.3206811e-18 | O73: 6.6571041e-17 | P73: 1.6081786e-16 | U73: =U72 -> 2 | V73: =V72+1 -> 226
A74: =ROUND(CONCATENATE(U74,V74),0) -> 2227 | B74: Valor de ref. | C74: M | D74: A | E74: B | F74: C | G74: D | H74: M | J74: =CONCATENATE(K71,3) -> 73 | K74: 1 | L74: 2.220446e-16 | M74: #N/A | N74: #N/A | O74: #N/A | P74: #N/A | U74: =U73 -> 2 | V74: =V73+1 -> 227
A75: =ROUND(CONCATENATE(U75,V75),0) -> 2228 | B75: 150 | C75: 150 | D75: 150 | E75: 150 | F75: 150 | G75: 150 | H75: 150 | K75: 8 | L75: 8 | M75: 8 | N75: 8 | O75: 8 | P75: 8 | Q75: 8 | U75: =U74 -> 2 | V75: =V74+1 -> 228
A76: =ROUND(CONCATENATE(U76,V76),0) -> 2229 | J76: =CONCATENATE(K75,1) -> 81 | K76: {=LINEST(B63:B70,C63:C70^{1,2,3,4,5,6},TRUE,TRUE)} -> #VALUE! | L76: #VALUE! | M76: #VALUE! | N76: #VALUE! | O76: #VALUE! | P76: #VALUE! | Q76: #VALUE! | U76: =U75 -> 2 | V76: =V75+1 -> 229
A77: =ROUND(CONCATENATE(U77,V77),0) -> 2230 | B77: Observações (particularidades para utilização) | J77: =CONCATENATE(K75,2) -> 82 | K77: #VALUE! | L77: #VALUE! | M77: #VALUE! | N77: #VALUE! | O77: #VALUE! | P77: #VALUE! | Q77: #VALUE! | U77: =U76 -> 2 | V77: =V76+1 -> 230
A78: =ROUND(CONCATENATE(U78,V78),0) -> 2231 | J78: =CONCATENATE(K75,3) -> 83 | K78: #VALUE! | L78: #VALUE! | M78: #VALUE! | N78: #VALUE! | O78: #VALUE! | P78: #VALUE! | Q78: #VALUE! | U78: =U77 -> 2 | V78: =V77+1 -> 231
A79: =ROUND(CONCATENATE(U79,V79),0) -> 2232 | K79: 9 | L79: 9 | M79: 9 | N79: 9 | O79: 9 | P79: 9 | Q79: 9 | R79: 9 | U79: =U78 -> 2 | V79: =V78+1 -> 232
A80: =ROUND(CONCATENATE(U80,V80),0) -> 2233 | J80: =CONCATENATE(K79,1) -> 91 | K80: {=LINEST(B63:B71,C63:C71^{1,2,3,4,5,6,7},TRUE,TRUE)} -> #VALUE! | L80: #VALUE! | M80: #VALUE! | N80: #VALUE! | O80: #VALUE! | P80: #VALUE! | Q80: #VALUE! | R80: #VALUE! | U80: =U79 -> 2 | V80: =V79+1 -> 233
A81: =ROUND(CONCATENATE(U81,V81),0) -> 2234 | B81: Erro Atual | C81: Erro Anterior | D81: Diferença | E81: Incerteza (un) | F81: Maior Deriva | J81: =CONCATENATE(K79,2) -> 92 | K81: #VALUE! | L81: #VALUE! | M81: #VALUE! | N81: #VALUE! | O81: #VALUE! | P81: #VALUE! | Q81: #VALUE! | R81: #VALUE! | U81: =U80 -> 2 | V81: =V80+1 -> 234
A82: =ROUND(CONCATENATE(U82,V82),0) -> 2235 | B82: =C63-B63 -> 0 | C82: =H63-G63 -> 0 | D82: =C82-B82 -> 0 | E82: =D63 -> 0.2 | F82: =IF(D50="","",MAX(G82,H82)) -> 0 | G82: =ABS(MIN(D82:D91)) -> 0 | H82: =ABS(MAX(D82:D91)) -> 0 | J82: =CONCATENATE(K79,3) -> 93 | K82: #VALUE! | L82: #VALUE! | M82: #VALUE! | N82: #VALUE! | O82: #VALUE! | P82: #VALUE! | Q82: #VALUE! | R82: #VALUE! | U82: =U81 -> 2 | V82: =V81+1 -> 235
A83: =ROUND(CONCATENATE(U83,V83),0) -> 2236 | B83: =C64-B64 -> 0 | C83: =H64-G64 -> 0 | D83: =C83-B83 -> 0 | E83: =D64 -> 0.2 | F83: Desvio Máximo | K83: 10 | L83: 10 | M83: 10 | N83: 10 | O83: 10 | P83: 10 | Q83: 10 | R83: 10 | S83: 10 | U83: =U82 -> 2 | V83: =V82+1 -> 236
A84: =ROUND(CONCATENATE(U84,V84),0) -> 2237 | B84: =C65-B65 -> 0 | C84: =H65-G65 -> 0 | D84: =C84-B84 -> 0 | E84: =D65 -> 0.2 | F84: =IF(D50="","",MAX(G84,H84)) -> 0 | G84: =ABS(MIN(B82:B91)) -> 0 | H84: =ABS(MAX(B82:B91)) -> 0 | J84: =CONCATENATE(K83,1) -> 101 | K84: {=LINEST(B63:B72,C63:C72^{1,2,3,4,5,6,7,8},TRUE,TRUE)} -> #VALUE! | L84: #VALUE! | M84: #VALUE! | N84: #VALUE! | O84: #VALUE! | P84: #VALUE! | Q84: #VALUE! | R84: #VALUE! | S84: #VALUE! | U84: =U83 -> 2 | V84: =V83+1 -> 237
A85: =ROUND(CONCATENATE(U85,V85),0) -> 2238 | B85: =C66-B66 -> 0 | C85: =H66-G66 -> 0 | D85: =C85-B85 -> 0 | E85: =D66 -> 0.2 | F85: Maior incerteza (em unidade) | J85: =CONCATENATE(K83,2) -> 102 | K85: #VALUE! | L85: #VALUE! | M85: #VALUE! | N85: #VALUE! | O85: #VALUE! | P85: #VALUE! | Q85: #VALUE! | R85: #VALUE! | S85: #VALUE! | U85: =U84 -> 2 | V85: =V84+1 -> 238
A86: =ROUND(CONCATENATE(U86,V86),0) -> 2239 | B86: =C67-B67 -> 0 | C86: =H67-G67 -> 0 | D86: =C86-B86 -> 0 | E86: =D67 -> 0.2 | F86: =IF(D50="","",MAX(G86,H86)) -> 0.2 | G86: =ABS(MIN(E82:E91)) -> 0 | H86: =ABS(MAX(E82:E91)) -> 0.2 | J86: =CONCATENATE(K83,3) -> 103 | K86: #VALUE! | L86: #VALUE! | M86: #VALUE! | N86: #VALUE! | O86: #VALUE! | P86: #VALUE! | Q86: #VALUE! | R86: #VALUE! | S86: #VALUE! | U86: =U85 -> 2 | V86: =V85+1 -> 239
A87: =ROUND(CONCATENATE(U87,V87),0) -> 2240 | B87: =C68-B68 -> 0 | C87: =H68-G68 -> 0 | D87: =C87-B87 -> 0 | E87: =D68 -> 0.2 | F87: Desvio na excentricidade | U87: =U86 -> 2 | V87: =V86+1 -> 240
A88: =ROUND(CONCATENATE(U88,V88),0) -> 2241 | B88: =C69-B69 -> 0 | C88: =H69-G69 -> 0 | D88: =C88-B88 -> 0 | E88: =D69 -> 0.2 | F88: =MAX(G88:H90) -> 0 | G88: =IF(C75="",0,ABS(C75-B75)) -> 0 | H88: =IF(F75="",0,ABS(F75-B75)) -> 0 | U88: =U87 -> 2 | V88: =V87+1 -> 241
A89: =ROUND(CONCATENATE(U89,V89),0) -> 2242 | B89: =C70-B70 -> 0 | C89: =H70-G70 -> 0 | D89: =C89-B89 -> 0 | E89: =D70 -> 0 | F89: Valor % | G89: =IF(D75="",0,ABS(D75-B75)) -> 0 | H89: =IF(G75="",0,ABS(G75-B75)) -> 0 | U89: =U88 -> 2 | V89: =V88+1 -> 242
A90: =ROUND(CONCATENATE(U90,V90),0) -> 2243 | B90: =C71-B71 -> 0 | C90: =H71-G71 -> 0 | D90: =C90-B90 -> 0 | E90: =D71 -> 0 | F90: =IF(F88=0,0,F88/B75%) -> 0 | G90: =IF(G75="",0,ABS(G75-B75)) -> 0 | H90: =IF(H75="",0,ABS(H75-B75)) -> 0 | U90: =U89 -> 2 | V90: =V89+1 -> 243
A91: =ROUND(CONCATENATE(U91,V91),0) -> 2244 | B91: =C72-B72 -> 0 | C91: =H72-G72 -> 0 | D91: =C91-B91 -> 0 | E91: =D72 -> 0 | U91: =U90 -> 2 | V91: =V90+1 -> 244
A92: =ROUND(CONCATENATE(U92,V92),0) -> 2245 | U92: =U91 -> 2 | V92: =V91+1 -> 245
A94: =ROUND(CONCATENATE(U94,V94),0) -> 3201 | B94: Padrão : | D94: Balança Eletrônica | U94: =U92+1 -> 3 | V94: 201
A95: =ROUND(CONCATENATE(U95,V95),0) -> 3202 | B95: Unidade de calibrada : | D95: kg | E95: Resolução : | G95: 0.001 | H95: =IF(D96="","",D95) -> kg | U95: =U94 -> 3 | V95: =V94+1 -> 202
A96: =ROUND(CONCATENATE(U96,V96),0) -> 3203 | B96: Identificação : | D96: E.MS.LV-002 | K96: X8 | L96: X7 | M96: X6 | N96: X5 | O96: X4 | P96: X3 | Q96: X2 | R96: X1 | S96: X0 | U96: =U95 -> 3 | V96: =V95+1 -> 203
A97: =ROUND(CONCATENATE(U97,V97),0) -> 3204 | B97: Orgão Calibrador : | D97: Elus | J97: =COUNTA(B109:B118) -> 5 | K97: =IF(L97-1<2,0,L97-1) -> 0 | L97: =IF(M97-1<2,0,M97-1) -> 0 | M97: =IF(N97-1<2,0,N97-1) -> 0 | N97: =IF(O97-1<2,0,O97-1) -> 0 | O97: =IF(P97-1<2,0,P97-1) -> 0 | P97: =IF(Q97-1<2,0,Q97-1) -> 2 | Q97: =IF(R97-1<2,0,R97-1) -> 3 | R97: =IF(S97-1<2,0,S97-1) -> 4 | S97: =J97 -> 5 | U97: =U96 -> 3 | V97: =V96+1 -> 204
A98: =ROUND(CONCATENATE(U98,V98),0) -> 3205 | B98: Rastreabilidade : | D98: RBC - CAL 0439 | J98: =CONCATENATE(J97,1) -> 51 | K98: =IF(K97=0,0,VLOOKUP(J98,J102:S132,K97,FALSE)) -> 0 | L98: =IF(L97=0,0,VLOOKUP(J98,J102:S132,L97,FALSE)) -> 0 | M98: =IF(M97=0,0,VLOOKUP(J98,J102:S132,M97,FALSE)) -> 0 | N98: =IF(N97=0,0,VLOOKUP(J98,J102:S132,N97,FALSE)) -> 0 | O98: =IF(O97=0,0,VLOOKUP(J98,J102:S132,O97,FALSE)) -> 0 | P98: =IF(P97=0,0,VLOOKUP(J98,J102:S132,P97,FALSE)) -> 2.0540732e-11 | Q98: =IF(Q97=0,0,VLOOKUP(J98,J102:S132,Q97,FALSE)) -> -1.103725e-08 | R98: =IF(R97=0,0,VLOOKUP(J98,J102:S132,R97,FALSE)) -> 1.0000087 | S98: =IF(S97=0,0,VLOOKUP(J98,J102:S132,S97,FALSE)) -> -0.00015767507 | U98: =U97 -> 3 | V98: =V97+1 -> 205
A99: =ROUND(CONCATENATE(U99,V99),0) -> 3206 | B99: N° do certificado : | D99: E0016/26 | J99: =CONCATENATE(J97,2) -> 52 | K99: =IF(K97=0,0,VLOOKUP(J99,J102:S132,K97,FALSE)) -> 0 | L99: =IF(L97=0,0,VLOOKUP(J99,J102:S132,L97,FALSE)) -> 0 | M99: =IF(M97=0,0,VLOOKUP(J99,J102:S132,M97,FALSE)) -> 0 | N99: =IF(N97=0,0,VLOOKUP(J99,J102:S132,N97,FALSE)) -> 0 | O99: =IF(O97=0,0,VLOOKUP(J99,J102:S132,O97,FALSE)) -> 0 | P99: =IF(P97=0,0,VLOOKUP(J99,J102:S132,P97,FALSE)) -> 2.2955068e-11 | Q99: =IF(Q97=0,0,VLOOKUP(J99,J102:S132,Q97,FALSE)) -> 1.7532962e-08 | R99: =IF(R97=0,0,VLOOKUP(J99,J102:S132,R97,FALSE)) -> 3.3363007e-06 | S99: =IF(S97=0,0,VLOOKUP(J99,J102:S132,S97,FALSE)) -> 0.00012135386 | U99: =U98 -> 3 | V99: =V98+1 -> 206
A100: =ROUND(CONCATENATE(U100,V100),0) -> 3207 | B100: Data da Calibração : | D100: 46031 | J100: =CONCATENATE(J97,3) -> 53 | N100: Veff curva = | O100: =J97-2 -> 3 | P100: Residuo = | Q100: =VLOOKUP(J100,J102:S132,3,FALSE) -> 0.00012310936 | R100: R² = | S100: =VLOOKUP(J100,J102:S132,2,FALSE) -> 1 | U100: =U99 -> 3 | V100: =V99+1 -> 207
A101: =ROUND(CONCATENATE(U101,V101),0) -> 3208 | B101: Vencimento da Calibração : | D101: 46417 | K101: 3 | L101: 3 | U101: =U100 -> 3 | V101: =V100+1 -> 208
A102: =ROUND(CONCATENATE(U102,V102),0) -> 3209 | B102: Faixa calibrada : | D102: =IF(D95="","",MIN(B109:B118)) -> 10 | E102: ~ | F102: =IF(D95="","",MAX(B109:B118)) -> 500 | G102: =IF(D96="","",H95) -> kg | J102: =CONCATENATE(K101,1) -> 31 | K102: {=LINEST(B109:B111,C109:C111^{1},TRUE,TRUE)} -> 1.0000076 | L102: -0.00014534987 | U102: =U101 -> 3 | V102: =V101+1 -> 209
...

Sheet Controle
B1: 4 | C1: 4 | D1: 4 | E1: 4 | F1: 4 | G1: 4 | H1: 4 | I1: 4 | J1: 4 | K1: 6 | L1: 7 | M1: 6 | N1: 6 | O1: 6 | P1: 6 | Q1: 17 | R1: 15 | S1: 11 | T1: 12 | U1: 13 | V1: 14 | W1: 15 | X1: 16 | Y1: 17 | Z1: 18 | AA1: 19 | AB1: 2 | AC1: 4 | AD1: 5 | AE1: 6 | AF1: 2 | AG1: 4 | AH1: 5 | AI1: 6 | AJ1: 2 | AK1: 4 | AL1: 5 | AM1: 6 | AN1: 2 | AO1: 4 | AP1: 5 | AQ1: 6 | AR1: 2 | AS1: 4 | AT1: 5 | AU1: 6 | AV1: 2 | AW1: 4 | AX1: 5 | AY1: 6 | AZ1: 2 | BA1: 4 | BB1: 5 | BC1: 6 | BD1: 2 | BE1: 4 | BF1: 5 | BG1: 6 | BH1: 2 | BI1: 4 | BJ1: 5 | BK1: 6 | BL1: 2 | BM1: 4 | BN1: 5 | BO1: 6 | BP1: 2 | BQ1: 2 | BR1: 2 | BS1: 2 | BT1: 2 | BU1: 2 | BV1: 2 | BW1: 2 | BX1: 2 | BY1: 2 | BZ1: 4 | CA1: 4 | CB1: 4 | CC1: 4 | CD1: 4 | CE1: 4 | CF1: 4 | CG1: 4 | CH1: 4 | CI1: 4
B2: 203 | C2: 201 | D2: 204 | E2: 205 | F2: 206 | G2: 207 | H2: 208 | I2: 202 | J2: 209 | K2: 209 | L2: 202 | M2: 237 | N2: 239 | O2: 235 | P2: 243 | Q2: 207 | R2: 207 | S2: 205 | T2: 205 | U2: 205 | V2: 205 | W2: 205 | X2: 205 | Y2: 205 | Z2: 205 | AA2: 205 | AB2: 216 | AC2: =AB2 -> 216 | AD2: =AC2 -> 216 | AE2: =AD2 -> 216 | AF2: =AE2+1 -> 217 | AG2: =AF2 -> 217 | AH2: =AG2 -> 217 | AI2: =AH2 -> 217 | AJ2: =AI2+1 -> 218 | AK2: =AJ2 -> 218 | AL2: =AK2 -> 218 | AM2: =AL2 -> 218 | AN2: =AM2+1 -> 219 | AO2: =AN2 -> 219 | AP2: =AO2 -> 219 | AQ2: =AP2 -> 219 | AR2: =AQ2+1 -> 220 | AS2: =AR2 -> 220 | AT2: =AS2 -> 220 | AU2: =AT2 -> 220 | AV2: =AU2+1 -> 221 | AW2: =AV2 -> 221 | AX2: =AW2 -> 221 | AY2: =AX2 -> 221 | AZ2: =AY2+1 -> 222 | BA2: =AZ2 -> 222 | BB2: =BA2 -> 222 | BC2: =BB2 -> 222 | BD2: =BC2+1 -> 223 | BE2: =BD2 -> 223 | BF2: =BE2 -> 223 | BG2: =BF2 -> 223 | BH2: =BG2+1 -> 224 | BI2: =BH2 -> 224 | BJ2: =BI2 -> 224 | BK2: =BJ2 -> 224 | BL2: =BK2+1 -> 225 | BM2: =BL2 -> 225 | BN2: =BM2 -> 225 | BO2: =BN2 -> 225 | BP2: 235 | BQ2: =BP2+1 -> 236 | BR2: =BQ2+1 -> 237 | BS2: =BR2+1 -> 238 | BT2: =BS2+1 -> 239 | BU2: =BT2+1 -> 240 | BV2: =BU2+1 -> 241 | BW2: =BV2+1 -> 242 | BX2: =BW2+1 -> 243 | BY2: =BX2+1 -> 244 | BZ2: 235 | CA2: =BZ2+1 -> 236 | CB2: =CA2+1 -> 237 | CC2: =CB2+1 -> 238 | CD2: =CC2+1 -> 239 | CE2: =CD2+1 -> 240 | CF2: =CE2+1 -> 241 | CG2: =CF2+1 -> 242 | CH2: =CG2+1 -> 243 | CI2: =CH2+1 -> 244
H3: =TODAY() -> 46036 | AB3: 1 | AC3: =AB3 -> 1 | AD3: =AC3 -> 1 | AE3: =AD3 -> 1 | AF3: =AE3+1 -> 2 | AG3: =AF3 -> 2 | AH3: =AG3 -> 2 | AI3: =AH3 -> 2 | AJ3: =AI3+1 -> 3 | AK3: =AJ3 -> 3 | AL3: =AK3 -> 3 | AM3: =AL3 -> 3 | AN3: =AM3+1 -> 4 | AO3: =AN3 -> 4 | AP3: =AO3 -> 4 | AQ3: =AP3 -> 4 | AR3: =AQ3+1 -> 5 | AS3: =AR3 -> 5 | AT3: =AS3 -> 5 | AU3: =AT3 -> 5 | AV3: =AU3+1 -> 6 | AW3: =AV3 -> 6 | AX3: =AW3 -> 6 | AY3: =AX3 -> 6 | AZ3: =AY3+1 -> 7 | BA3: =AZ3 -> 7 | BB3: =BA3 -> 7 | BC3: =BB3 -> 7 | BD3: =BC3+1 -> 8 | BE3: =BD3 -> 8 | BF3: =BE3 -> 8 | BG3: =BF3 -> 8 | BH3: =BG3+1 -> 9 | BI3: =BH3 -> 9 | BJ3: =BI3 -> 9 | BK3: =BJ3 -> 9 | BL3: =BK3+1 -> 10 | BM3: =BL3 -> 10 | BN3: =BM3 -> 10 | BO3: =BN3 -> 10 | BP3: 1 | BQ3: =BP3+1 -> 2 | BR3: =BQ3+1 -> 3 | BS3: =BR3+1 -> 4 | BT3: =BS3+1 -> 5 | BU3: =BT3+1 -> 6 | BV3: =BU3+1 -> 7 | BW3: =BV3+1 -> 8 | BX3: =BW3+1 -> 9 | BY3: =BX3+1 -> 10 | BZ3: 1 | CA3: =BZ3+1 -> 2 | CB3: =CA3+1 -> 3 | CC3: =CB3+1 -> 4 | CD3: =CC3+1 -> 5 | CE3: =CD3+1 -> 6 | CF3: =CE3+1 -> 7 | CG3: =CF3+1 -> 8 | CH3: =CG3+1 -> 9 | CI3: =CH3+1 -> 10
Q4: Polinômio da Curva | AB4: =CONCATENATE(AB3,"º Ponto") -> 1º Ponto | AF4: =CONCATENATE(AF3,"º Ponto") -> 2º Ponto | AJ4: =CONCATENATE(AJ3,"º Ponto") -> 3º Ponto | AN4: =CONCATENATE(AN3,"º Ponto") -> 4º Ponto | AR4: =CONCATENATE(AR3,"º Ponto") -> 5º Ponto | AV4: =CONCATENATE(AV3,"º Ponto") -> 6º Ponto | AZ4: =CONCATENATE(AZ3,"º Ponto") -> 7º Ponto | BD4: =CONCATENATE(BD3,"º Ponto") -> 8º Ponto | BH4: =CONCATENATE(BH3,"º Ponto") -> 9º Ponto | BL4: =CONCATENATE(BL3,"º Ponto") -> 10º Ponto | BP4: =CONCATENATE(BP3," - Erro") -> 1 - Erro | BQ4: =CONCATENATE(BQ3," - Erro") -> 2 - Erro | BR4: =CONCATENATE(BR3," - Erro") -> 3 - Erro | BS4: =CONCATENATE(BS3," - Erro") -> 4 - Erro | BT4: =CONCATENATE(BT3," - Erro") -> 5 - Erro | BU4: =CONCATENATE(BU3," - Erro") -> 6 - Erro | BV4: =CONCATENATE(BV3," - Erro") -> 7 - Erro | BW4: =CONCATENATE(BW3," - Erro") -> 8 - Erro | ... BY4: =CONCATENATE(BY3," - Erro") -> 10 - Erro | BZ4: =CONCATENATE(BZ3," - Deriva") -> 1 - Deriva | CA4: =CONCATENATE(CA3," - Deriva") -> 2 - Deriva | CB4: =CONCATENATE(CB3," - Deriva") -> 3 - Deriva | CC4: =CONCATENATE(CC3," - Deriva") -> 4 - Deriva | CD4: =CONCATENATE(CD3," - Deriva") -> 5 - Deriva | CE4: =CONCATENATE(CE3," - Deriva") -> 6 - Deriva | CF4: =CONCATENATE(CF3," - Deriva") -> 7 - Deriva | CG4: =CONCATENATE(CG3," - Deriva") -> 8 - Deriva | ... CI4: =CONCATENATE(CI3," - Deriva") -> 10 - Deriva
B5: TAG | C5: Padrão | D5: Calibrado por | E5: Rastreabilidade | F5: n° do certificado | G5: Data da Calibração | H5: Vencimento | I5: Unidade calibrada | J5: Faixa mínima | K5: Faixa máxima | L5: Resolução | M5: Maior desvio | N5: Maior Incerteza | O5: Deriva | P5: Maior desvio Exc.(%) | Q5: Residuo | R5: Veff | S5: X8 | T5: X7 | U5: X6 | V5: X5 | W5: X4 | X5: X3 | Y5: X2 | Z5: X1 | AA5: X0 | AB5: =CONCATENATE(AB3,"-VR") -> 1-VR | AC5: =CONCATENATE(AC3,"-U") -> 1-U | AD5: =CONCATENATE(AD3,"-K") -> 1-K | AE5: =CONCATENATE(AE3,"-GL") -> 1-GL | AF5: =CONCATENATE(AF3,"-VR") -> 2-VR | AG5: =CONCATENATE(AG3,"-U") -> 2-U | AH5: =CONCATENATE(AH3,"-K") -> 2-K | AI5: =CONCATENATE(AI3,"-GL") -> 2-GL | AJ5: =CONCATENATE(AJ3,"-VR") -> 3-VR | AK5: =CONCATENATE(AK3,"-U") -> 3-U | AL5: =CONCATENATE(AL3,"-K") -> 3-K | AM5: =CONCATENATE(AM3,"-GL") -> 3-GL | AN5: =CONCATENATE(AN3,"-VR") -> 4-VR | AO5: =CONCATENATE(AO3,"-U") -> 4-U | AP5: =CONCATENATE(AP3,"-K") -> 4-K | AQ5: =CONCATENATE(AQ3,"-GL") -> 4-GL | AR5: =CONCATENATE(AR3,"-VR") -> 5-VR | AS5: =CONCATENATE(AS3,"-U") -> 5-U | AT5: =CONCATENATE(AT3,"-K") -> 5-K | AU5: =CONCATENATE(AU3,"-GL") -> 5-GL | AV5: =CONCATENATE(AV3,"-VR") -> 6-VR | AW5: =CONCATENATE(AW3,"-U") -> 6-U | AX5: =CONCATENATE(AX3,"-K") -> 6-K | AY5: =CONCATENATE(AY3,"-GL") -> 6-GL | AZ5: =CONCATENATE(AZ3,"-VR") -> 7-VR | BA5: =CONCATENATE(BA3,"-U") -> 7-U | BB5: =CONCATENATE(BB3,"-K") -> 7-K | BC5: =CONCATENATE(BC3,"-GL") -> 7-GL | BD5: =CONCATENATE(BD3,"-VR") -> 8-VR | BE5: =CONCATENATE(BE3,"-U") -> 8-U | BF5: =CONCATENATE(BF3,"-K") -> 8-K | BG5: =CONCATENATE(BG3,"-GL") -> 8-GL | BH5: =CONCATENATE(BH3,"-VR") -> 9-VR | BI5: =CONCATENATE(BI3,"-U") -> 9-U | BJ5: =CONCATENATE(BJ3,"-K") -> 9-K | BK5: =CONCATENATE(BK3,"-GL") -> 9-GL | BL5: =CONCATENATE(BL3,"-VR") -> 10-VR | BM5: =CONCATENATE(BM3,"-U") -> 10-U | BN5: =CONCATENATE(BN3,"-K") -> 10-K | BO5: =CONCATENATE(BO3,"-GL") -> 10-GL | BP5: =CONCATENATE(BP3,"-ER") -> 1-ER | BQ5: =CONCATENATE(BQ3,"-ER") -> 2-ER | BR5: =CONCATENATE(BR3,"-ER") -> 3-ER | BS5: =CONCATENATE(BS3,"-ER") -> 4-ER | BT5: =CONCATENATE(BT3,"-ER") -> 5-ER | BU5: =CONCATENATE(BU3,"-ER") -> 6-ER | BV5: =CONCATENATE(BV3,"-ER") -> 7-ER | BW5: =CONCATENATE(BW3,"-ER") -> 8-ER | ... BY5: =CONCATENATE(BY3,"-ER") -> 10-ER | BZ5: =CONCATENATE(BZ3,"-D") -> 1-D | CA5: =CONCATENATE(CA3,"-D") -> 2-D | CB5: =CONCATENATE(CB3,"-D") -> 3-D | CC5: =CONCATENATE(CC3,"-D") -> 4-D | CD5: =CONCATENATE(CD3,"-D") -> 5-D | CE5: =CONCATENATE(CE3,"-D") -> 6-D | CF5: =CONCATENATE(CF3,"-D") -> 7-D | CG5: =CONCATENATE(CG3,"-D") -> 8-D | ... CI5: =CONCATENATE(CI3,"-D") -> 10-D
A6: 1 | B6: =IF(VLOOKUP(ROUND(CONCATENATE($A6,B$2),0),'Cadastro dos Padrões'!$A$2:$V$921,B$1,FALSE)="","-",VLOOKUP(ROUND(CONCATENATE($A6,B$2),0),'Cadastro dos Padrões'!$A$2:$V$921,B$1,FALSE)) -> E.MS.LQ-003 | C6: =IF(VLOOKUP(ROUND(CONCATENATE($A6,C$2),0),'Cadastro dos Padrões'!$A$2:$V$921,C$1,FALSE)="","-",VLOOKUP(ROUND(CONCATENATE($A6,C$2),0),'Cadastro dos Padrões'!$A$2:$V$921,C$1,FALSE)) -> Balança Eletrônica | D6: =IF(VLOOKUP(ROUND(CONCATENATE($A6,D$2),0),'Cadastro dos Padrões'!$A$2:$V$921,D$1,FALSE)="","-",VLOOKUP(ROUND(CONCATENATE($A6,D$2),0),'Cadastro dos Padrões'!$A$2:$V$921,D$1,FALSE)) -> Elus | E6: =IF(VLOOKUP(ROUND(CONCATENATE($A6,E$2),0),'Cadastro dos Padrões'!$A$2:$V$921,E$1,FALSE)="","-",VLOOKUP(ROUND(CONCATENATE($A6,E$2),0),'Cadastro dos Padrões'!$A$2:$V$921,E$1,FALSE)) -> RBC - CAL 0439 | F6: =IF(VLOOKUP(ROUND(CONCATENATE($A6,F$2),0),'Cadastro dos Padrões'!$A$2:$V$921,F$1,FALSE)="","-",VLOOKUP(ROUND(CONCATENATE($A6,F$2),0),'Cadastro dos Padrões'!$A$2:$V$921,F$1,FALSE)) -> E0011/26 | G6: =IF(VLOOKUP(ROUND(CONCATENATE($A6,G$2),0),'Cadastro dos Padrões'!$A$2:$V$921,G$1,FALSE)="","-",VLOOKUP(ROUND(CONCATENATE($A6,G$2),0),'Cadastro dos Padrões'!$A$2:$V$921,G$1,FALSE)) -> 46031 | H6: =IF(VLOOKUP(ROUND(CONCATENATE($A6,H$2),0),'Cadastro dos Padrões'!$A$2:$V$921,H$1,FALSE)="","-",VLOOKUP(ROUND(CONCATENATE($A6,H$2),0),'Cadastro dos Padrões'!$A$2:$V$921,H$1,FALSE)) -> 46417 | I6: =IF(VLOOKUP(ROUND(CONCATENATE($A6,I$2),0),'Cadastro dos Padrões'!$A$2:$V$921,I$1,FALSE)="","-",VLOOKUP(ROUND(CONCATENATE($A6,I$2),0),'Cadastro dos Padrões'!$A$2:$V$921,I$1,FALSE)) -> g | ... P6: =IF(VLOOKUP(ROUND(CONCATENATE($A6,P$2),0),'Cadastro dos Padrões'!$A$2:$V$921,P$1,FALSE)="","-",VLOOKUP(ROUND(CONCATENATE($A6,P$2),0),'Cadastro dos Padrões'!$A$2:$V$921,P$1,FALSE)) -> 0.004 | Q6: =IF($B6="-","-",VLOOKUP(ROUND(CONCATENATE($A6,Q$2),0),'Cadastro dos Padrões'!$A$2:$V$921,Q$1,FALSE)) -> 0.00083868147 | R6: =IF($B6="-","-",VLOOKUP(ROUND(CONCATENATE($A6,R$2),0),'Cadastro dos Padrões'!$A$2:$V$921,R$1,FALSE)) -> 5 | S6: =IF($B6="-","-",VLOOKUP(ROUND(CONCATENATE($A6,S$2),0),'Cadastro dos Padrões'!$A$2:$V$921,S$1,FALSE)) -> 0 | T6: =IF($B6="-","-",VLOOKUP(ROUND(CONCATENATE($A6,T$2),0),'Cadastro dos Padrões'!$A$2:$V$921,T$1,FALSE)) -> 0 | U6: =IF($B6="-","-",VLOOKUP(ROUND(CONCATENATE($A6,U$2),0),'Cadastro dos Padrões'!$A$2:$V$921,U$1,FALSE)) -> 0 | V6: =IF($B6="-","-",VLOOKUP(ROUND(CONCATENATE($A6,V$2),0),'Cadastro dos Padrões'!$A$2:$V$921,V$1,FALSE)) -> -2.1946624e-17 | W6: =IF($B6="-","-",VLOOKUP(ROUND(CONCATENATE($A6,W$2),0),'Cadastro dos Padrões'!$A$2:$V$921,W$1,FALSE)) -> 1.4356681e-13 | X6: =IF($B6="-","-",VLOOKUP(ROUND(CONCATENATE($A6,X$2),0),'Cadastro dos Padrões'!$A$2:$V$921,X$1,FALSE)) -> -3.2116745e-10 | ... AA6: =IF($B6="-","-",VLOOKUP(ROUND(CONCATENATE($A6,AA$2),0),'Cadastro dos Padrões'!$A$2:$V$921,AA$1,FALSE)) -> 0.00068337238 | AB6: =IF(VLOOKUP(ROUND(CONCATENATE($A6,AB$2),0),'Cadastro dos Padrões'!$A$2:$V$921,AB$1,FALSE)="","-",VLOOKUP(ROUND(CONCATENATE($A6,AB$2),0),'Cadastro dos Padrões'!$A$2:$V$921,AB$1,FALSE)) -> 1 | AC6: =IF(VLOOKUP(ROUND(CONCATENATE($A6,AC$2),0),'Cadastro dos Padrões'!$A$2:$V$921,AC$1,FALSE)="","-",VLOOKUP(ROUND(CONCATENATE($A6,AC$2),0),'Cadastro dos Padrões'!$A$2:$V$921,AC$1,FALSE)) -> 0.02 | AD6: =IF(VLOOKUP(ROUND(CONCATENATE($A6,AD$2),0),'Cadastro dos Padrões'!$A$2:$V$921,AD$1,FALSE)="","-",VLOOKUP(ROUND(CONCATENATE($A6,AD$2),0),'Cadastro dos Padrões'!$A$2:$V$921,AD$1,FALSE)) -> 2 | AE6: =IF(VLOOKUP(ROUND(CONCATENATE($A6,AE$2),0),'Cadastro dos Padrões'!$A$2:$V$921,AE$1,FALSE)="","-",VLOOKUP(ROUND(CONCATENATE($A6,AE$2),0),'Cadastro dos Padrões'!$A$2:$V$921,AE$1,FALSE)) -> 1000000 | AF6: =IF(VLOOKUP(ROUND(CONCATENATE($A6,AF$2),0),'Cadastro dos Padrões'!$A$2:$V$921,AF$1,FALSE)="","-",VLOOKUP(ROUND(CONCATENATE($A6,AF$2),0),'Cadastro dos Padrões'!$A$2:$V$921,AF$1,FALSE)) -> 10 | AG6: =IF(VLOOKUP(ROUND(CONCATENATE($A6,AG$2),0),'Cadastro dos Padrões'!$A$2:$V$921,AG$1,FALSE)="","-",VLOOKUP(ROUND(CONCATENATE($A6,AG$2),0),'Cadastro dos Padrões'!$A$2:$V$921,AG$1,FALSE)) -> 0.02 | AH6: =IF(VLOOKUP(ROUND(CONCATENATE($A6,AH$2),0),'Cadastro dos Padrões'!$A$2:$V$921,AH$1,FALSE)="","-",VLOOKUP(ROUND(CONCATENATE($A6,AH$2),0),'Cadastro dos Padrões'!$A$2:$V$921,AH$1,FALSE)) -> 2 | AI6: =IF(VLOOKUP(ROUND(CONCATENATE($A6,AI$2),0),'Cadastro dos Padrões'!$A$2:$V$921,AI$1,FALSE)="","-",VLOOKUP(ROUND(CONCATENATE($A6,AI$2),0),'Cadastro dos Padrões'!$A$2:$V$921,AI$1,FALSE)) -> 1000000 | ... CI6: =IF(VLOOKUP(ROUND(CONCATENATE($A6,CI$2),0),'Cadastro dos Padrões'!$A$2:$V$921,CI$1,FALSE)="","-",VLOOKUP(ROUND(CONCATENATE($A6,CI$2),0),'Cadastro dos Padrões'!$A$2:$V$921,CI$1,FALSE)) -> 0
A7: 2 | B7: =IF(VLOOKUP(ROUND(CONCATENATE($A7,B$2),0),'Cadastro dos Padrões'!$A$2:$V$921,B$1,FALSE)="","-",VLOOKUP(ROUND(CONCATENATE($A7,B$2),0),'Cadastro dos Padrões'!$A$2:$V$921,B$1,FALSE)) -> E.MS.LV-003 | C7: =IF(VLOOKUP(ROUND(CONCATENATE($A7,C$2),0),'Cadastro dos Padrões'!$A$2:$V$921,C$1,FALSE)="","-",VLOOKUP(ROUND(CONCATENATE($A7,C$2),0),'Cadastro dos Padrões'!$A$2:$V$921,C$1,FALSE)) -> Balança Eletrônica | D7: =IF(VLOOKUP(ROUND(CONCATENATE($A7,D$2),0),'Cadastro dos Padrões'!$A$2:$V$921,D$1,FALSE)="","-",VLOOKUP(ROUND(CONCATENATE($A7,D$2),0),'Cadastro dos Padrões'!$A$2:$V$921,D$1,FALSE)) -> Elus | E7: =IF(VLOOKUP(ROUND(CONCATENATE($A7,E$2),0),'Cadastro dos Padrões'!$A$2:$V$921,E$1,FALSE)="","-",VLOOKUP(ROUND(CONCATENATE($A7,E$2),0),'Cadastro dos Padrões'!$A$2:$V$921,E$1,FALSE)) -> RBC - CAL 0439 | F7: =IF(VLOOKUP(ROUND(CONCATENATE($A7,F$2),0),'Cadastro dos Padrões'!$A$2:$V$921,F$1,FALSE)="","-",VLOOKUP(ROUND(CONCATENATE($A7,F$2),0),'Cadastro dos Padrões'!$A$2:$V$921,F$1,FALSE)) -> E0017/26 | G7: =IF(VLOOKUP(ROUND(CONCATENATE($A7,G$2),0),'Cadastro dos Padrões'!$A$2:$V$921,G$1,FALSE)="","-",VLOOKUP(ROUND(CONCATENATE($A7,G$2),0),'Cadastro dos Padrões'!$A$2:$V$921,G$1,FALSE)) -> 46031 | H7: =IF(VLOOKUP(ROUND(CONCATENATE($A7,H$2),0),'Cadastro dos Padrões'!$A$2:$V$921,H$1,FALSE)="","-",VLOOKUP(ROUND(CONCATENATE($A7,H$2),0),'Cadastro dos Padrões'!$A$2:$V$921,H$1,FALSE)) -> 46417 | I7: =IF(VLOOKUP(ROUND(CONCATENATE($A7,I$2),0),'Cadastro dos Padrões'!$A$2:$V$921,I$1,FALSE)="","-",VLOOKUP(ROUND(CONCATENATE($A7,I$2),0),'Cadastro dos Padrões'!$A$2:$V$921,I$1,FALSE)) -> g | ... P7: =IF(VLOOKUP(ROUND(CONCATENATE($A7,P$2),0),'Cadastro dos Padrões'!$A$2:$V$921,P$1,FALSE)="","-",VLOOKUP(ROUND(CONCATENATE($A7,P$2),0),'Cadastro dos Padrões'!$A$2:$V$921,P$1,FALSE)) -> 0 | Q7: =IF($B7="-","-",VLOOKUP(ROUND(CONCATENATE($A7,Q$2),0),'Cadastro dos Padrões'!$A$2:$V$921,Q$1,FALSE)) -> 2.220446e-16 | R7: =IF($B7="-","-",VLOOKUP(ROUND(CONCATENATE($A7,R$2),0),'Cadastro dos Padrões'!$A$2:$V$921,R$1,FALSE)) -> 5 | S7: =IF($B7="-","-",VLOOKUP(ROUND(CONCATENATE($A7,S$2),0),'Cadastro dos Padrões'!$A$2:$V$921,S$1,FALSE)) -> 0 | T7: =IF($B7="-","-",VLOOKUP(ROUND(CONCATENATE($A7,T$2),0),'Cadastro dos Padrões'!$A$2:$V$921,T$1,FALSE)) -> 0 | U7: =IF($B7="-","-",VLOOKUP(ROUND(CONCATENATE($A7,U$2),0),'Cadastro dos Padrões'!$A$2:$V$921,U$1,FALSE)) -> 0 | V7: =IF($B7="-","-",VLOOKUP(ROUND(CONCATENATE($A7,V$2),0),'Cadastro dos Padrões'!$A$2:$V$921,V$1,FALSE)) -> -8.4933571e-26 | W7: =IF($B7="-","-",VLOOKUP(ROUND(CONCATENATE($A7,W$2),0),'Cadastro dos Padrões'!$A$2:$V$921,W$1,FALSE)) -> 9.1690581e-23 | X7: =IF($B7="-","-",VLOOKUP(ROUND(CONCATENATE($A7,X$2),0),'Cadastro dos Padrões'!$A$2:$V$921,X$1,FALSE)) -> -3.2533344e-20 | ... AA7: =IF($B7="-","-",VLOOKUP(ROUND(CONCATENATE($A7,AA$2),0),'Cadastro dos Padrões'!$A$2:$V$921,AA$1,FALSE)) -> -1.1641815e-14 | AB7: =IF(VLOOKUP(ROUND(CONCATENATE($A7,AB$2),0),'Cadastro dos Padrões'!$A$2:$V$921,AB$1,FALSE)="","-",VLOOKUP(ROUND(CONCATENATE($A7,AB$2),0),'Cadastro dos Padrões'!$A$2:$V$921,AB$1,FALSE)) -> 0 | AC7: =IF(VLOOKUP(ROUND(CONCATENATE($A7,AC$2),0),'Cadastro dos Padrões'!$A$2:$V$921,AC$1,FALSE)="","-",VLOOKUP(ROUND(CONCATENATE($A7,AC$2),0),'Cadastro dos Padrões'!$A$2:$V$921,AC$1,FALSE)) -> 0.2 | AD7: =IF(VLOOKUP(ROUND(CONCATENATE($A7,AD$2),0),'Cadastro dos Padrões'!$A$2:$V$921,AD$1,FALSE)="","-",VLOOKUP(ROUND(CONCATENATE($A7,AD$2),0),'Cadastro dos Padrões'!$A$2:$V$921,AD$1,FALSE)) -> 2 | AE7: =IF(VLOOKUP(ROUND(CONCATENATE($A7,AE$2),0),'Cadastro dos Padrões'!$A$2:$V$921,AE$1,FALSE)="","-",VLOOKUP(ROUND(CONCATENATE($A7,AE$2),0),'Cadastro dos Padrões'!$A$2:$V$921,AE$1,FALSE)) -> 1000000 | AF7: =IF(VLOOKUP(ROUND(CONCATENATE($A7,AF$2),0),'Cadastro dos Padrões'!$A$2:$V$921,AF$1,FALSE)="","-",VLOOKUP(ROUND(CONCATENATE($A7,AF$2),0),'Cadastro dos Padrões'!$A$2:$V$921,AF$1,FALSE)) -> 0.2 | AG7: =IF(VLOOKUP(ROUND(CONCATENATE($A7,AG$2),0),'Cadastro dos Padrões'!$A$2:$V$921,AG$1,FALSE)="","-",VLOOKUP(ROUND(CONCATENATE($A7,AG$2),0),'Cadastro dos Padrões'!$A$2:$V$921,AG$1,FALSE)) -> 0.2 | AH7: =IF(VLOOKUP(ROUND(CONCATENATE($A7,AH$2),0),'Cadastro dos Padrões'!$A$2:$V$921,AH$1,FALSE)="","-",VLOOKUP(ROUND(CONCATENATE($A7,AH$2),0),'Cadastro dos Padrões'!$A$2:$V$921,AH$1,FALSE)) -> 2 | AI7: =IF(VLOOKUP(ROUND(CONCATENATE($A7,AI$2),0),'Cadastro dos Padrões'!$A$2:$V$921,AI$1,FALSE)="","-",VLOOKUP(ROUND(CONCATENATE($A7,AI$2),0),'Cadastro dos Padrões'!$A$2:$V$921,AI$1,FALSE)) -> 1000000 | ... CI7: =IF(VLOOKUP(ROUND(CONCATENATE($A7,CI$2),0),'Cadastro dos Padrões'!$A$2:$V$921,CI$1,FALSE)="","-",VLOOKUP(ROUND(CONCATENATE($A7,CI$2),0),'Cadastro dos Padrões'!$A$2:$V$921,CI$1,FALSE)) -> 0
A8: 3 | B8: =IF(VLOOKUP(ROUND(CONCATENATE($A8,B$2),0),'Cadastro dos Padrões'!$A$2:$V$921,B$1,FALSE)="","-",VLOOKUP(ROUND(CONCATENATE($A8,B$2),0),'Cadastro dos Padrões'!$A$2:$V$921,B$1,FALSE)) -> E.MS.LV-002 | C8: =IF(VLOOKUP(ROUND(CONCATENATE($A8,C$2),0),'Cadastro dos Padrões'!$A$2:$V$921,C$1,FALSE)="","-",VLOOKUP(ROUND(CONCATENATE($A8,C$2),0),'Cadastro dos Padrões'!$A$2:$V$921,C$1,FALSE)) -> Balança Eletrônica | D8: =IF(VLOOKUP(ROUND(CONCATENATE($A8,D$2),0),'Cadastro dos Padrões'!$A$2:$V$921,D$1,FALSE)="","-",VLOOKUP(ROUND(CONCATENATE($A8,D$2),0),'Cadastro dos Padrões'!$A$2:$V$921,D$1,FALSE)) -> Elus | E8: =IF(VLOOKUP(ROUND(CONCATENATE($A8,E$2),0),'Cadastro dos Padrões'!$A$2:$V$921,E$1,FALSE)="","-",VLOOKUP(ROUND(CONCATENATE($A8,E$2),0),'Cadastro dos Padrões'!$A$2:$V$921,E$1,FALSE)) -> RBC - CAL 0439 | F8: =IF(VLOOKUP(ROUND(CONCATENATE($A8,F$2),0),'Cadastro dos Padrões'!$A$2:$V$921,F$1,FALSE)="","-",VLOOKUP(ROUND(CONCATENATE($A8,F$2),0),'Cadastro dos Padrões'!$A$2:$V$921,F$1,FALSE)) -> E0016/26 | G8: =IF(VLOOKUP(ROUND(CONCATENATE($A8,G$2),0),'Cadastro dos Padrões'!$A$2:$V$921,G$1,FALSE)="","-",VLOOKUP(ROUND(CONCATENATE($A8,G$2),0),'Cadastro dos Padrões'!$A$2:$V$921,G$1,FALSE)) -> 46031 | H8: =IF(VLOOKUP(ROUND(CONCATENATE($A8,H$2),0),'Cadastro dos Padrões'!$A$2:$V$921,H$1,FALSE)="","-",VLOOKUP(ROUND(CONCATENATE($A8,H$2),0),'Cadastro dos Padrões'!$A$2:$V$921,H$1,FALSE)) -> 46417 | I8: =IF(VLOOKUP(ROUND(CONCATENATE($A8,I$2),0),'Cadastro dos Padrões'!$A$2:$V$921,I$1,FALSE)="","-",VLOOKUP(ROUND(CONCATENATE($A8,I$2),0),'Cadastro dos Padrões'!$A$2:$V$921,I$1,FALSE)) -> kg | ... P8: =IF(VLOOKUP(ROUND(CONCATENATE($A8,P$2),0),'Cadastro dos Padrões'!$A$2:$V$921,P$1,FALSE)="","-",VLOOKUP(ROUND(CONCATENATE($A8,P$2),0),'Cadastro dos Padrões'!$A$2:$V$921,P$1,FALSE)) -> 0.000625 | Q8: =IF($B8="-","-",VLOOKUP(ROUND(CONCATENATE($A8,Q$2),0),'Cadastro dos Padrões'!$A$2:$V$921,Q$1,FALSE)) -> 0.00012310936 | R8: =IF($B8="-","-",VLOOKUP(ROUND(CONCATENATE($A8,R$2),0),'Cadastro dos Padrões'!$A$2:$V$921,R$1,FALSE)) -> 3 | S8: =IF($B8="-","-",VLOOKUP(ROUND(CONCATENATE($A8,S$2),0),'Cadastro dos Padrões'!$A$2:$V$921,S$1,FALSE)) -> 0 | T8: =IF($B8="-","-",VLOOKUP(ROUND(CONCATENATE($A8,T$2),0),'Cadastro dos Padrões'!$A$2:$V$921,T$1,FALSE)) -> 0 | U8: =IF($B8="-","-",VLOOKUP(ROUND(CONCATENATE($A8,U$2),0),'Cadastro dos Padrões'!$A$2:$V$921,U$1,FALSE)) -> 0 | V8: =IF($B8="-","-",VLOOKUP(ROUND(CONCATENATE($A8,V$2),0),'Cadastro dos Padrões'!$A$2:$V$921,V$1,FALSE)) -> 0 | W8: =IF($B8="-","-",VLOOKUP(ROUND(CONCATENATE($A8,W$2),0),'Cadastro dos Padrões'!$A$2:$V$921,W$1,FALSE)) -> 0 | X8: =IF($B8="-","-",VLOOKUP(ROUND(CONCATENATE($A8,X$2),0),'Cadastro dos Padrões'!$A$2:$V$921,X$1,FALSE)) -> 2.0540732e-11 | ... AA8: =IF($B8="-","-",VLOOKUP(ROUND(CONCATENATE($A8,AA$2),0),'Cadastro dos Padrões'!$A$2:$V$921,AA$1,FALSE)) -> -0.00015767507 | AB8: =IF(VLOOKUP(ROUND(CONCATENATE($A8,AB$2),0),'Cadastro dos Padrões'!$A$2:$V$921,AB$1,FALSE)="","-",VLOOKUP(ROUND(CONCATENATE($A8,AB$2),0),'Cadastro dos Padrões'!$A$2:$V$921,AB$1,FALSE)) -> 10 | AC8: =IF(VLOOKUP(ROUND(CONCATENATE($A8,AC$2),0),'Cadastro dos Padrões'!$A$2:$V$921,AC$1,FALSE)="","-",VLOOKUP(ROUND(CONCATENATE($A8,AC$2),0),'Cadastro dos Padrões'!$A$2:$V$921,AC$1,FALSE)) -> 0.002 | AD8: =IF(VLOOKUP(ROUND(CONCATENATE($A8,AD$2),0),'Cadastro dos Padrões'!$A$2:$V$921,AD$1,FALSE)="","-",VLOOKUP(ROUND(CONCATENATE($A8,AD$2),0),'Cadastro dos Padrões'!$A$2:$V$921,AD$1,FALSE)) -> 2 | AE8: =IF(VLOOKUP(ROUND(CONCATENATE($A8,AE$2),0),'Cadastro dos Padrões'!$A$2:$V$921,AE$1,FALSE)="","-",VLOOKUP(ROUND(CONCATENATE($A8,AE$2),0),'Cadastro dos Padrões'!$A$2:$V$921,AE$1,FALSE)) -> 1000000 | AF8: =IF(VLOOKUP(ROUND(CONCATENATE($A8,AF$2),0),'Cadastro dos Padrões'!$A$2:$V$921,AF$1,FALSE)="","-",VLOOKUP(ROUND(CONCATENATE($A8,AF$2),0),'Cadastro dos Padrões'!$A$2:$V$921,AF$1,FALSE)) -> 30 | AG8: =IF(VLOOKUP(ROUND(CONCATENATE($A8,AG$2),0),'Cadastro dos Padrões'!$A$2:$V$921,AG$1,FALSE)="","-",VLOOKUP(ROUND(CONCATENATE($A8,AG$2),0),'Cadastro dos Padrões'!$A$2:$V$921,AG$1,FALSE)) -> 0.002 | AH8: =IF(VLOOKUP(ROUND(CONCATENATE($A8,AH$2),0),'Cadastro dos Padrões'!$A$2:$V$921,AH$1,FALSE)="","-",VLOOKUP(ROUND(CONCATENATE($A8,AH$2),0),'Cadastro dos Padrões'!$A$2:$V$921,AH$1,FALSE)) -> 2 | AI8: =IF(VLOOKUP(ROUND(CONCATENATE($A8,AI$2),0),'Cadastro dos Padrões'!$A$2:$V$921,AI$1,FALSE)="","-",VLOOKUP(ROUND(CONCATENATE($A8,AI$2),0),'Cadastro dos Padrões'!$A$2:$V$921,AI$1,FALSE)) -> 1000000 | ... CI8: =IF(VLOOKUP(ROUND(CONCATENATE($A8,CI$2),0),'Cadastro dos Padrões'!$A$2:$V$921,CI$1,FALSE)="","-",VLOOKUP(ROUND(CONCATENATE($A8,CI$2),0),'Cadastro dos Padrões'!$A$2:$V$921,CI$1,FALSE)) -> 0
A9: 4 | B9: =IF(VLOOKUP(ROUND(CONCATENATE($A9,B$2),0),'Cadastro dos Padrões'!$A$2:$V$921,B$1,FALSE)="","-",VLOOKUP(ROUND(CONCATENATE($A9,B$2),0),'Cadastro dos Padrões'!$A$2:$V$921,B$1,FALSE)) -> E.MS.PMR-002 | C9: =IF(VLOOKUP(ROUND(CONCATENATE($A9,C$2),0),'Cadastro dos Padrões'!$A$2:$V$921,C$1,FALSE)="","-",VLOOKUP(ROUND(CONCATENATE($A9,C$2),0),'Cadastro dos Padrões'!$A$2:$V$921,C$1,FALSE)) -> Balança Eletrônica | D9: =IF(VLOOKUP(ROUND(CONCATENATE($A9,D$2),0),'Cadastro dos Padrões'!$A$2:$V$921,D$1,FALSE)="","-",VLOOKUP(ROUND(CONCATENATE($A9,D$2),0),'Cadastro dos Padrões'!$A$2:$V$921,D$1,FALSE)) -> Elus | E9: =IF(VLOOKUP(ROUND(CONCATENATE($A9,E$2),0),'Cadastro dos Padrões'!$A$2:$V$921,E$1,FALSE)="","-",VLOOKUP(ROUND(CONCATENATE($A9,E$2),0),'Cadastro dos Padrões'!$A$2:$V$921,E$1,FALSE)) -> RBC - CAL 0439 | F9: =IF(VLOOKUP(ROUND(CONCATENATE($A9,F$2),0),'Cadastro dos Padrões'!$A$2:$V$921,F$1,FALSE)="","-",VLOOKUP(ROUND(CONCATENATE($A9,F$2),0),'Cadastro dos Padrões'!$A$2:$V$921,F$1,FALSE)) -> E0019/26 | G9: =IF(VLOOKUP(ROUND(CONCATENATE($A9,G$2),0),'Cadastro dos Padrões'!$A$2:$V$921,G$1,FALSE)="","-",VLOOKUP(ROUND(CONCATENATE($A9,G$2),0),'Cadastro dos Padrões'!$A$2:$V$921,G$1,FALSE)) -> 46031 | H9: =IF(VLOOKUP(ROUND(CONCATENATE($A9,H$2),0),'Cadastro dos Padrões'!$A$2:$V$921,H$1,FALSE)="","-",VLOOKUP(ROUND(CONCATENATE($A9,H$2),0),'Cadastro dos Padrões'!$A$2:$V$921,H$1,FALSE)) -> 46417 | I9: =IF(VLOOKUP(ROUND(CONCATENATE($A9,I$2),0),'Cadastro dos Padrões'!$A$2:$V$921,I$1,FALSE)="","-",VLOOKUP(ROUND(CONCATENATE($A9,I$2),0),'Cadastro dos Padrões'!$A$2:$V$921,I$1,FALSE)) -> g | ... P9: =IF(VLOOKUP(ROUND(CONCATENATE($A9,P$2),0),'Cadastro dos Padrões'!$A$2:$V$921,P$1,FALSE)="","-",VLOOKUP(ROUND(CONCATENATE($A9,P$2),0),'Cadastro dos Padrões'!$A$2:$V$921,P$1,FALSE)) -> 0.001 | Q9: =IF($B9="-","-",VLOOKUP(ROUND(CONCATENATE($A9,Q$2),0),'Cadastro dos Padrões'!$A$2:$V$921,Q$1,FALSE)) -> 0.016848098 | R9: =IF($B9="-","-",VLOOKUP(ROUND(CONCATENATE($A9,R$2),0),'Cadastro dos Padrões'!$A$2:$V$921,R$1,FALSE)) -> 5 | S9: =IF($B9="-","-",VLOOKUP(ROUND(CONCATENATE($A9,S$2),0),'Cadastro dos Padrões'!$A$2:$V$921,S$1,FALSE)) -> 0 | T9: =IF($B9="-","-",VLOOKUP(ROUND(CONCATENATE($A9,T$2),0),'Cadastro dos Padrões'!$A$2:$V$921,T$1,FALSE)) -> 0 | U9: =IF($B9="-","-",VLOOKUP(ROUND(CONCATENATE($A9,U$2),0),'Cadastro dos Padrões'!$A$2:$V$921,U$1,FALSE)) -> 0 | V9: =IF($B9="-","-",VLOOKUP(ROUND(CONCATENATE($A9,V$2),0),'Cadastro dos Padrões'!$A$2:$V$921,V$1,FALSE)) -> -7.2974852e-23 | W9: =IF($B9="-","-",VLOOKUP(ROUND(CONCATENATE($A9,W$2),0),'Cadastro dos Padrões'!$A$2:$V$921,W$1,FALSE)) -> 6.6650732e-18 | X9: =IF($B9="-","-",VLOOKUP(ROUND(CONCATENATE($A9,X$2),0),'Cadastro dos Padrões'!$A$2:$V$921,X$1,FALSE)) -> -2.5448841e-13 | ... AA9: =IF($B9="-","-",VLOOKUP(ROUND(CONCATENATE($A9,AA$2),0),'Cadastro dos Padrões'!$A$2:$V$921,AA$1,FALSE)) -> 0.0097308651 | AB9: =IF(VLOOKUP(ROUND(CONCATENATE($A9,AB$2),0),'Cadastro dos Padrões'!$A$2:$V$921,AB$1,FALSE)="","-",VLOOKUP(ROUND(CONCATENATE($A9,AB$2),0),'Cadastro dos Padrões'!$A$2:$V$921,AB$1,FALSE)) -> 20 | AC9: =IF(VLOOKUP(ROUND(CONCATENATE($A9,AC$2),0),'Cadastro dos Padrões'!$A$2:$V$921,AC$1,FALSE)="","-",VLOOKUP(ROUND(CONCATENATE($A9,AC$2),0),'Cadastro dos Padrões'!$A$2:$V$921,AC$1,FALSE)) -> 0.2 | AD9: =IF(VLOOKUP(ROUND(CONCATENATE($A9,AD$2),0),'Cadastro dos Padrões'!$A$2:$V$921,AD$1,FALSE)="","-",VLOOKUP(ROUND(CONCATENATE($A9,AD$2),0),'Cadastro dos Padrões'!$A$2:$V$921,AD$1,FALSE)) -> 2 | AE9: =IF(VLOOKUP(ROUND(CONCATENATE($A9,AE$2),0),'Cadastro dos Padrões'!$A$2:$V$921,AE$1,FALSE)="","-",VLOOKUP(ROUND(CONCATENATE($A9,AE$2),0),'Cadastro dos Padrões'!$A$2:$V$921,AE$1,FALSE)) -> 1000000 | AF9: =IF(VLOOKUP(ROUND(CONCATENATE($A9,AF$2),0),'Cadastro dos Padrões'!$A$2:$V$921,AF$1,FALSE)="","-",VLOOKUP(ROUND(CONCATENATE($A9,AF$2),0),'Cadastro dos Padrões'!$A$2:$V$921,AF$1,FALSE)) -> 600 | AG9: =IF(VLOOKUP(ROUND(CONCATENATE($A9,AG$2),0),'Cadastro dos Padrões'!$A$2:$V$921,AG$1,FALSE)="","-",VLOOKUP(ROUND(CONCATENATE($A9,AG$2),0),'Cadastro dos Padrões'!$A$2:$V$921,AG$1,FALSE)) -> 0.2 | AH9: =IF(VLOOKUP(ROUND(CONCATENATE($A9,AH$2),0),'Cadastro dos Padrões'!$A$2:$V$921,AH$1,FALSE)="","-",VLOOKUP(ROUND(CONCATENATE($A9,AH$2),0),'Cadastro dos Padrões'!$A$2:$V$921,AH$1,FALSE)) -> 2 | AI9: =IF(VLOOKUP(ROUND(CONCATENATE($A9,AI$2),0),'Cadastro dos Padrões'!$A$2:$V$921,AI$1,FALSE)="","-",VLOOKUP(ROUND(CONCATENATE($A9,AI$2),0),'Cadastro dos Padrões'!$A$2:$V$921,AI$1,FALSE)) -> 1000000 | ... CI9: =IF(VLOOKUP(ROUND(CONCATENATE($A9,CI$2),0),'Cadastro dos Padrões'!$A$2:$V$921,CI$1,FALSE)="","-",VLOOKUP(ROUND(CONCATENATE($A9,CI$2),0),'Cadastro dos Padrões'!$A$2:$V$921,CI$1,FALSE)) -> 0
A10: 5 | B10: =IF(VLOOKUP(ROUND(CONCATENATE($A10,B$2),0),'Cadastro dos Padrões'!$A$2:$V$921,B$1,FALSE)="","-",VLOOKUP(ROUND(CONCATENATE($A10,B$2),0),'Cadastro dos Padrões'!$A$2:$V$921,B$1,FALSE)) -> E.MS.LV-001 | C10: =IF(VLOOKUP(ROUND(CONCATENATE($A10,C$2),0),'Cadastro dos Padrões'!$A$2:$V$921,C$1,FALSE)="","-",VLOOKUP(ROUND(CONCATENATE($A10,C$2),0),'Cadastro dos Padrões'!$A$2:$V$921,C$1,FALSE)) -> Balança Eletrônica | D10: =IF(VLOOKUP(ROUND(CONCATENATE($A10,D$2),0),'Cadastro dos Padrões'!$A$2:$V$921,D$1,FALSE)="","-",VLOOKUP(ROUND(CONCATENATE($A10,D$2),0),'Cadastro dos Padrões'!$A$2:$V$921,D$1,FALSE)) -> Metrolab | E10: =IF(VLOOKUP(ROUND(CONCATENATE($A10,E$2),0),'Cadastro dos Padrões'!$A$2:$V$921,E$1,FALSE)="","-",VLOOKUP(ROUND(CONCATENATE($A10,E$2),0),'Cadastro dos Padrões'!$A$2:$V$921,E$1,FALSE)) -> RBC - CAL 0215 | F10: =IF(VLOOKUP(ROUND(CONCATENATE($A10,F$2),0),'Cadastro dos Padrões'!$A$2:$V$921,F$1,FALSE)="","-",VLOOKUP(ROUND(CONCATENATE($A10,F$2),0),'Cadastro dos Padrões'!$A$2:$V$921,F$1,FALSE)) -> M0075/25 | G10: =IF(VLOOKUP(ROUND(CONCATENATE($A10,G$2),0),'Cadastro dos Padrões'!$A$2:$V$921,G$1,FALSE)="","-",VLOOKUP(ROUND(CONCATENATE($A10,G$2),0),'Cadastro dos Padrões'!$A$2:$V$921,G$1,FALSE)) -> 45876 | H10: =IF(VLOOKUP(ROUND(CONCATENATE($A10,H$2),0),'Cadastro dos Padrões'!$A$2:$V$921,H$1,FALSE)="","-",VLOOKUP(ROUND(CONCATENATE($A10,H$2),0),'Cadastro dos Padrões'!$A$2:$V$921,H$1,FALSE)) -> 46264 | I10: =IF(VLOOKUP(ROUND(CONCATENATE($A10,I$2),0),'Cadastro dos Padrões'!$A$2:$V$921,I$1,FALSE)="","-",VLOOKUP(ROUND(CONCATENATE($A10,I$2),0),'Cadastro dos Padrões'!$A$2:$V$921,I$1,FALSE)) -> kg | ... P10: =IF(VLOOKUP(ROUND(CONCATENATE($A10,P$2),0),'Cadastro dos Padrões'!$A$2:$V$921,P$1,FALSE)="","-",VLOOKUP(ROUND(CONCATENATE($A10,P$2),0),'Cadastro dos Padrões'!$A$2:$V$921,P$1,FALSE)) -> 0 | Q10: =IF($B10="-","-",VLOOKUP(ROUND(CONCATENATE($A10,Q$2),0),'Cadastro dos Padrões'!$A$2:$V$921,Q$1,FALSE)) -> 3.5527137e-15 | R10: =IF($B10="-","-",VLOOKUP(ROUND(CONCATENATE($A10,R$2),0),'Cadastro dos Padrões'!$A$2:$V$921,R$1,FALSE)) -> 5 | S10: =IF($B10="-","-",VLOOKUP(ROUND(CONCATENATE($A10,S$2),0),'Cadastro dos Padrões'!$A$2:$V$921,S$1,FALSE)) -> 0 | T10: =IF($B10="-","-",VLOOKUP(ROUND(CONCATENATE($A10,T$2),0),'Cadastro dos Padrões'!$A$2:$V$921,T$1,FALSE)) -> 0 | U10: =IF($B10="-","-",VLOOKUP(ROUND(CONCATENATE($A10,U$2),0),'Cadastro dos Padrões'!$A$2:$V$921,U$1,FALSE)) -> 0 | V10: =IF($B10="-","-",VLOOKUP(ROUND(CONCATENATE($A10,V$2),0),'Cadastro dos Padrões'!$A$2:$V$921,V$1,FALSE)) -> -2.890859e-28 | W10: =IF($B10="-","-",VLOOKUP(ROUND(CONCATENATE($A10,W$2),0),'Cadastro dos Padrões'!$A$2:$V$921,W$1,FALSE)) -> 1.4493146e-24 | X10: =IF($B10="-","-",VLOOKUP(ROUND(CONCATENATE($A10,X$2),0),'Cadastro dos Padrões'!$A$2:$V$921,X$1,FALSE)) -> -2.6811992e-21 | ... AA10: =IF($B10="-","-",VLOOKUP(ROUND(CONCATENATE($A10,AA$2),0),'Cadastro dos Padrões'!$A$2:$V$921,AA$1,FALSE)) -> 3.7971165e-14 | AB10: =IF(VLOOKUP(ROUND(CONCATENATE($A10,AB$2),0),'Cadastro dos Padrões'!$A$2:$V$921,AB$1,FALSE)="","-",VLOOKUP(ROUND(CONCATENATE($A10,AB$2),0),'Cadastro dos Padrões'!$A$2:$V$921,AB$1,FALSE)) -> 2 | AC10: =IF(VLOOKUP(ROUND(CONCATENATE($A10,AC$2),0),'Cadastro dos Padrões'!$A$2:$V$921,AC$1,FALSE)="","-",VLOOKUP(ROUND(CONCATENATE($A10,AC$2),0),'Cadastro dos Padrões'!$A$2:$V$921,AC$1,FALSE)) -> 0.1 | AD10: =IF(VLOOKUP(ROUND(CONCATENATE($A10,AD$2),0),'Cadastro dos Padrões'!$A$2:$V$921,AD$1,FALSE)="","-",VLOOKUP(ROUND(CONCATENATE($A10,AD$2),0),'Cadastro dos Padrões'!$A$2:$V$921,AD$1,FALSE)) -> 2 | AE10: =IF(VLOOKUP(ROUND(CONCATENATE($A10,AE$2),0),'Cadastro dos Padrões'!$A$2:$V$921,AE$1,FALSE)="","-",VLOOKUP(ROUND(CONCATENATE($A10,AE$2),0),'Cadastro dos Padrões'!$A$2:$V$921,AE$1,FALSE)) -> 1000000 | AF10: =IF(VLOOKUP(ROUND(CONCATENATE($A10,AF$2),0),'Cadastro dos Padrões'!$A$2:$V$921,AF$1,FALSE)="","-",VLOOKUP(ROUND(CONCATENATE($A10,AF$2),0),'Cadastro dos Padrões'!$A$2:$V$921,AF$1,FALSE)) -> 10 | AG10: =IF(VLOOKUP(ROUND(CONCATENATE($A10,AG$2),0),'Cadastro dos Padrões'!$A$2:$V$921,AG$1,FALSE)="","-",VLOOKUP(ROUND(CONCATENATE($A10,AG$2),0),'Cadastro dos Padrões'!$A$2:$V$921,AG$1,FALSE)) -> 0.1 | AH10: =IF(VLOOKUP(ROUND(CONCATENATE($A10,AH$2),0),'Cadastro dos Padrões'!$A$2:$V$921,AH$1,FALSE)="","-",VLOOKUP(ROUND(CONCATENATE($A10,AH$2),0),'Cadastro dos Padrões'!$A$2:$V$921,AH$1,FALSE)) -> 2 | AI10: =IF(VLOOKUP(ROUND(CONCATENATE($A10,AI$2),0),'Cadastro dos Padrões'!$A$2:$V$921,AI$1,FALSE)="","-",VLOOKUP(ROUND(CONCATENATE($A10,AI$2),0),'Cadastro dos Padrões'!$A$2:$V$921,AI$1,FALSE)) -> 1000000 | ... CI10: =IF(VLOOKUP(ROUND(CONCATENATE($A10,CI$2),0),'Cadastro dos Padrões'!$A$2:$V$921,CI$1,FALSE)="","-",VLOOKUP(ROUND(CONCATENATE($A10,CI$2),0),'Cadastro dos Padrões'!$A$2:$V$921,CI$1,FALSE)) -> 0
A11: 6 | B11: =IF(VLOOKUP(ROUND(CONCATENATE($A11,B$2),0),'Cadastro dos Padrões'!$A$2:$V$921,B$1,FALSE)="","-",VLOOKUP(ROUND(CONCATENATE($A11,B$2),0),'Cadastro dos Padrões'!$A$2:$V$921,B$1,FALSE)) -> E.MS.LQ-004 | C11: =IF(VLOOKUP(ROUND(CONCATENATE($A11,C$2),0),'Cadastro dos Padrões'!$A$2:$V$921,C$1,FALSE)="","-",VLOOKUP(ROUND(CONCATENATE($A11,C$2),0),'Cadastro dos Padrões'!$A$2:$V$921,C$1,FALSE)) -> Balança Analítica | D11: =IF(VLOOKUP(ROUND(CONCATENATE($A11,D$2),0),'Cadastro dos Padrões'!$A$2:$V$921,D$1,FALSE)="","-",VLOOKUP(ROUND(CONCATENATE($A11,D$2),0),'Cadastro dos Padrões'!$A$2:$V$921,D$1,FALSE)) -> Elus | E11: =IF(VLOOKUP(ROUND(CONCATENATE($A11,E$2),0),'Cadastro dos Padrões'!$A$2:$V$921,E$1,FALSE)="","-",VLOOKUP(ROUND(CONCATENATE($A11,E$2),0),'Cadastro dos Padrões'!$A$2:$V$921,E$1,FALSE)) -> RBC - CAL 0439 | F11: =IF(VLOOKUP(ROUND(CONCATENATE($A11,F$2),0),'Cadastro dos Padrões'!$A$2:$V$921,F$1,FALSE)="","-",VLOOKUP(ROUND(CONCATENATE($A11,F$2),0),'Cadastro dos Padrões'!$A$2:$V$921,F$1,FALSE)) -> E0012/26 | G11: =IF(VLOOKUP(ROUND(CONCATENATE($A11,G$2),0),'Cadastro dos Padrões'!$A$2:$V$921,G$1,FALSE)="","-",VLOOKUP(ROUND(CONCATENATE($A11,G$2),0),'Cadastro dos Padrões'!$A$2:$V$921,G$1,FALSE)) -> 46031 | H11: =IF(VLOOKUP(ROUND(CONCATENATE($A11,H$2),0),'Cadastro dos Padrões'!$A$2:$V$921,H$1,FALSE)="","-",VLOOKUP(ROUND(CONCATENATE($A11,H$2),0),'Cadastro dos Padrões'!$A$2:$V$921,H$1,FALSE)) -> 46417 | I11: =IF(VLOOKUP(ROUND(CONCATENATE($A11,I$2),0),'Cadastro dos Padrões'!$A$2:$V$921,I$1,FALSE)="","-",VLOOKUP(ROUND(CONCATENATE($A11,I$2),0),'Cadastro dos Padrões'!$A$2:$V$921,I$1,FALSE)) -> g | ... P11: =IF(VLOOKUP(ROUND(CONCATENATE($A11,P$2),0),'Cadastro dos Padrões'!$A$2:$V$921,P$1,FALSE)="","-",VLOOKUP(ROUND(CONCATENATE($A11,P$2),0),'Cadastro dos Padrões'!$A$2:$V$921,P$1,FALSE)) -> 0.00014285714 | Q11: =IF($B11="-","-",VLOOKUP(ROUND(CONCATENATE($A11,Q$2),0),'Cadastro dos Padrões'!$A$2:$V$921,Q$1,FALSE)) -> 3.1373604e-09 | R11: =IF($B11="-","-",VLOOKUP(ROUND(CONCATENATE($A11,R$2),0),'Cadastro dos Padrões'!$A$2:$V$921,R$1,FALSE)) -> 5 | S11: =IF($B11="-","-",VLOOKUP(ROUND(CONCATENATE($A11,S$2),0),'Cadastro dos Padrões'!$A$2:$V$921,S$1,FALSE)) -> 0 | T11: =IF($B11="-","-",VLOOKUP(ROUND(CONCATENATE($A11,T$2),0),'Cadastro dos Padrões'!$A$2:$V$921,T$1,FALSE)) -> 0 | U11: =IF($B11="-","-",VLOOKUP(ROUND(CONCATENATE($A11,U$2),0),'Cadastro dos Padrões'!$A$2:$V$921,U$1,FALSE)) -> 0 | V11: =IF($B11="-","-",VLOOKUP(ROUND(CONCATENATE($A11,V$2),0),'Cadastro dos Padrões'!$A$2:$V$921,V$1,FALSE)) -> -1.37531e-13 | W11: =IF($B11="-","-",VLOOKUP(ROUND(CONCATENATE($A11,W$2),0),'Cadastro dos Padrões'!$A$2:$V$921,W$1,FALSE)) -> 4.2669813e-11 | X11: =IF($B11="-","-",VLOOKUP(ROUND(CONCATENATE($A11,X$2),0),'Cadastro dos Padrões'!$A$2:$V$921,X$1,FALSE)) -> -3.2004748e-09 | ... AA11: =IF($B11="-","-",VLOOKUP(ROUND(CONCATENATE($A11,AA$2),0),'Cadastro dos Padrões'!$A$2:$V$921,AA$1,FALSE)) -> 7.1363804e-09 | AB11: =IF(VLOOKUP(ROUND(CONCATENATE($A11,AB$2),0),'Cadastro dos Padrões'!$A$2:$V$921,AB$1,FALSE)="","-",VLOOKUP(ROUND(CONCATENATE($A11,AB$2),0),'Cadastro dos Padrões'!$A$2:$V$921,AB$1,FALSE)) -> 0.2 | AC11: =IF(VLOOKUP(ROUND(CONCATENATE($A11,AC$2),0),'Cadastro dos Padrões'!$A$2:$V$921,AC$1,FALSE)="","-",VLOOKUP(ROUND(CONCATENATE($A11,AC$2),0),'Cadastro dos Padrões'!$A$2:$V$921,AC$1,FALSE)) -> 0.0002 | AD11: =IF(VLOOKUP(ROUND(CONCATENATE($A11,AD$2),0),'Cadastro dos Padrões'!$A$2:$V$921,AD$1,FALSE)="","-",VLOOKUP(ROUND(CONCATENATE($A11,AD$2),0),'Cadastro dos Padrões'!$A$2:$V$921,AD$1,FALSE)) -> 2 | AE11: =IF(VLOOKUP(ROUND(CONCATENATE($A11,AE$2),0),'Cadastro dos Padrões'!$A$2:$V$921,AE$1,FALSE)="","-",VLOOKUP(ROUND(CONCATENATE($A11,AE$2),0),'Cadastro dos Padrões'!$A$2:$V$921,AE$1,FALSE)) -> 1000000 | AF11: =IF(VLOOKUP(ROUND(CONCATENATE($A11,AF$2),0),'Cadastro dos Padrões'!$A$2:$V$921,AF$1,FALSE)="","-",VLOOKUP(ROUND(CONCATENATE($A11,AF$2),0),'Cadastro dos Padrões'!$A$2:$V$921,AF$1,FALSE)) -> 0.5 | AG11: =IF(VLOOKUP(ROUND(CONCATENATE($A11,AG$2),0),'Cadastro dos Padrões'!$A$2:$V$921,AG$1,FALSE)="","-",VLOOKUP(ROUND(CONCATENATE($A11,AG$2),0),'Cadastro dos Padrões'!$A$2:$V$921,AG$1,FALSE)) -> 0.0002 | AH11: =IF(VLOOKUP(ROUND(CONCATENATE($A11,AH$2),0),'Cadastro dos Padrões'!$A$2:$V$921,AH$1,FALSE)="","-",VLOOKUP(ROUND(CONCATENATE($A11,AH$2),0),'Cadastro dos Padrões'!$A$2:$V$921,AH$1,FALSE)) -> 2 | AI11: =IF(VLOOKUP(ROUND(CONCATENATE($A11,AI$2),0),'Cadastro dos Padrões'!$A$2:$V$921,AI$1,FALSE)="","-",VLOOKUP(ROUND(CONCATENATE($A11,AI$2),0),'Cadastro dos Padrões'!$A$2:$V$921,AI$1,FALSE)) -> 1000000 | ... CI11: =IF(VLOOKUP(ROUND(CONCATENATE($A11,CI$2),0),'Cadastro dos Padrões'!$A$2:$V$921,CI$1,FALSE)="","-",VLOOKUP(ROUND(CONCATENATE($A11,CI$2),0),'Cadastro dos Padrões'!$A$2:$V$921,CI$1,FALSE)) -> 0
A12: 7 | B12: =IF(VLOOKUP(ROUND(CONCATENATE($A12,B$2),0),'Cadastro dos Padrões'!$A$2:$V$921,B$1,FALSE)="","-",VLOOKUP(ROUND(CONCATENATE($A12,B$2),0),'Cadastro dos Padrões'!$A$2:$V$921,B$1,FALSE)) -> E.MS.PMR-001 | C12: =IF(VLOOKUP(ROUND(CONCATENATE($A12,C$2),0),'Cadastro dos Padrões'!$A$2:$V$921,C$1,FALSE)="","-",VLOOKUP(ROUND(CONCATENATE($A12,C$2),0),'Cadastro dos Padrões'!$A$2:$V$921,C$1,FALSE)) -> Balança Analítica | D12: =IF(VLOOKUP(ROUND(CONCATENATE($A12,D$2),0),'Cadastro dos Padrões'!$A$2:$V$921,D$1,FALSE)="","-",VLOOKUP(ROUND(CONCATENATE($A12,D$2),0),'Cadastro dos Padrões'!$A$2:$V$921,D$1,FALSE)) -> Elus | E12: =IF(VLOOKUP(ROUND(CONCATENATE($A12,E$2),0),'Cadastro dos Padrões'!$A$2:$V$921,E$1,FALSE)="","-",VLOOKUP(ROUND(CONCATENATE($A12,E$2),0),'Cadastro dos Padrões'!$A$2:$V$921,E$1,FALSE)) -> RBC - CAL 0439 | F12: =IF(VLOOKUP(ROUND(CONCATENATE($A12,F$2),0),'Cadastro dos Padrões'!$A$2:$V$921,F$1,FALSE)="","-",VLOOKUP(ROUND(CONCATENATE($A12,F$2),0),'Cadastro dos Padrões'!$A$2:$V$921,F$1,FALSE)) -> E0018/26 | G12: =IF(VLOOKUP(ROUND(CONCATENATE($A12,G$2),0),'Cadastro dos Padrões'!$A$2:$V$921,G$1,FALSE)="","-",VLOOKUP(ROUND(CONCATENATE($A12,G$2),0),'Cadastro dos Padrões'!$A$2:$V$921,G$1,FALSE)) -> 46031 | H12: =IF(VLOOKUP(ROUND(CONCATENATE($A12,H$2),0),'Cadastro dos Padrões'!$A$2:$V$921,H$1,FALSE)="","-",VLOOKUP(ROUND(CONCATENATE($A12,H$2),0),'Cadastro dos Padrões'!$A$2:$V$921,H$1,FALSE)) -> 46417 | I12: =IF(VLOOKUP(ROUND(CONCATENATE($A12,I$2),0),'Cadastro dos Padrões'!$A$2:$V$921,I$1,FALSE)="","-",VLOOKUP(ROUND(CONCATENATE($A12,I$2),0),'Cadastro dos Padrões'!$A$2:$V$921,I$1,FALSE)) -> g | ... P12: =IF(VLOOKUP(ROUND(CONCATENATE($A12,P$2),0),'Cadastro dos Padrões'!$A$2:$V$921,P$1,FALSE)="","-",VLOOKUP(ROUND(CONCATENATE($A12,P$2),0),'Cadastro dos Padrões'!$A$2:$V$921,P$1,FALSE)) -> 0.00074 | Q12: =IF($B12="-","-",VLOOKUP(ROUND(CONCATENATE($A12,Q$2),0),'Cadastro dos Padrões'!$A$2:$V$921,Q$1,FALSE)) -> 6.3200901e-06 | R12: =IF($B12="-","-",VLOOKUP(ROUND(CONCATENATE($A12,R$2),0),'Cadastro dos Padrões'!$A$2:$V$921,R$1,FALSE)) -> 8 | S12: =IF($B12="-","-",VLOOKUP(ROUND(CONCATENATE($A12,S$2),0),'Cadastro dos Padrões'!$A$2:$V$921,S$1,FALSE)) -> -7.3930558e-15 | T12: =IF($B12="-","-",VLOOKUP(ROUND(CONCATENATE($A12,T$2),0),'Cadastro dos Padrões'!$A$2:$V$921,T$1,FALSE)) -> 1.3808071e-12 | U12: =IF($B12="-","-",VLOOKUP(ROUND(CONCATENATE($A12,U$2),0),'Cadastro dos Padrões'!$A$2:$V$921,U$1,FALSE)) -> -8.0311927e-11 | V12: =IF($B12="-","-",VLOOKUP(ROUND(CONCATENATE($A12,V$2),0),'Cadastro dos Padrões'!$A$2:$V$921,V$1,FALSE)) -> 1.7448544e-09 | W12: =IF($B12="-","-",VLOOKUP(ROUND(CONCATENATE($A12,W$2),0),'Cadastro dos Padrões'!$A$2:$V$921,W$1,FALSE)) -> -1.2867425e-08 | X12: =IF($B12="-","-",VLOOKUP(ROUND(CONCATENATE($A12,X$2),0),'Cadastro dos Padrões'!$A$2:$V$921,X$1,FALSE)) -> 0 | ... AA12: =IF($B12="-","-",VLOOKUP(ROUND(CONCATENATE($A12,AA$2),0),'Cadastro dos Padrões'!$A$2:$V$921,AA$1,FALSE)) -> -4.178227e-06 | AB12: =IF(VLOOKUP(ROUND(CONCATENATE($A12,AB$2),0),'Cadastro dos Padrões'!$A$2:$V$921,AB$1,FALSE)="","-",VLOOKUP(ROUND(CONCATENATE($A12,AB$2),0),'Cadastro dos Padrões'!$A$2:$V$921,AB$1,FALSE)) -> 0.001 | AC12: =IF(VLOOKUP(ROUND(CONCATENATE($A12,AC$2),0),'Cadastro dos Padrões'!$A$2:$V$921,AC$1,FALSE)="","-",VLOOKUP(ROUND(CONCATENATE($A12,AC$2),0),'Cadastro dos Padrões'!$A$2:$V$921,AC$1,FALSE)) -> 2e-05 | AD12: =IF(VLOOKUP(ROUND(CONCATENATE($A12,AD$2),0),'Cadastro dos Padrões'!$A$2:$V$921,AD$1,FALSE)="","-",VLOOKUP(ROUND(CONCATENATE($A12,AD$2),0),'Cadastro dos Padrões'!$A$2:$V$921,AD$1,FALSE)) -> 2 | AE12: =IF(VLOOKUP(ROUND(CONCATENATE($A12,AE$2),0),'Cadastro dos Padrões'!$A$2:$V$921,AE$1,FALSE)="","-",VLOOKUP(ROUND(CONCATENATE($A12,AE$2),0),'Cadastro dos Padrões'!$A$2:$V$921,AE$1,FALSE)) -> 1000000 | AF12: =IF(VLOOKUP(ROUND(CONCATENATE($A12,AF$2),0),'Cadastro dos Padrões'!$A$2:$V$921,AF$1,FALSE)="","-",VLOOKUP(ROUND(CONCATENATE($A12,AF$2),0),'Cadastro dos Padrões'!$A$2:$V$921,AF$1,FALSE)) -> 0.005 | AG12: =IF(VLOOKUP(ROUND(CONCATENATE($A12,AG$2),0),'Cadastro dos Padrões'!$A$2:$V$921,AG$1,FALSE)="","-",VLOOKUP(ROUND(CONCATENATE($A12,AG$2),0),'Cadastro dos Padrões'!$A$2:$V$921,AG$1,FALSE)) -> 2e-05 | AH12: =IF(VLOOKUP(ROUND(CONCATENATE($A12,AH$2),0),'Cadastro dos Padrões'!$A$2:$V$921,AH$1,FALSE)="","-",VLOOKUP(ROUND(CONCATENATE($A12,AH$2),0),'Cadastro dos Padrões'!$A$2:$V$921,AH$1,FALSE)) -> 2 | AI12: =IF(VLOOKUP(ROUND(CONCATENATE($A12,AI$2),0),'Cadastro dos Padrões'!$A$2:$V$921,AI$1,FALSE)="","-",VLOOKUP(ROUND(CONCATENATE($A12,AI$2),0),'Cadastro dos Padrões'!$A$2:$V$921,AI$1,FALSE)) -> 1000000 | ... CI12: =IF(VLOOKUP(ROUND(CONCATENATE($A12,CI$2),0),'Cadastro dos Padrões'!$A$2:$V$921,CI$1,FALSE)="","-",VLOOKUP(ROUND(CONCATENATE($A12,CI$2),0),'Cadastro dos Padrões'!$A$2:$V$921,CI$1,FALSE)) -> 0.0005
A13: 8 | B13: =IF(VLOOKUP(ROUND(CONCATENATE($A13,B$2),0),'Cadastro dos Padrões'!$A$2:$V$921,B$1,FALSE)="","-",VLOOKUP(ROUND(CONCATENATE($A13,B$2),0),'Cadastro dos Padrões'!$A$2:$V$921,B$1,FALSE)) -> E.MS.PMR-003 | C13: =IF(VLOOKUP(ROUND(CONCATENATE($A13,C$2),0),'Cadastro dos Padrões'!$A$2:$V$921,C$1,FALSE)="","-",VLOOKUP(ROUND(CONCATENATE($A13,C$2),0),'Cadastro dos Padrões'!$A$2:$V$921,C$1,FALSE)) -> Balança eletrônica | D13: =IF(VLOOKUP(ROUND(CONCATENATE($A13,D$2),0),'Cadastro dos Padrões'!$A$2:$V$921,D$1,FALSE)="","-",VLOOKUP(ROUND(CONCATENATE($A13,D$2),0),'Cadastro dos Padrões'!$A$2:$V$921,D$1,FALSE)) -> Elus | E13: =IF(VLOOKUP(ROUND(CONCATENATE($A13,E$2),0),'Cadastro dos Padrões'!$A$2:$V$921,E$1,FALSE)="","-",VLOOKUP(ROUND(CONCATENATE($A13,E$2),0),'Cadastro dos Padrões'!$A$2:$V$921,E$1,FALSE)) -> RBC - CAL 0439 | F13: =IF(VLOOKUP(ROUND(CONCATENATE($A13,F$2),0),'Cadastro dos Padrões'!$A$2:$V$921,F$1,FALSE)="","-",VLOOKUP(ROUND(CONCATENATE($A13,F$2),0),'Cadastro dos Padrões'!$A$2:$V$921,F$1,FALSE)) -> E0020/26 | G13: =IF(VLOOKUP(ROUND(CONCATENATE($A13,G$2),0),'Cadastro dos Padrões'!$A$2:$V$921,G$1,FALSE)="","-",VLOOKUP(ROUND(CONCATENATE($A13,G$2),0),'Cadastro dos Padrões'!$A$2:$V$921,G$1,FALSE)) -> 46031 | H13: =IF(VLOOKUP(ROUND(CONCATENATE($A13,H$2),0),'Cadastro dos Padrões'!$A$2:$V$921,H$1,FALSE)="","-",VLOOKUP(ROUND(CONCATENATE($A13,H$2),0),'Cadastro dos Padrões'!$A$2:$V$921,H$1,FALSE)) -> 46417 | I13: =IF(VLOOKUP(ROUND(CONCATENATE($A13,I$2),0),'Cadastro dos Padrões'!$A$2:$V$921,I$1,FALSE)="","-",VLOOKUP(ROUND(CONCATENATE($A13,I$2),0),'Cadastro dos Padrões'!$A$2:$V$921,I$1,FALSE)) -> kg | ... P13: =IF(VLOOKUP(ROUND(CONCATENATE($A13,P$2),0),'Cadastro dos Padrões'!$A$2:$V$921,P$1,FALSE)="","-",VLOOKUP(ROUND(CONCATENATE($A13,P$2),0),'Cadastro dos Padrões'!$A$2:$V$921,P$1,FALSE)) -> 0.005 | Q13: =IF($B13="-","-",VLOOKUP(ROUND(CONCATENATE($A13,Q$2),0),'Cadastro dos Padrões'!$A$2:$V$921,Q$1,FALSE)) -> 0.00016372154 | R13: =IF($B13="-","-",VLOOKUP(ROUND(CONCATENATE($A13,R$2),0),'Cadastro dos Padrões'!$A$2:$V$921,R$1,FALSE)) -> 5 | S13: =IF($B13="-","-",VLOOKUP(ROUND(CONCATENATE($A13,S$2),0),'Cadastro dos Padrões'!$A$2:$V$921,S$1,FALSE)) -> 0 | T13: =IF($B13="-","-",VLOOKUP(ROUND(CONCATENATE($A13,T$2),0),'Cadastro dos Padrões'!$A$2:$V$921,T$1,FALSE)) -> 0 | U13: =IF($B13="-","-",VLOOKUP(ROUND(CONCATENATE($A13,U$2),0),'Cadastro dos Padrões'!$A$2:$V$921,U$1,FALSE)) -> 0 | V13: =IF($B13="-","-",VLOOKUP(ROUND(CONCATENATE($A13,V$2),0),'Cadastro dos Padrões'!$A$2:$V$921,V$1,FALSE)) -> -3.9706871e-11 | W13: =IF($B13="-","-",VLOOKUP(ROUND(CONCATENATE($A13,W$2),0),'Cadastro dos Padrões'!$A$2:$V$921,W$1,FALSE)) -> 3.2691648e-09 | X13: =IF($B13="-","-",VLOOKUP(ROUND(CONCATENATE($A13,X$2),0),'Cadastro dos Padrões'!$A$2:$V$921,X$1,FALSE)) -> -1.5669107e-08 | ... AA13: =IF($B13="-","-",VLOOKUP(ROUND(CONCATENATE($A13,AA$2),0),'Cadastro dos Padrões'!$A$2:$V$921,AA$1,FALSE)) -> -3.1110532e-05 | AB13: =IF(VLOOKUP(ROUND(CONCATENATE($A13,AB$2),0),'Cadastro dos Padrões'!$A$2:$V$921,AB$1,FALSE)="","-",VLOOKUP(ROUND(CONCATENATE($A13,AB$2),0),'Cadastro dos Padrões'!$A$2:$V$921,AB$1,FALSE)) -> 1 | AC13: =IF(VLOOKUP(ROUND(CONCATENATE($A13,AC$2),0),'Cadastro dos Padrões'!$A$2:$V$921,AC$1,FALSE)="","-",VLOOKUP(ROUND(CONCATENATE($A13,AC$2),0),'Cadastro dos Padrões'!$A$2:$V$921,AC$1,FALSE)) -> 0.002 | AD13: =IF(VLOOKUP(ROUND(CONCATENATE($A13,AD$2),0),'Cadastro dos Padrões'!$A$2:$V$921,AD$1,FALSE)="","-",VLOOKUP(ROUND(CONCATENATE($A13,AD$2),0),'Cadastro dos Padrões'!$A$2:$V$921,AD$1,FALSE)) -> 2 | AE13: =IF(VLOOKUP(ROUND(CONCATENATE($A13,AE$2),0),'Cadastro dos Padrões'!$A$2:$V$921,AE$1,FALSE)="","-",VLOOKUP(ROUND(CONCATENATE($A13,AE$2),0),'Cadastro dos Padrões'!$A$2:$V$921,AE$1,FALSE)) -> 1000000 | AF13: =IF(VLOOKUP(ROUND(CONCATENATE($A13,AF$2),0),'Cadastro dos Padrões'!$A$2:$V$921,AF$1,FALSE)="","-",VLOOKUP(ROUND(CONCATENATE($A13,AF$2),0),'Cadastro dos Padrões'!$A$2:$V$921,AF$1,FALSE)) -> 10 | AG13: =IF(VLOOKUP(ROUND(CONCATENATE($A13,AG$2),0),'Cadastro dos Padrões'!$A$2:$V$921,AG$1,FALSE)="","-",VLOOKUP(ROUND(CONCATENATE($A13,AG$2),0),'Cadastro dos Padrões'!$A$2:$V$921,AG$1,FALSE)) -> 0.002 | AH13: =IF(VLOOKUP(ROUND(CONCATENATE($A13,AH$2),0),'Cadastro dos Padrões'!$A$2:$V$921,AH$1,FALSE)="","-",VLOOKUP(ROUND(CONCATENATE($A13,AH$2),0),'Cadastro dos Padrões'!$A$2:$V$921,AH$1,FALSE)) -> 2 | AI13: =IF(VLOOKUP(ROUND(CONCATENATE($A13,AI$2),0),'Cadastro dos Padrões'!$A$2:$V$921,AI$1,FALSE)="","-",VLOOKUP(ROUND(CONCATENATE($A13,AI$2),0),'Cadastro dos Padrões'!$A$2:$V$921,AI$1,FALSE)) -> 1000000 | ... CI13: =IF(VLOOKUP(ROUND(CONCATENATE($A13,CI$2),0),'Cadastro dos Padrões'!$A$2:$V$921,CI$1,FALSE)="","-",VLOOKUP(ROUND(CONCATENATE($A13,CI$2),0),'Cadastro dos Padrões'!$A$2:$V$921,CI$1,FALSE)) -> 0
A14: 9 | B14: =IF(VLOOKUP(ROUND(CONCATENATE($A14,B$2),0),'Cadastro dos Padrões'!$A$2:$V$921,B$1,FALSE)="","-",VLOOKUP(ROUND(CONCATENATE($A14,B$2),0),'Cadastro dos Padrões'!$A$2:$V$921,B$1,FALSE)) -> E.MS.LQ-006 | C14: =IF(VLOOKUP(ROUND(CONCATENATE($A14,C$2),0),'Cadastro dos Padrões'!$A$2:$V$921,C$1,FALSE)="","-",VLOOKUP(ROUND(CONCATENATE($A14,C$2),0),'Cadastro dos Padrões'!$A$2:$V$921,C$1,FALSE)) -> Balança Analítica | D14: =IF(VLOOKUP(ROUND(CONCATENATE($A14,D$2),0),'Cadastro dos Padrões'!$A$2:$V$921,D$1,FALSE)="","-",VLOOKUP(ROUND(CONCATENATE($A14,D$2),0),'Cadastro dos Padrões'!$A$2:$V$921,D$1,FALSE)) -> Elus | E14: =IF(VLOOKUP(ROUND(CONCATENATE($A14,E$2),0),'Cadastro dos Padrões'!$A$2:$V$921,E$1,FALSE)="","-",VLOOKUP(ROUND(CONCATENATE($A14,E$2),0),'Cadastro dos Padrões'!$A$2:$V$921,E$1,FALSE)) -> RBC - CAL 0439 | F14: =IF(VLOOKUP(ROUND(CONCATENATE($A14,F$2),0),'Cadastro dos Padrões'!$A$2:$V$921,F$1,FALSE)="","-",VLOOKUP(ROUND(CONCATENATE($A14,F$2),0),'Cadastro dos Padrões'!$A$2:$V$921,F$1,FALSE)) -> E0014/26 | G14: =IF(VLOOKUP(ROUND(CONCATENATE($A14,G$2),0),'Cadastro dos Padrões'!$A$2:$V$921,G$1,FALSE)="","-",VLOOKUP(ROUND(CONCATENATE($A14,G$2),0),'Cadastro dos Padrões'!$A$2:$V$921,G$1,FALSE)) -> 46031 | H14: =IF(VLOOKUP(ROUND(CONCATENATE($A14,H$2),0),'Cadastro dos Padrões'!$A$2:$V$921,H$1,FALSE)="","-",VLOOKUP(ROUND(CONCATENATE($A14,H$2),0),'Cadastro dos Padrões'!$A$2:$V$921,H$1,FALSE)) -> 46417 | I14: =IF(VLOOKUP(ROUND(CONCATENATE($A14,I$2),0),'Cadastro dos Padrões'!$A$2:$V$921,I$1,FALSE)="","-",VLOOKUP(ROUND(CONCATENATE($A14,I$2),0),'Cadastro dos Padrões'!$A$2:$V$921,I$1,FALSE)) -> g | ... P14: =IF(VLOOKUP(ROUND(CONCATENATE($A14,P$2),0),'Cadastro dos Padrões'!$A$2:$V$921,P$1,FALSE)="","-",VLOOKUP(ROUND(CONCATENATE($A14,P$2),0),'Cadastro dos Padrões'!$A$2:$V$921,P$1,FALSE)) -> 0.0001 | Q14: =IF($B14="-","-",VLOOKUP(ROUND(CONCATENATE($A14,Q$2),0),'Cadastro dos Padrões'!$A$2:$V$921,Q$1,FALSE)) -> 6.1803136e-09 | R14: =IF($B14="-","-",VLOOKUP(ROUND(CONCATENATE($A14,R$2),0),'Cadastro dos Padrões'!$A$2:$V$921,R$1,FALSE)) -> 5 | S14: =IF($B14="-","-",VLOOKUP(ROUND(CONCATENATE($A14,S$2),0),'Cadastro dos Padrões'!$A$2:$V$921,S$1,FALSE)) -> 0 | T14: =IF($B14="-","-",VLOOKUP(ROUND(CONCATENATE($A14,T$2),0),'Cadastro dos Padrões'!$A$2:$V$921,T$1,FALSE)) -> 0 | U14: =IF($B14="-","-",VLOOKUP(ROUND(CONCATENATE($A14,U$2),0),'Cadastro dos Padrões'!$A$2:$V$921,U$1,FALSE)) -> 0 | V14: =IF($B14="-","-",VLOOKUP(ROUND(CONCATENATE($A14,V$2),0),'Cadastro dos Padrões'!$A$2:$V$921,V$1,FALSE)) -> 9.2046018e-15 | W14: =IF($B14="-","-",VLOOKUP(ROUND(CONCATENATE($A14,W$2),0),'Cadastro dos Padrões'!$A$2:$V$921,W$1,FALSE)) -> -3.7590928e-12 | X14: =IF($B14="-","-",VLOOKUP(ROUND(CONCATENATE($A14,X$2),0),'Cadastro dos Padrões'!$A$2:$V$921,X$1,FALSE)) -> 2.457637e-10 | ... AA14: =IF($B14="-","-",VLOOKUP(ROUND(CONCATENATE($A14,AA$2),0),'Cadastro dos Padrões'!$A$2:$V$921,AA$1,FALSE)) -> 6.5532819e-09 | AB14: =IF(VLOOKUP(ROUND(CONCATENATE($A14,AB$2),0),'Cadastro dos Padrões'!$A$2:$V$921,AB$1,FALSE)="","-",VLOOKUP(ROUND(CONCATENATE($A14,AB$2),0),'Cadastro dos Padrões'!$A$2:$V$921,AB$1,FALSE)) -> 0.001 | AC14: =IF(VLOOKUP(ROUND(CONCATENATE($A14,AC$2),0),'Cadastro dos Padrões'!$A$2:$V$921,AC$1,FALSE)="","-",VLOOKUP(ROUND(CONCATENATE($A14,AC$2),0),'Cadastro dos Padrões'!$A$2:$V$921,AC$1,FALSE)) -> 2e-05 | AD14: =IF(VLOOKUP(ROUND(CONCATENATE($A14,AD$2),0),'Cadastro dos Padrões'!$A$2:$V$921,AD$1,FALSE)="","-",VLOOKUP(ROUND(CONCATENATE($A14,AD$2),0),'Cadastro dos Padrões'!$A$2:$V$921,AD$1,FALSE)) -> 2.02 | AE14: =IF(VLOOKUP(ROUND(CONCATENATE($A14,AE$2),0),'Cadastro dos Padrões'!$A$2:$V$921,AE$1,FALSE)="","-",VLOOKUP(ROUND(CONCATENATE($A14,AE$2),0),'Cadastro dos Padrões'!$A$2:$V$921,AE$1,FALSE)) -> 142 | AF14: =IF(VLOOKUP(ROUND(CONCATENATE($A14,AF$2),0),'Cadastro dos Padrões'!$A$2:$V$921,AF$1,FALSE)="","-",VLOOKUP(ROUND(CONCATENATE($A14,AF$2),0),'Cadastro dos Padrões'!$A$2:$V$921,AF$1,FALSE)) -> 0.005 | AG14: =IF(VLOOKUP(ROUND(CONCATENATE($A14,AG$2),0),'Cadastro dos Padrões'!$A$2:$V$921,AG$1,FALSE)="","-",VLOOKUP(ROUND(CONCATENATE($A14,AG$2),0),'Cadastro dos Padrões'!$A$2:$V$921,AG$1,FALSE)) -> 2e-05 | AH14: =IF(VLOOKUP(ROUND(CONCATENATE($A14,AH$2),0),'Cadastro dos Padrões'!$A$2:$V$921,AH$1,FALSE)="","-",VLOOKUP(ROUND(CONCATENATE($A14,AH$2),0),'Cadastro dos Padrões'!$A$2:$V$921,AH$1,FALSE)) -> 2 | AI14: =IF(VLOOKUP(ROUND(CONCATENATE($A14,AI$2),0),'Cadastro dos Padrões'!$A$2:$V$921,AI$1,FALSE)="","-",VLOOKUP(ROUND(CONCATENATE($A14,AI$2),0),'Cadastro dos Padrões'!$A$2:$V$921,AI$1,FALSE)) -> 1000000 | ... CI14: =IF(VLOOKUP(ROUND(CONCATENATE($A14,CI$2),0),'Cadastro dos Padrões'!$A$2:$V$921,CI$1,FALSE)="","-",VLOOKUP(ROUND(CONCATENATE($A14,CI$2),0),'Cadastro dos Padrões'!$A$2:$V$921,CI$1,FALSE)) -> 0
A15: 10 | B15: =IF(VLOOKUP(ROUND(CONCATENATE($A15,B$2),0),'Cadastro dos Padrões'!$A$2:$V$921,B$1,FALSE)="","-",VLOOKUP(ROUND(CONCATENATE($A15,B$2),0),'Cadastro dos Padrões'!$A$2:$V$921,B$1,FALSE)) -> E.MS.LQ-005 | C15: =IF(VLOOKUP(ROUND(CONCATENATE($A15,C$2),0),'Cadastro dos Padrões'!$A$2:$V$921,C$1,FALSE)="","-",VLOOKUP(ROUND(CONCATENATE($A15,C$2),0),'Cadastro dos Padrões'!$A$2:$V$921,C$1,FALSE)) -> Balança Analítica | D15: =IF(VLOOKUP(ROUND(CONCATENATE($A15,D$2),0),'Cadastro dos Padrões'!$A$2:$V$921,D$1,FALSE)="","-",VLOOKUP(ROUND(CONCATENATE($A15,D$2),0),'Cadastro dos Padrões'!$A$2:$V$921,D$1,FALSE)) -> Elus | E15: =IF(VLOOKUP(ROUND(CONCATENATE($A15,E$2),0),'Cadastro dos Padrões'!$A$2:$V$921,E$1,FALSE)="","-",VLOOKUP(ROUND(CONCATENATE($A15,E$2),0),'Cadastro dos Padrões'!$A$2:$V$921,E$1,FALSE)) -> RBC - CAL 0439 | F15: =IF(VLOOKUP(ROUND(CONCATENATE($A15,F$2),0),'Cadastro dos Padrões'!$A$2:$V$921,F$1,FALSE)="","-",VLOOKUP(ROUND(CONCATENATE($A15,F$2),0),'Cadastro dos Padrões'!$A$2:$V$921,F$1,FALSE)) -> E0013/26 | G15: =IF(VLOOKUP(ROUND(CONCATENATE($A15,G$2),0),'Cadastro dos Padrões'!$A$2:$V$921,G$1,FALSE)="","-",VLOOKUP(ROUND(CONCATENATE($A15,G$2),0),'Cadastro dos Padrões'!$A$2:$V$921,G$1,FALSE)) -> 46031 | H15: =IF(VLOOKUP(ROUND(CONCATENATE($A15,H$2),0),'Cadastro dos Padrões'!$A$2:$V$921,H$1,FALSE)="","-",VLOOKUP(ROUND(CONCATENATE($A15,H$2),0),'Cadastro dos Padrões'!$A$2:$V$921,H$1,FALSE)) -> 46417 | I15: =IF(VLOOKUP(ROUND(CONCATENATE($A15,I$2),0),'Cadastro dos Padrões'!$A$2:$V$921,I$1,FALSE)="","-",VLOOKUP(ROUND(CONCATENATE($A15,I$2),0),'Cadastro dos Padrões'!$A$2:$V$921,I$1,FALSE)) -> g | ... P15: =IF(VLOOKUP(ROUND(CONCATENATE($A15,P$2),0),'Cadastro dos Padrões'!$A$2:$V$921,P$1,FALSE)="","-",VLOOKUP(ROUND(CONCATENATE($A15,P$2),0),'Cadastro dos Padrões'!$A$2:$V$921,P$1,FALSE)) -> 0 | Q15: =IF($B15="-","-",VLOOKUP(ROUND(CONCATENATE($A15,Q$2),0),'Cadastro dos Padrões'!$A$2:$V$921,Q$1,FALSE)) -> 7.0676911e-06 | R15: =IF($B15="-","-",VLOOKUP(ROUND(CONCATENATE($A15,R$2),0),'Cadastro dos Padrões'!$A$2:$V$921,R$1,FALSE)) -> 5 | S15: =IF($B15="-","-",VLOOKUP(ROUND(CONCATENATE($A15,S$2),0),'Cadastro dos Padrões'!$A$2:$V$921,S$1,FALSE)) -> 0 | T15: =IF($B15="-","-",VLOOKUP(ROUND(CONCATENATE($A15,T$2),0),'Cadastro dos Padrões'!$A$2:$V$921,T$1,FALSE)) -> 0 | U15: =IF($B15="-","-",VLOOKUP(ROUND(CONCATENATE($A15,U$2),0),'Cadastro dos Padrões'!$A$2:$V$921,U$1,FALSE)) -> 0 | V15: =IF($B15="-","-",VLOOKUP(ROUND(CONCATENATE($A15,V$2),0),'Cadastro dos Padrões'!$A$2:$V$921,V$1,FALSE)) -> -5.2127343e-15 | W15: =IF($B15="-","-",VLOOKUP(ROUND(CONCATENATE($A15,W$2),0),'Cadastro dos Padrões'!$A$2:$V$921,W$1,FALSE)) -> 2.5973354e-12 | X15: =IF($B15="-","-",VLOOKUP(ROUND(CONCATENATE($A15,X$2),0),'Cadastro dos Padrões'!$A$2:$V$921,X$1,FALSE)) -> -4.8674513e-10 | ... AA15: =IF($B15="-","-",VLOOKUP(ROUND(CONCATENATE($A15,AA$2),0),'Cadastro dos Padrões'!$A$2:$V$921,AA$1,FALSE)) -> -4.9940003e-06 | AB15: =IF(VLOOKUP(ROUND(CONCATENATE($A15,AB$2),0),'Cadastro dos Padrões'!$A$2:$V$921,AB$1,FALSE)="","-",VLOOKUP(ROUND(CONCATENATE($A15,AB$2),0),'Cadastro dos Padrões'!$A$2:$V$921,AB$1,FALSE)) -> 0.001 | AC15: =IF(VLOOKUP(ROUND(CONCATENATE($A15,AC$2),0),'Cadastro dos Padrões'!$A$2:$V$921,AC$1,FALSE)="","-",VLOOKUP(ROUND(CONCATENATE($A15,AC$2),0),'Cadastro dos Padrões'!$A$2:$V$921,AC$1,FALSE)) -> 2e-05 | AD15: =IF(VLOOKUP(ROUND(CONCATENATE($A15,AD$2),0),'Cadastro dos Padrões'!$A$2:$V$921,AD$1,FALSE)="","-",VLOOKUP(ROUND(CONCATENATE($A15,AD$2),0),'Cadastro dos Padrões'!$A$2:$V$921,AD$1,FALSE)) -> 2.02 | AE15: =IF(VLOOKUP(ROUND(CONCATENATE($A15,AE$2),0),'Cadastro dos Padrões'!$A$2:$V$921,AE$1,FALSE)="","-",VLOOKUP(ROUND(CONCATENATE($A15,AE$2),0),'Cadastro dos Padrões'!$A$2:$V$921,AE$1,FALSE)) -> 142 | AF15: =IF(VLOOKUP(ROUND(CONCATENATE($A15,AF$2),0),'Cadastro dos Padrões'!$A$2:$V$921,AF$1,FALSE)="","-",VLOOKUP(ROUND(CONCATENATE($A15,AF$2),0),'Cadastro dos Padrões'!$A$2:$V$921,AF$1,FALSE)) -> 0.005 | AG15: =IF(VLOOKUP(ROUND(CONCATENATE($A15,AG$2),0),'Cadastro dos Padrões'!$A$2:$V$921,AG$1,FALSE)="","-",VLOOKUP(ROUND(CONCATENATE($A15,AG$2),0),'Cadastro dos Padrões'!$A$2:$V$921,AG$1,FALSE)) -> 2e-05 | AH15: =IF(VLOOKUP(ROUND(CONCATENATE($A15,AH$2),0),'Cadastro dos Padrões'!$A$2:$V$921,AH$1,FALSE)="","-",VLOOKUP(ROUND(CONCATENATE($A15,AH$2),0),'Cadastro dos Padrões'!$A$2:$V$921,AH$1,FALSE)) -> 2.02 | AI15: =IF(VLOOKUP(ROUND(CONCATENATE($A15,AI$2),0),'Cadastro dos Padrões'!$A$2:$V$921,AI$1,FALSE)="","-",VLOOKUP(ROUND(CONCATENATE($A15,AI$2),0),'Cadastro dos Padrões'!$A$2:$V$921,AI$1,FALSE)) -> 141 | ... CI15: =IF(VLOOKUP(ROUND(CONCATENATE($A15,CI$2),0),'Cadastro dos Padrões'!$A$2:$V$921,CI$1,FALSE)="","-",VLOOKUP(ROUND(CONCATENATE($A15,CI$2),0),'Cadastro dos Padrões'!$A$2:$V$921,CI$1,FALSE)) -> 0
A16: 11 | B16: =IF(VLOOKUP(ROUND(CONCATENATE($A16,B$2),0),'Cadastro dos Padrões'!$A$2:$V$921,B$1,FALSE)="","-",VLOOKUP(ROUND(CONCATENATE($A16,B$2),0),'Cadastro dos Padrões'!$A$2:$V$921,B$1,FALSE)) -> E.MS.LQ-007 | C16: =IF(VLOOKUP(ROUND(CONCATENATE($A16,C$2),0),'Cadastro dos Padrões'!$A$2:$V$921,C$1,FALSE)="","-",VLOOKUP(ROUND(CONCATENATE($A16,C$2),0),'Cadastro dos Padrões'!$A$2:$V$921,C$1,FALSE)) -> Balança Digital | D16: =IF(VLOOKUP(ROUND(CONCATENATE($A16,D$2),0),'Cadastro dos Padrões'!$A$2:$V$921,D$1,FALSE)="","-",VLOOKUP(ROUND(CONCATENATE($A16,D$2),0),'Cadastro dos Padrões'!$A$2:$V$921,D$1,FALSE)) -> Elus | E16: =IF(VLOOKUP(ROUND(CONCATENATE($A16,E$2),0),'Cadastro dos Padrões'!$A$2:$V$921,E$1,FALSE)="","-",VLOOKUP(ROUND(CONCATENATE($A16,E$2),0),'Cadastro dos Padrões'!$A$2:$V$921,E$1,FALSE)) -> RBC - CAL 0439 | F16: =IF(VLOOKUP(ROUND(CONCATENATE($A16,F$2),0),'Cadastro dos Padrões'!$A$2:$V$921,F$1,FALSE)="","-",VLOOKUP(ROUND(CONCATENATE($A16,F$2),0),'Cadastro dos Padrões'!$A$2:$V$921,F$1,FALSE)) -> E0015/26 | G16: =IF(VLOOKUP(ROUND(CONCATENATE($A16,G$2),0),'Cadastro dos Padrões'!$A$2:$V$921,G$1,FALSE)="","-",VLOOKUP(ROUND(CONCATENATE($A16,G$2),0),'Cadastro dos Padrões'!$A$2:$V$921,G$1,FALSE)) -> 46031 | H16: =IF(VLOOKUP(ROUND(CONCATENATE($A16,H$2),0),'Cadastro dos Padrões'!$A$2:$V$921,H$1,FALSE)="","-",VLOOKUP(ROUND(CONCATENATE($A16,H$2),0),'Cadastro dos Padrões'!$A$2:$V$921,H$1,FALSE)) -> 46417 | I16: =IF(VLOOKUP(ROUND(CONCATENATE($A16,I$2),0),'Cadastro dos Padrões'!$A$2:$V$921,I$1,FALSE)="","-",VLOOKUP(ROUND(CONCATENATE($A16,I$2),0),'Cadastro dos Padrões'!$A$2:$V$921,I$1,FALSE)) -> g | ... P16: =IF(VLOOKUP(ROUND(CONCATENATE($A16,P$2),0),'Cadastro dos Padrões'!$A$2:$V$921,P$1,FALSE)="","-",VLOOKUP(ROUND(CONCATENATE($A16,P$2),0),'Cadastro dos Padrões'!$A$2:$V$921,P$1,FALSE)) -> 0.004 | Q16: =IF($B16="-","-",VLOOKUP(ROUND(CONCATENATE($A16,Q$2),0),'Cadastro dos Padrões'!$A$2:$V$921,Q$1,FALSE)) -> 0.00660263 | R16: =IF($B16="-","-",VLOOKUP(ROUND(CONCATENATE($A16,R$2),0),'Cadastro dos Padrões'!$A$2:$V$921,R$1,FALSE)) -> 5 | S16: =IF($B16="-","-",VLOOKUP(ROUND(CONCATENATE($A16,S$2),0),'Cadastro dos Padrões'!$A$2:$V$921,S$1,FALSE)) -> 0 | T16: =IF($B16="-","-",VLOOKUP(ROUND(CONCATENATE($A16,T$2),0),'Cadastro dos Padrões'!$A$2:$V$921,T$1,FALSE)) -> 0 | U16: =IF($B16="-","-",VLOOKUP(ROUND(CONCATENATE($A16,U$2),0),'Cadastro dos Padrões'!$A$2:$V$921,U$1,FALSE)) -> 0 | V16: =IF($B16="-","-",VLOOKUP(ROUND(CONCATENATE($A16,V$2),0),'Cadastro dos Padrões'!$A$2:$V$921,V$1,FALSE)) -> -1.5008736e-18 | W16: =IF($B16="-","-",VLOOKUP(ROUND(CONCATENATE($A16,W$2),0),'Cadastro dos Padrões'!$A$2:$V$921,W$1,FALSE)) -> 1.9878244e-14 | X16: =IF($B16="-","-",VLOOKUP(ROUND(CONCATENATE($A16,X$2),0),'Cadastro dos Padrões'!$A$2:$V$921,X$1,FALSE)) -> -8.815337e-11 | ... AA16: =IF($B16="-","-",VLOOKUP(ROUND(CONCATENATE($A16,AA$2),0),'Cadastro dos Padrões'!$A$2:$V$921,AA$1,FALSE)) -> -0.0043300173 | AB16: =IF(VLOOKUP(ROUND(CONCATENATE($A16,AB$2),0),'Cadastro dos Padrões'!$A$2:$V$921,AB$1,FALSE)="","-",VLOOKUP(ROUND(CONCATENATE($A16,AB$2),0),'Cadastro dos Padrões'!$A$2:$V$921,AB$1,FALSE)) -> 0.5 | AC16: =IF(VLOOKUP(ROUND(CONCATENATE($A16,AC$2),0),'Cadastro dos Padrões'!$A$2:$V$921,AC$1,FALSE)="","-",VLOOKUP(ROUND(CONCATENATE($A16,AC$2),0),'Cadastro dos Padrões'!$A$2:$V$921,AC$1,FALSE)) -> 0.02 | AD16: =IF(VLOOKUP(ROUND(CONCATENATE($A16,AD$2),0),'Cadastro dos Padrões'!$A$2:$V$921,AD$1,FALSE)="","-",VLOOKUP(ROUND(CONCATENATE($A16,AD$2),0),'Cadastro dos Padrões'!$A$2:$V$921,AD$1,FALSE)) -> 2 | AE16: =IF(VLOOKUP(ROUND(CONCATENATE($A16,AE$2),0),'Cadastro dos Padrões'!$A$2:$V$921,AE$1,FALSE)="","-",VLOOKUP(ROUND(CONCATENATE($A16,AE$2),0),'Cadastro dos Padrões'!$A$2:$V$921,AE$1,FALSE)) -> 1000000 | AF16: =IF(VLOOKUP(ROUND(CONCATENATE($A16,AF$2),0),'Cadastro dos Padrões'!$A$2:$V$921,AF$1,FALSE)="","-",VLOOKUP(ROUND(CONCATENATE($A16,AF$2),0),'Cadastro dos Padrões'!$A$2:$V$921,AF$1,FALSE)) -> 10 | AG16: =IF(VLOOKUP(ROUND(CONCATENATE($A16,AG$2),0),'Cadastro dos Padrões'!$A$2:$V$921,AG$1,FALSE)="","-",VLOOKUP(ROUND(CONCATENATE($A16,AG$2),0),'Cadastro dos Padrões'!$A$2:$V$921,AG$1,FALSE)) -> 0.02 | AH16: =IF(VLOOKUP(ROUND(CONCATENATE($A16,AH$2),0),'Cadastro dos Padrões'!$A$2:$V$921,AH$1,FALSE)="","-",VLOOKUP(ROUND(CONCATENATE($A16,AH$2),0),'Cadastro dos Padrões'!$A$2:$V$921,AH$1,FALSE)) -> 2 | AI16: =IF(VLOOKUP(ROUND(CONCATENATE($A16,AI$2),0),'Cadastro dos Padrões'!$A$2:$V$921,AI$1,FALSE)="","-",VLOOKUP(ROUND(CONCATENATE($A16,AI$2),0),'Cadastro dos Padrões'!$A$2:$V$921,AI$1,FALSE)) -> 1000000 | ... CI16: =IF(VLOOKUP(ROUND(CONCATENATE($A16,CI$2),0),'Cadastro dos Padrões'!$A$2:$V$921,CI$1,FALSE)="","-",VLOOKUP(ROUND(CONCATENATE($A16,CI$2),0),'Cadastro dos Padrões'!$A$2:$V$921,CI$1,FALSE)) -> 0
A17: 12 | B17: =IF(VLOOKUP(ROUND(CONCATENATE($A17,B$2),0),'Cadastro dos Padrões'!$A$2:$V$921,B$1,FALSE)="","-",VLOOKUP(ROUND(CONCATENATE($A17,B$2),0),'Cadastro dos Padrões'!$A$2:$V$921,B$1,FALSE)) -> X.MS.LM-001 | C17: =IF(VLOOKUP(ROUND(CONCATENATE($A17,C$2),0),'Cadastro dos Padrões'!$A$2:$V$921,C$1,FALSE)="","-",VLOOKUP(ROUND(CONCATENATE($A17,C$2),0),'Cadastro dos Padrões'!$A$2:$V$921,C$1,FALSE)) -> Balança Analítica | D17: =IF(VLOOKUP(ROUND(CONCATENATE($A17,D$2),0),'Cadastro dos Padrões'!$A$2:$V$921,D$1,FALSE)="","-",VLOOKUP(ROUND(CONCATENATE($A17,D$2),0),'Cadastro dos Padrões'!$A$2:$V$921,D$1,FALSE)) -> Elus | E17: =IF(VLOOKUP(ROUND(CONCATENATE($A17,E$2),0),'Cadastro dos Padrões'!$A$2:$V$921,E$1,FALSE)="","-",VLOOKUP(ROUND(CONCATENATE($A17,E$2),0),'Cadastro dos Padrões'!$A$2:$V$921,E$1,FALSE)) -> RBC - CAL 0439 | F17: =IF(VLOOKUP(ROUND(CONCATENATE($A17,F$2),0),'Cadastro dos Padrões'!$A$2:$V$921,F$1,FALSE)="","-",VLOOKUP(ROUND(CONCATENATE($A17,F$2),0),'Cadastro dos Padrões'!$A$2:$V$921,F$1,FALSE)) -> E0233/24 | G17: =IF(VLOOKUP(ROUND(CONCATENATE($A17,G$2),0),'Cadastro dos Padrões'!$A$2:$V$921,G$1,FALSE)="","-",VLOOKUP(ROUND(CONCATENATE($A17,G$2),0),'Cadastro dos Padrões'!$A$2:$V$921,G$1,FALSE)) -> 45471 | H17: =IF(VLOOKUP(ROUND(CONCATENATE($A17,H$2),0),'Cadastro dos Padrões'!$A$2:$V$921,H$1,FALSE)="","-",VLOOKUP(ROUND(CONCATENATE($A17,H$2),0),'Cadastro dos Padrões'!$A$2:$V$921,H$1,FALSE)) -> 45838 | I17: =IF(VLOOKUP(ROUND(CONCATENATE($A17,I$2),0),'Cadastro dos Padrões'!$A$2:$V$921,I$1,FALSE)="","-",VLOOKUP(ROUND(CONCATENATE($A17,I$2),0),'Cadastro dos Padrões'!$A$2:$V$921,I$1,FALSE)) -> g | ... P17: =IF(VLOOKUP(ROUND(CONCATENATE($A17,P$2),0),'Cadastro dos Padrões'!$A$2:$V$921,P$1,FALSE)="","-",VLOOKUP(ROUND(CONCATENATE($A17,P$2),0),'Cadastro dos Padrões'!$A$2:$V$921,P$1,FALSE)) -> 0.00042 | Q17: =IF($B17="-","-",VLOOKUP(ROUND(CONCATENATE($A17,Q$2),0),'Cadastro dos Padrões'!$A$2:$V$921,Q$1,FALSE)) -> 1.7427026e-07 | R17: =IF($B17="-","-",VLOOKUP(ROUND(CONCATENATE($A17,R$2),0),'Cadastro dos Padrões'!$A$2:$V$921,R$1,FALSE)) -> 7 | S17: =IF($B17="-","-",VLOOKUP(ROUND(CONCATENATE($A17,S$2),0),'Cadastro dos Padrões'!$A$2:$V$921,S$1,FALSE)) -> 0 | T17: =IF($B17="-","-",VLOOKUP(ROUND(CONCATENATE($A17,T$2),0),'Cadastro dos Padrões'!$A$2:$V$921,T$1,FALSE)) -> -1.3902387e-08 | U17: =IF($B17="-","-",VLOOKUP(ROUND(CONCATENATE($A17,U$2),0),'Cadastro dos Padrões'!$A$2:$V$921,U$1,FALSE)) -> 5.4258378e-07 | V17: =IF($B17="-","-",VLOOKUP(ROUND(CONCATENATE($A17,V$2),0),'Cadastro dos Padrões'!$A$2:$V$921,V$1,FALSE)) -> -6.8908457e-06 | W17: =IF($B17="-","-",VLOOKUP(ROUND(CONCATENATE($A17,W$2),0),'Cadastro dos Padrões'!$A$2:$V$921,W$1,FALSE)) -> 3.5807745e-05 | X17: =IF($B17="-","-",VLOOKUP(ROUND(CONCATENATE($A17,X$2),0),'Cadastro dos Padrões'!$A$2:$V$921,X$1,FALSE)) -> -7.9793347e-05 | ... AA17: =IF($B17="-","-",VLOOKUP(ROUND(CONCATENATE($A17,AA$2),0),'Cadastro dos Padrões'!$A$2:$V$921,AA$1,FALSE)) -> -8.57636e-07 | AB17: =IF(VLOOKUP(ROUND(CONCATENATE($A17,AB$2),0),'Cadastro dos Padrões'!$A$2:$V$921,AB$1,FALSE)="","-",VLOOKUP(ROUND(CONCATENATE($A17,AB$2),0),'Cadastro dos Padrões'!$A$2:$V$921,AB$1,FALSE)) -> 0.001 | AC17: =IF(VLOOKUP(ROUND(CONCATENATE($A17,AC$2),0),'Cadastro dos Padrões'!$A$2:$V$921,AC$1,FALSE)="","-",VLOOKUP(ROUND(CONCATENATE($A17,AC$2),0),'Cadastro dos Padrões'!$A$2:$V$921,AC$1,FALSE)) -> 4e-06 | AD17: =IF(VLOOKUP(ROUND(CONCATENATE($A17,AD$2),0),'Cadastro dos Padrões'!$A$2:$V$921,AD$1,FALSE)="","-",VLOOKUP(ROUND(CONCATENATE($A17,AD$2),0),'Cadastro dos Padrões'!$A$2:$V$921,AD$1,FALSE)) -> 2 | AE17: =IF(VLOOKUP(ROUND(CONCATENATE($A17,AE$2),0),'Cadastro dos Padrões'!$A$2:$V$921,AE$1,FALSE)="","-",VLOOKUP(ROUND(CONCATENATE($A17,AE$2),0),'Cadastro dos Padrões'!$A$2:$V$921,AE$1,FALSE)) -> 1000000 | AF17: =IF(VLOOKUP(ROUND(CONCATENATE($A17,AF$2),0),'Cadastro dos Padrões'!$A$2:$V$921,AF$1,FALSE)="","-",VLOOKUP(ROUND(CONCATENATE($A17,AF$2),0),'Cadastro dos Padrões'!$A$2:$V$921,AF$1,FALSE)) -> 0.01 | AG17: =IF(VLOOKUP(ROUND(CONCATENATE($A17,AG$2),0),'Cadastro dos Padrões'!$A$2:$V$921,AG$1,FALSE)="","-",VLOOKUP(ROUND(CONCATENATE($A17,AG$2),0),'Cadastro dos Padrões'!$A$2:$V$921,AG$1,FALSE)) -> 8e-06 | AH17: =IF(VLOOKUP(ROUND(CONCATENATE($A17,AH$2),0),'Cadastro dos Padrões'!$A$2:$V$921,AH$1,FALSE)="","-",VLOOKUP(ROUND(CONCATENATE($A17,AH$2),0),'Cadastro dos Padrões'!$A$2:$V$921,AH$1,FALSE)) -> 2 | AI17: =IF(VLOOKUP(ROUND(CONCATENATE($A17,AI$2),0),'Cadastro dos Padrões'!$A$2:$V$921,AI$1,FALSE)="","-",VLOOKUP(ROUND(CONCATENATE($A17,AI$2),0),'Cadastro dos Padrões'!$A$2:$V$921,AI$1,FALSE)) -> 1000000 | ... CI17: =IF(VLOOKUP(ROUND(CONCATENATE($A17,CI$2),0),'Cadastro dos Padrões'!$A$2:$V$921,CI$1,FALSE)="","-",VLOOKUP(ROUND(CONCATENATE($A17,CI$2),0),'Cadastro dos Padrões'!$A$2:$V$921,CI$1,FALSE)) -> 0
... A25: 20 | B25: =IF(VLOOKUP(ROUND(CONCATENATE($A25,B$2),0),'Cadastro dos Padrões'!$A$2:$V$921,B$1,FALSE)="","-",VLOOKUP(ROUND(CONCATENATE($A25,B$2),0),'Cadastro dos Padrões'!$A$2:$V$921,B$1,FALSE)) -> - | C25: =IF(VLOOKUP(ROUND(CONCATENATE($A25,C$2),0),'Cadastro dos Padrões'!$A$2:$V$921,C$1,FALSE)="","-",VLOOKUP(ROUND(CONCATENATE($A25,C$2),0),'Cadastro dos Padrões'!$A$2:$V$921,C$1,FALSE)) -> - | D25: =IF(VLOOKUP(ROUND(CONCATENATE($A25,D$2),0),'Cadastro dos Padrões'!$A$2:$V$921,D$1,FALSE)="","-",VLOOKUP(ROUND(CONCATENATE($A25,D$2),0),'Cadastro dos Padrões'!$A$2:$V$921,D$1,FALSE)) -> - | E25: =IF(VLOOKUP(ROUND(CONCATENATE($A25,E$2),0),'Cadastro dos Padrões'!$A$2:$V$921,E$1,FALSE)="","-",VLOOKUP(ROUND(CONCATENATE($A25,E$2),0),'Cadastro dos Padrões'!$A$2:$V$921,E$1,FALSE)) -> - | F25: =IF(VLOOKUP(ROUND(CONCATENATE($A25,F$2),0),'Cadastro dos Padrões'!$A$2:$V$921,F$1,FALSE)="","-",VLOOKUP(ROUND(CONCATENATE($A25,F$2),0),'Cadastro dos Padrões'!$A$2:$V$921,F$1,FALSE)) -> - | G25: =IF(VLOOKUP(ROUND(CONCATENATE($A25,G$2),0),'Cadastro dos Padrões'!$A$2:$V$921,G$1,FALSE)="","-",VLOOKUP(ROUND(CONCATENATE($A25,G$2),0),'Cadastro dos Padrões'!$A$2:$V$921,G$1,FALSE)) -> - | H25: =IF(VLOOKUP(ROUND(CONCATENATE($A25,H$2),0),'Cadastro dos Padrões'!$A$2:$V$921,H$1,FALSE)="","-",VLOOKUP(ROUND(CONCATENATE($A25,H$2),0),'Cadastro dos Padrões'!$A$2:$V$921,H$1,FALSE)) -> - | I25: =IF(VLOOKUP(ROUND(CONCATENATE($A25,I$2),0),'Cadastro dos Padrões'!$A$2:$V$921,I$1,FALSE)="","-",VLOOKUP(ROUND(CONCATENATE($A25,I$2),0),'Cadastro dos Padrões'!$A$2:$V$921,I$1,FALSE)) -> - | ... P25: =IF(VLOOKUP(ROUND(CONCATENATE($A25,P$2),0),'Cadastro dos Padrões'!$A$2:$V$921,P$1,FALSE)="","-",VLOOKUP(ROUND(CONCATENATE($A25,P$2),0),'Cadastro dos Padrões'!$A$2:$V$921,P$1,FALSE)) -> 0 | Q25: =IF($B25="-","-",VLOOKUP(ROUND(CONCATENATE($A25,Q$2),0),'Cadastro dos Padrões'!$A$2:$V$921,Q$1,FALSE)) -> - | R25: =IF($B25="-","-",VLOOKUP(ROUND(CONCATENATE($A25,R$2),0),'Cadastro dos Padrões'!$A$2:$V$921,R$1,FALSE)) -> - | S25: =IF($B25="-","-",VLOOKUP(ROUND(CONCATENATE($A25,S$2),0),'Cadastro dos Padrões'!$A$2:$V$921,S$1,FALSE)) -> - | T25: =IF($B25="-","-",VLOOKUP(ROUND(CONCATENATE($A25,T$2),0),'Cadastro dos Padrões'!$A$2:$V$921,T$1,FALSE)) -> - | U25: =IF($B25="-","-",VLOOKUP(ROUND(CONCATENATE($A25,U$2),0),'Cadastro dos Padrões'!$A$2:$V$921,U$1,FALSE)) -> - | V25: =IF($B25="-","-",VLOOKUP(ROUND(CONCATENATE($A25,V$2),0),'Cadastro dos Padrões'!$A$2:$V$921,V$1,FALSE)) -> - | W25: =IF($B25="-","-",VLOOKUP(ROUND(CONCATENATE($A25,W$2),0),'Cadastro dos Padrões'!$A$2:$V$921,W$1,FALSE)) -> - | X25: =IF($B25="-","-",VLOOKUP(ROUND(CONCATENATE($A25,X$2),0),'Cadastro dos Padrões'!$A$2:$V$921,X$1,FALSE)) -> - | ... AA25: =IF($B25="-","-",VLOOKUP(ROUND(CONCATENATE($A25,AA$2),0),'Cadastro dos Padrões'!$A$2:$V$921,AA$1,FALSE)) -> - | AB25: =IF(VLOOKUP(ROUND(CONCATENATE($A25,AB$2),0),'Cadastro dos Padrões'!$A$2:$V$921,AB$1,FALSE)="","-",VLOOKUP(ROUND(CONCATENATE($A25,AB$2),0),'Cadastro dos Padrões'!$A$2:$V$921,AB$1,FALSE)) -> - | AC25: =IF(VLOOKUP(ROUND(CONCATENATE($A25,AC$2),0),'Cadastro dos Padrões'!$A$2:$V$921,AC$1,FALSE)="","-",VLOOKUP(ROUND(CONCATENATE($A25,AC$2),0),'Cadastro dos Padrões'!$A$2:$V$921,AC$1,FALSE)) -> - | AD25: =IF(VLOOKUP(ROUND(CONCATENATE($A25,AD$2),0),'Cadastro dos Padrões'!$A$2:$V$921,AD$1,FALSE)="","-",VLOOKUP(ROUND(CONCATENATE($A25,AD$2),0),'Cadastro dos Padrões'!$A$2:$V$921,AD$1,FALSE)) -> - | AE25: =IF(VLOOKUP(ROUND(CONCATENATE($A25,AE$2),0),'Cadastro dos Padrões'!$A$2:$V$921,AE$1,FALSE)="","-",VLOOKUP(ROUND(CONCATENATE($A25,AE$2),0),'Cadastro dos Padrões'!$A$2:$V$921,AE$1,FALSE)) -> - | AF25: =IF(VLOOKUP(ROUND(CONCATENATE($A25,AF$2),0),'Cadastro dos Padrões'!$A$2:$V$921,AF$1,FALSE)="","-",VLOOKUP(ROUND(CONCATENATE($A25,AF$2),0),'Cadastro dos Padrões'!$A$2:$V$921,AF$1,FALSE)) -> - | AG25: =IF(VLOOKUP(ROUND(CONCATENATE($A25,AG$2),0),'Cadastro dos Padrões'!$A$2:$V$921,AG$1,FALSE)="","-",VLOOKUP(ROUND(CONCATENATE($A25,AG$2),0),'Cadastro dos Padrões'!$A$2:$V$921,AG$1,FALSE)) -> - | AH25: =IF(VLOOKUP(ROUND(CONCATENATE($A25,AH$2),0),'Cadastro dos Padrões'!$A$2:$V$921,AH$1,FALSE)="","-",VLOOKUP(ROUND(CONCATENATE($A25,AH$2),0),'Cadastro dos Padrões'!$A$2:$V$921,AH$1,FALSE)) -> - | AI25: =IF(VLOOKUP(ROUND(CONCATENATE($A25,AI$2),0),'Cadastro dos Padrões'!$A$2:$V$921,AI$1,FALSE)="","-",VLOOKUP(ROUND(CONCATENATE($A25,AI$2),0),'Cadastro dos Padrões'!$A$2:$V$921,AI$1,FALSE)) -> - | ... CI25: =IF(VLOOKUP(ROUND(CONCATENATE($A25,CI$2),0),'Cadastro dos Padrões'!$A$2:$V$921,CI$1,FALSE)="","-",VLOOKUP(ROUND(CONCATENATE($A25,CI$2),0),'Cadastro dos Padrões'!$A$2:$V$921,CI$1,FALSE)) -> 0
A26: 1 | B26: =A26+1 -> 2 | C26: =B26+1 -> 3 | D26: =C26+1 -> 4 | E26: =D26+1 -> 5 | F26: =E26+1 -> 6 | G26: =F26+1 -> 7 | H26: =G26+1 -> 8 | I26: =H26+1 -> 9 | ... CI26: =CH26+1 -> 87

Sheet Histórico de revisões
A1: Histórico de revisões do Formulário:
A3: N° do documento | C3: Banco de dados - Balanças
A4: 1ª Revisão | C4: 0 | D4: =B8 -> 44963 | E4: por : | F4: Caio C.
A5: Ultima Revisão | C5: =MAX(A8:A82) -> 9 | D5: =VLOOKUP(C5,A8:C82,2,FALSE) -> 46036 | E5: por : | F5: =VLOOKUP(C5,A8:C82,3,FALSE) -> Caio Cesar
A7: Revisão | B7: Data | C7: Revisado por: | D7: Verificado por: | E7: Descrição das alterações:
A8: 0 | B8: 44963 | C8: Caio Cesar | D8: - | E8: Criação da aba de controle de atualização.
A9: =IF(E9="","",MAX($A$8:A8)+1) -> 1 | B9: 44963 | C9: Caio Cesar | D9: Julio Cesar | E9: Atualização dos padrões EL-039/049/070/111/179/625/917/965/1027.
A10: =IF(E10="","",MAX($A$8:A9)+1) -> 2 | B10: 45330 | C10: Caio Cesar | D10: Julio Cesar | E10: Atualização dos padrões EL-039/049/070/111/179/625/917/965/1027.
A11: =IF(E11="","",MAX($A$8:A10)+1) -> 3 | B11: 45505 | C11: Caio Cesar | D11: Julio Cesar | E11: Inclusão do padrão E.MS.LV-001.
A12: =IF(E12="","",MAX($A$8:A11)+1) -> 4 | B12: 45692 | C12: Caio Cesar | D12: Julio Cesar | E12: Atualização dos padrões.
A13: =IF(E13="","",MAX($A$8:A12)+1) -> 5 | B13: 45873 | C13: Caio Cesar | D13: Julio Cesar | E13: Inclusão do padrão E.MS.LQ-009.
A14: =IF(E14="","",MAX($A$8:A13)+1) -> 6 | B14: 45875 | C14: Caio Cesar | D14: Julio Cesar | E14: Atualização do padrão E.MS.LQ-001.
A15: =IF(E15="","",MAX($A$8:A14)+1) -> 7 | B15: 45915 | C15: Caio Cesar | D15: Julio Cesar | E15: Atualização do padrão E.MS.LV-001.
A16: =IF(E16="","",MAX($A$8:A15)+1) -> 8 | B16: 46000 | C16: Caio Cesar | D16: Robson C. | E16: Atualização do padrão M.MS.LM-005/006/014.
A17: =IF(E17="","",MAX($A$8:A16)+1) -> 9 | B17: 46036 | C17: Caio Cesar | D17: Julio Cesar | E17: E.MS.LQ-003/004/005/006/007, E.MS.LV-002/003 e E.MS.PMR-001/002/003.
A18: =IF(E18="","",MAX($A$8:A17)+1)
A19: =IF(E19="","",MAX($A$8:A18)+1)
A20: =IF(E20="","",MAX($A$8:A19)+1)
A21: =IF(E21="","",MAX($A$8:A20)+1)
A22: =IF(E22="","",MAX($A$8:A21)+1)
A23: =IF(E23="","",MAX($A$8:A22)+1)
A24: =IF(E24="","",MAX($A$8:A23)+1)
A25: =IF(E25="","",MAX($A$8:A24)+1)
A26: =IF(E26="","",MAX($A$8:A25)+1)
A27: =IF(E27="","",MAX($A$8:A26)+1)
A28: =IF(E28="","",MAX($A$8:A27)+1)
A29: =IF(E29="","",MAX($A$8:A28)+1)
... A82: =IF(E82="","",MAX($A$8:A81)+1)

Sheet Planilha1
G10: 0,005000 | J10: 0,005002 | M10: 0,000002 | P10: 0,000000 | R10: 0,000003
G11: 0,020000 | J11: 0,020004 | M11: 0,000004 | P11: 0,000000 | R11: 0,000005
G12: 0,050000 | J12: 0,050005 | M12: 0,000005 | P12: 0,000000 | R12: 0,000005
G13: 0,100000 | J13: 0,100002 | M13: 0,000002 | P13: 0,000000 | R13: 0,000006
G14: 0,200000 | J14: 0,200000 | M14: 0,000000 | P14: 0,000000 | R14: 0,000008
G15: 0,500000 | J15: 0,500001 | M15: 0,000001 | P15: 0,000000 | R15: 0,000011
G16: 1,000000 | J16: 1,000005 | M16: 0,000005 | P16: 0,000000 | R16: 0,000011
