Workbook
Name _Z99999: [1]Cliente!#REF!
Name _ZZ99: [1]Cliente!#REF!
Name capacidade: [2]Dados!$F$11
Name CERTIFICADO: [1]Cliente!$Y$8
Name data_receb: [2]Dados!$E$7
Name DATA_RECEBIMENTO: [1]Cliente!#REF!
Name ENTRADA: [1]Cliente!#REF!
Name equip: [2]Dados!$C$10
Name n_cert: [2]Dados!$C$8
Name n_ident: [2]Dados!$C$13
Name n_serie: [2]Dados!$C$14
Name pressão: [2]Dados!$D$27
Name proced: [2]Dados!$F$13
Name resolução: [2]Dados!$F$10
Name temp_ar: [2]Dados!$D$25
Name temp_carr: #REF!
Name umid: [2]Dados!#REF!
Name unid_e: [2]Dados!$D$31
Name versão: [2]Dados!$F$14

Sheet Controle
B1: 4 | C1: 4 | D1: 4 | E1: 4 | F1: 4 | G1: 4 | H1: 4 | I1: 8 | J1: 4 | K1: 7 | L1: 4 | M1: 6 | N1: 4 | O1: 5 | P1: 5 | Q1: 5 | R1: 17 | S1: 15 | T1: 11 | U1: 12 | V1: 13 | W1: 14 | X1: 15 | Y1: 16 | Z1: 17 | AA1: 18 | AB1: 19 | AC1: 2 | AD1: 4 | AE1: 5 | AF1: 6 | AG1: 2 | AH1: 4 | AI1: 5 | AJ1: 6 | AK1: 2 | AL1: 4 | AM1: 5 | AN1: 6 | AO1: 2 | AP1: 4 | AQ1: 5 | AR1: 6 | AS1: 2 | AT1: 4 | AU1: 5 | AV1: 6 | AW1: 2 | AX1: 4 | AY1: 5 | AZ1: 6 | BA1: 2 | BB1: 4 | BC1: 5 | BD1: 6 | BE1: 2 | BF1: 4 | BG1: 5 | BH1: 6 | BI1: 2 | BJ1: 4 | BK1: 5 | BL1: 6 | BM1: 2 | BN1: 4 | BO1: 5 | BP1: 6
B2: 203 | C2: 201 | D2: 204 | E2: 205 | F2: 206 | G2: 207 | H2: 208 | I2: 209 | J2: 202 | K2: 202 | L2: 210 | M2: 210 | N2: 209 | O2: 237 | P2: 241 | Q2: 233 | R2: 208 | S2: 208 | T2: 206 | U2: 206 | V2: 206 | W2: 206 | X2: 206 | Y2: 206 | Z2: 206 | AA2: 206 | AB2: 206 | AC2: 217 | AD2: =AC2 -> 217 | AE2: =AD2 -> 217 | AF2: =AE2 -> 217 | AG2: =AF2+1 -> 218 | AH2: =AG2 -> 218 | AI2: =AH2 -> 218 | AJ2: =AI2 -> 218 | AK2: =AJ2+1 -> 219 | AL2: =AK2 -> 219 | AM2: =AL2 -> 219 | AN2: =AM2 -> 219 | AO2: =AN2+1 -> 220 | AP2: =AO2 -> 220 | AQ2: =AP2 -> 220 | AR2: =AQ2 -> 220 | AS2: =AR2+1 -> 221 | AT2: =AS2 -> 221 | AU2: =AT2 -> 221 | AV2: =AU2 -> 221 | AW2: =AV2+1 -> 222 | AX2: =AW2 -> 222 | AY2: =AX2 -> 222 | AZ2: =AY2 -> 222 | BA2: =AZ2+1 -> 223 | BB2: =BA2 -> 223 | BC2: =BB2 -> 223 | BD2: =BC2 -> 223 | BE2: =BD2+1 -> 224 | BF2: =BE2 -> 224 | BG2: =BF2 -> 224 | BH2: =BG2 -> 224 | BI2: =BH2+1 -> 225 | BJ2: =BI2 -> 225 | BK2: =BJ2 -> 225 | BL2: =BK2 -> 225 | BM2: =BL2+1 -> 226 | BN2: =BM2 -> 226 | BO2: =BN2 -> 226 | BP2: =BO2 -> 226
H3: =TODAY() -> 46076 | AC3: 1 | AD3: =AC3 -> 1 | AE3: =AD3 -> 1 | AF3: =AE3 -> 1 | AG3: =AF3+1 -> 2 | AH3: =AG3 -> 2 | AI3: =AH3 -> 2 | AJ3: =AI3 -> 2 | AK3: =AJ3+1 -> 3 | AL3: =AK3 -> 3 | AM3: =AL3 -> 3 | AN3: =AM3 -> 3 | AO3: =AN3+1 -> 4 | AP3: =AO3 -> 4 | AQ3: =AP3 -> 4 | AR3: =AQ3 -> 4 | AS3: =AR3+1 -> 5 | AT3: =AS3 -> 5 | AU3: =AT3 -> 5 | AV3: =AU3 -> 5 | AW3: =AV3+1 -> 6 | AX3: =AW3 -> 6 | AY3: =AX3 -> 6 | AZ3: =AY3 -> 6 | BA3: =AZ3+1 -> 7 | BB3: =BA3 -> 7 | BC3: =BB3 -> 7 | BD3: =BC3 -> 7 | BE3: =BD3+1 -> 8 | BF3: =BE3 -> 8 | BG3: =BF3 -> 8 | BH3: =BG3 -> 8 | BI3: =BH3+1 -> 9 | BJ3: =BI3 -> 9 | BK3: =BJ3 -> 9 | BL3: =BK3 -> 9 | BM3: =BL3+1 -> 10 | BN3: =BM3 -> 10 | BO3: =BN3 -> 10 | BP3: =BO3 -> 10
R4: Polinômio da Curva | AC4: =CONCATENATE(AC3,"º Ponto") -> 1º Ponto | AG4: =CONCATENATE(AG3,"º Ponto") -> 2º Ponto | AK4: =CONCATENATE(AK3,"º Ponto") -> 3º Ponto | AO4: =CONCATENATE(AO3,"º Ponto") -> 4º Ponto | AS4: =CONCATENATE(AS3,"º Ponto") -> 5º Ponto | AW4: =CONCATENATE(AW3,"º Ponto") -> 6º Ponto | BA4: =CONCATENATE(BA3,"º Ponto") -> 7º Ponto | BE4: =CONCATENATE(BE3,"º Ponto") -> 8º Ponto | BI4: =CONCATENATE(BI3,"º Ponto") -> 9º Ponto | BM4: =CONCATENATE(BM3,"º Ponto") -> 10º Ponto
B5: TAG | C5: Padrão | D5: Calibrado por | E5: Rastreabilidade | F5: n° do certificado | G5: Data da Calibração | H5: Vencimento | I5: Unidade calibrada | J5: Tipo de medição | K5: Tipo do sensor | L5: Faixa mínima | M5: Faixa máxima | N5: Resolução | O5: Maior desvio | P5: Maior Incerteza | Q5: Deriva | R5: Residuo | S5: Veff | T5: X8 | U5: X7 | V5: X6 | W5: X5 | X5: X4 | Y5: X3 | Z5: X2 | AA5: X1 | AB5: X0 | AC5: =CONCATENATE(AC3,"-VR") -> 1-VR | AD5: =CONCATENATE(AD3,"-U") -> 1-U | AE5: =CONCATENATE(AE3,"-K") -> 1-K | AF5: =CONCATENATE(AF3,"-GL") -> 1-GL | AG5: =CONCATENATE(AG3,"-VR") -> 2-VR | AH5: =CONCATENATE(AH3,"-U") -> 2-U | AI5: =CONCATENATE(AI3,"-K") -> 2-K | AJ5: =CONCATENATE(AJ3,"-GL") -> 2-GL | AK5: =CONCATENATE(AK3,"-VR") -> 3-VR | AL5: =CONCATENATE(AL3,"-U") -> 3-U | AM5: =CONCATENATE(AM3,"-K") -> 3-K | AN5: =CONCATENATE(AN3,"-GL") -> 3-GL | AO5: =CONCATENATE(AO3,"-VR") -> 4-VR | AP5: =CONCATENATE(AP3,"-U") -> 4-U | AQ5: =CONCATENATE(AQ3,"-K") -> 4-K | AR5: =CONCATENATE(AR3,"-GL") -> 4-GL | AS5: =CONCATENATE(AS3,"-VR") -> 5-VR | AT5: =CONCATENATE(AT3,"-U") -> 5-U | AU5: =CONCATENATE(AU3,"-K") -> 5-K | AV5: =CONCATENATE(AV3,"-GL") -> 5-GL | AW5: =CONCATENATE(AW3,"-VR") -> 6-VR | AX5: =CONCATENATE(AX3,"-U") -> 6-U | AY5: =CONCATENATE(AY3,"-K") -> 6-K | AZ5: =CONCATENATE(AZ3,"-GL") -> 6-GL | BA5: =CONCATENATE(BA3,"-VR") -> 7-VR | BB5: =CONCATENATE(BB3,"-U") -> 7-U | BC5: =CONCATENATE(BC3,"-K") -> 7-K | BD5: =CONCATENATE(BD3,"-GL") -> 7-GL | BE5: =CONCATENATE(BE3,"-VR") -> 8-VR | BF5: =CONCATENATE(BF3,"-U") -> 8-U | BG5: =CONCATENATE(BG3,"-K") -> 8-K | BH5: =CONCATENATE(BH3,"-GL") -> 8-GL | BI5: =CONCATENATE(BI3,"-VR") -> 9-VR | BJ5: =CONCATENATE(BJ3,"-U") -> 9-U | BK5: =CONCATENATE(BK3,"-K") -> 9-K | BL5: =CONCATENATE(BL3,"-GL") -> 9-GL | BM5: =CONCATENATE(BM3,"-VR") -> 10-VR | BN5: =CONCATENATE(BN3,"-U") -> 10-U | BO5: =CONCATENATE(BO3,"-K") -> 10-K | BP5: =CONCATENATE(BP3,"-GL") -> 10-GL
A6: 1 | B6: =IF(VLOOKUP(ROUND(CONCATENATE($A6,B$2),0),'Cadastro - Padrões'!$A$2:$V$10081,B$1,FALSE)="","-",VLOOKUP(ROUND(CONCATENATE($A6,B$2),0),'Cadastro - Padrões'!$A$2:$V$10081,B$1,FALSE)) -> E.TH.LT-010 | C6: =IF($B6="-","-",VLOOKUP(ROUND(CONCATENATE($A6,C$2),0),'Cadastro - Padrões'!$A$2:$V$10081,C$1,FALSE)) -> Termômetro Digital | D6: =IF($B6="-","-",VLOOKUP(ROUND(CONCATENATE($A6,D$2),0),'Cadastro - Padrões'!$A$2:$V$4272,D$1,FALSE)) -> Elus | E6: =IF($B6="-","-",VLOOKUP(ROUND(CONCATENATE($A6,E$2),0),'Cadastro - Padrões'!$A$2:$V$4272,E$1,FALSE)) -> RBC - CAL 0439 | F6: =IF($B6="-","-",VLOOKUP(ROUND(CONCATENATE($A6,F$2),0),'Cadastro - Padrões'!$A$2:$V$4272,F$1,FALSE)) -> E0319/25 | G6: =IF($B6="-","-",VLOOKUP(ROUND(CONCATENATE($A6,G$2),0),'Cadastro - Padrões'!$A$2:$V$10081,G$1,FALSE)) -> 45807 | H6: =IF($B6="-","-",VLOOKUP(ROUND(CONCATENATE($A6,H$2),0),'Cadastro - Padrões'!$A$2:$V$10081,H$1,FALSE)) -> 46172 | I6: =IF($B6="-","-",VLOOKUP(ROUND(CONCATENATE($A6,I$2),0),'Cadastro - Padrões'!$A$2:$V$10081,I$1,FALSE)) -> °C | J6: =IF($B6="-","-",VLOOKUP(ROUND(CONCATENATE($A6,J$2),0),'Cadastro - Padrões'!$A$2:$V$10081,J$1,FALSE)) -> Contato | K6: =IF($B6="-","-",VLOOKUP(ROUND(CONCATENATE($A6,K$2),0),'Cadastro - Padrões'!$A$2:$V$10081,K$1,FALSE)) -> Termoresisitivo | L6: =IF($B6="-","-",VLOOKUP(ROUND(CONCATENATE($A6,L$2),0),'Cadastro - Padrões'!$A$2:$V$10081,L$1,FALSE)) -> -90 | M6: =IF($B6="-","-",VLOOKUP(ROUND(CONCATENATE($A6,M$2),0),'Cadastro - Padrões'!$A$2:$V$10081,M$1,FALSE)) -> 300 | N6: =IF($B6="-","-",VLOOKUP(ROUND(CONCATENATE($A6,N$2),0),'Cadastro - Padrões'!$A$2:$V$10081,N$1,FALSE)) -> 0.001 | ... AB6: =IF($B6="-","-",VLOOKUP(ROUND(CONCATENATE($A6,AB$2),0),'Cadastro - Padrões'!$A$2:$V$10081,AB$1,FALSE)) -> -0.0032031676 | AC6: =IF($B6="-","-",IF(VLOOKUP(ROUND(CONCATENATE($A6,AC$2),0),'Cadastro - Padrões'!$A$2:$V$10081,AC$1,FALSE)="","-",VLOOKUP(ROUND(CONCATENATE($A6,AC$2),0),'Cadastro - Padrões'!$A$2:$V$10081,AC$1,FALSE))) -> -90 | AD6: =IF($B6="-","-",IF(VLOOKUP(ROUND(CONCATENATE($A6,AD$2),0),'Cadastro - Padrões'!$A$2:$V$10081,AD$1,FALSE)="","-",VLOOKUP(ROUND(CONCATENATE($A6,AD$2),0),'Cadastro - Padrões'!$A$2:$V$10081,AD$1,FALSE))) -> 0.07 | AE6: =IF($B6="-","-",IF(VLOOKUP(ROUND(CONCATENATE($A6,AE$2),0),'Cadastro - Padrões'!$A$2:$V$10081,AE$1,FALSE)="","-",VLOOKUP(ROUND(CONCATENATE($A6,AE$2),0),'Cadastro - Padrões'!$A$2:$V$10081,AE$1,FALSE))) -> 2 | AF6: =IF($B6="-","-",IF(VLOOKUP(ROUND(CONCATENATE($A6,AF$2),0),'Cadastro - Padrões'!$A$2:$V$10081,AF$1,FALSE)="","-",VLOOKUP(ROUND(CONCATENATE($A6,AF$2),0),'Cadastro - Padrões'!$A$2:$V$10081,AF$1,FALSE))) -> 1000000 | AG6: =IF($B6="-","-",IF(VLOOKUP(ROUND(CONCATENATE($A6,AG$2),0),'Cadastro - Padrões'!$A$2:$V$10081,AG$1,FALSE)="","-",VLOOKUP(ROUND(CONCATENATE($A6,AG$2),0),'Cadastro - Padrões'!$A$2:$V$10081,AG$1,FALSE))) -> -45 | AH6: =IF($B6="-","-",IF(VLOOKUP(ROUND(CONCATENATE($A6,AH$2),0),'Cadastro - Padrões'!$A$2:$V$10081,AH$1,FALSE)="","-",VLOOKUP(ROUND(CONCATENATE($A6,AH$2),0),'Cadastro - Padrões'!$A$2:$V$10081,AH$1,FALSE))) -> 0.03 | AI6: =IF($B6="-","-",IF(VLOOKUP(ROUND(CONCATENATE($A6,AI$2),0),'Cadastro - Padrões'!$A$2:$V$10081,AI$1,FALSE)="","-",VLOOKUP(ROUND(CONCATENATE($A6,AI$2),0),'Cadastro - Padrões'!$A$2:$V$10081,AI$1,FALSE))) -> 2 | AJ6: =IF($B6="-","-",IF(VLOOKUP(ROUND(CONCATENATE($A6,AJ$2),0),'Cadastro - Padrões'!$A$2:$V$10081,AJ$1,FALSE)="","-",VLOOKUP(ROUND(CONCATENATE($A6,AJ$2),0),'Cadastro - Padrões'!$A$2:$V$10081,AJ$1,FALSE))) -> 1000000 | ... BP6: =IF($B6="-","-",IF(VLOOKUP(ROUND(CONCATENATE($A6,BP$2),0),'Cadastro - Padrões'!$A$2:$V$10081,BP$1,FALSE)="","-",VLOOKUP(ROUND(CONCATENATE($A6,BP$2),0),'Cadastro - Padrões'!$A$2:$V$10081,BP$1,FALSE))) -> -
A7: =A6+1 -> 2 | B7: =IF(VLOOKUP(ROUND(CONCATENATE($A7,B$2),0),'Cadastro - Padrões'!$A$2:$V$10081,B$1,FALSE)="","-",VLOOKUP(ROUND(CONCATENATE($A7,B$2),0),'Cadastro - Padrões'!$A$2:$V$10081,B$1,FALSE)) -> E.TH.PMR-004 | C7: =IF($B7="-","-",VLOOKUP(ROUND(CONCATENATE($A7,C$2),0),'Cadastro - Padrões'!$A$2:$V$10081,C$1,FALSE)) -> Termohigrômetro Digital | D7: =IF($B7="-","-",VLOOKUP(ROUND(CONCATENATE($A7,D$2),0),'Cadastro - Padrões'!$A$2:$V$10081,D$1,FALSE)) -> Elus | E7: =IF($B7="-","-",VLOOKUP(ROUND(CONCATENATE($A7,E$2),0),'Cadastro - Padrões'!$A$2:$V$10081,E$1,FALSE)) -> RBC - CAL 0439 | F7: =IF($B7="-","-",VLOOKUP(ROUND(CONCATENATE($A7,F$2),0),'Cadastro - Padrões'!$A$2:$V$10081,F$1,FALSE)) -> E0401/25 | G7: =IF($B7="-","-",VLOOKUP(ROUND(CONCATENATE($A7,G$2),0),'Cadastro - Padrões'!$A$2:$V$10081,G$1,FALSE)) -> 45836 | H7: =IF($B7="-","-",VLOOKUP(ROUND(CONCATENATE($A7,H$2),0),'Cadastro - Padrões'!$A$2:$V$10081,H$1,FALSE)) -> 46203 | I7: =IF($B7="-","-",VLOOKUP(ROUND(CONCATENATE($A7,I$2),0),'Cadastro - Padrões'!$A$2:$V$10081,I$1,FALSE)) -> °C | J7: =IF($B7="-","-",VLOOKUP(ROUND(CONCATENATE($A7,J$2),0),'Cadastro - Padrões'!$A$2:$V$10081,J$1,FALSE)) -> IN | ... AB7: =IF($B7="-","-",VLOOKUP(ROUND(CONCATENATE($A7,AB$2),0),'Cadastro - Padrões'!$A$2:$V$10081,AB$1,FALSE)) -> 0.38992112 | AC7: =IF($B7="-","-",IF(VLOOKUP(ROUND(CONCATENATE($A7,AC$2),0),'Cadastro - Padrões'!$A$2:$V$10081,AC$1,FALSE)="","-",VLOOKUP(ROUND(CONCATENATE($A7,AC$2),0),'Cadastro - Padrões'!$A$2:$V$10081,AC$1,FALSE))) -> 15 | AD7: =IF($B7="-","-",IF(VLOOKUP(ROUND(CONCATENATE($A7,AD$2),0),'Cadastro - Padrões'!$A$2:$V$10081,AD$1,FALSE)="","-",VLOOKUP(ROUND(CONCATENATE($A7,AD$2),0),'Cadastro - Padrões'!$A$2:$V$10081,AD$1,FALSE))) -> 0.2 | AE7: =IF($B7="-","-",IF(VLOOKUP(ROUND(CONCATENATE($A7,AE$2),0),'Cadastro - Padrões'!$A$2:$V$10081,AE$1,FALSE)="","-",VLOOKUP(ROUND(CONCATENATE($A7,AE$2),0),'Cadastro - Padrões'!$A$2:$V$10081,AE$1,FALSE))) -> 2 | AF7: =IF($B7="-","-",IF(VLOOKUP(ROUND(CONCATENATE($A7,AF$2),0),'Cadastro - Padrões'!$A$2:$V$10081,AF$1,FALSE)="","-",VLOOKUP(ROUND(CONCATENATE($A7,AF$2),0),'Cadastro - Padrões'!$A$2:$V$10081,AF$1,FALSE))) -> 1000000 | AG7: =IF($B7="-","-",IF(VLOOKUP(ROUND(CONCATENATE($A7,AG$2),0),'Cadastro - Padrões'!$A$2:$V$10081,AG$1,FALSE)="","-",VLOOKUP(ROUND(CONCATENATE($A7,AG$2),0),'Cadastro - Padrões'!$A$2:$V$10081,AG$1,FALSE))) -> 25 | AH7: =IF($B7="-","-",IF(VLOOKUP(ROUND(CONCATENATE($A7,AH$2),0),'Cadastro - Padrões'!$A$2:$V$10081,AH$1,FALSE)="","-",VLOOKUP(ROUND(CONCATENATE($A7,AH$2),0),'Cadastro - Padrões'!$A$2:$V$10081,AH$1,FALSE))) -> 0.2 | AI7: =IF($B7="-","-",IF(VLOOKUP(ROUND(CONCATENATE($A7,AI$2),0),'Cadastro - Padrões'!$A$2:$V$10081,AI$1,FALSE)="","-",VLOOKUP(ROUND(CONCATENATE($A7,AI$2),0),'Cadastro - Padrões'!$A$2:$V$10081,AI$1,FALSE))) -> 2 | AJ7: =IF($B7="-","-",IF(VLOOKUP(ROUND(CONCATENATE($A7,AJ$2),0),'Cadastro - Padrões'!$A$2:$V$10081,AJ$1,FALSE)="","-",VLOOKUP(ROUND(CONCATENATE($A7,AJ$2),0),'Cadastro - Padrões'!$A$2:$V$10081,AJ$1,FALSE))) -> 1000000 | ... BP7: =IF($B7="-","-",IF(VLOOKUP(ROUND(CONCATENATE($A7,BP$2),0),'Cadastro - Padrões'!$A$2:$V$10081,BP$1,FALSE)="","-",VLOOKUP(ROUND(CONCATENATE($A7,BP$2),0),'Cadastro - Padrões'!$A$2:$V$10081,BP$1,FALSE))) -> -
A8: =A7+1 -> 3 | B8: =IF(VLOOKUP(ROUND(CONCATENATE($A8,B$2),0),'Cadastro - Padrões'!$A$2:$V$10081,B$1,FALSE)="","-",VLOOKUP(ROUND(CONCATENATE($A8,B$2),0),'Cadastro - Padrões'!$A$2:$V$10081,B$1,FALSE)) -> EL-800 | C8: =IF($B8="-","-",VLOOKUP(ROUND(CONCATENATE($A8,C$2),0),'Cadastro - Padrões'!$A$2:$V$10081,C$1,FALSE)) -> Termohigrômetro Digital | D8: =IF($B8="-","-",VLOOKUP(ROUND(CONCATENATE($A8,D$2),0),'Cadastro - Padrões'!$A$2:$V$10081,D$1,FALSE)) -> Elus | E8: =IF($B8="-","-",VLOOKUP(ROUND(CONCATENATE($A8,E$2),0),'Cadastro - Padrões'!$A$2:$V$10081,E$1,FALSE)) -> RBC - CAL 0439 | F8: =IF($B8="-","-",VLOOKUP(ROUND(CONCATENATE($A8,F$2),0),'Cadastro - Padrões'!$A$2:$V$10081,F$1,FALSE)) -> R0038/24 | G8: =IF($B8="-","-",VLOOKUP(ROUND(CONCATENATE($A8,G$2),0),'Cadastro - Padrões'!$A$2:$V$10081,G$1,FALSE)) -> 45412 | H8: =IF($B8="-","-",VLOOKUP(ROUND(CONCATENATE($A8,H$2),0),'Cadastro - Padrões'!$A$2:$V$10081,H$1,FALSE)) -> 45777 | I8: =IF($B8="-","-",VLOOKUP(ROUND(CONCATENATE($A8,I$2),0),'Cadastro - Padrões'!$A$2:$V$10081,I$1,FALSE)) -> °C | J8: =IF($B8="-","-",VLOOKUP(ROUND(CONCATENATE($A8,J$2),0),'Cadastro - Padrões'!$A$2:$V$10081,J$1,FALSE)) -> OUT | ... AB8: =IF($B8="-","-",VLOOKUP(ROUND(CONCATENATE($A8,AB$2),0),'Cadastro - Padrões'!$A$2:$V$10081,AB$1,FALSE)) -> 0.64237583 | AC8: =IF($B8="-","-",IF(VLOOKUP(ROUND(CONCATENATE($A8,AC$2),0),'Cadastro - Padrões'!$A$2:$V$10081,AC$1,FALSE)="","-",VLOOKUP(ROUND(CONCATENATE($A8,AC$2),0),'Cadastro - Padrões'!$A$2:$V$10081,AC$1,FALSE))) -> -10 | AD8: =IF($B8="-","-",IF(VLOOKUP(ROUND(CONCATENATE($A8,AD$2),0),'Cadastro - Padrões'!$A$2:$V$10081,AD$1,FALSE)="","-",VLOOKUP(ROUND(CONCATENATE($A8,AD$2),0),'Cadastro - Padrões'!$A$2:$V$10081,AD$1,FALSE))) -> 0.1 | AE8: =IF($B8="-","-",IF(VLOOKUP(ROUND(CONCATENATE($A8,AE$2),0),'Cadastro - Padrões'!$A$2:$V$10081,AE$1,FALSE)="","-",VLOOKUP(ROUND(CONCATENATE($A8,AE$2),0),'Cadastro - Padrões'!$A$2:$V$10081,AE$1,FALSE))) -> 2 | AF8: =IF($B8="-","-",IF(VLOOKUP(ROUND(CONCATENATE($A8,AF$2),0),'Cadastro - Padrões'!$A$2:$V$10081,AF$1,FALSE)="","-",VLOOKUP(ROUND(CONCATENATE($A8,AF$2),0),'Cadastro - Padrões'!$A$2:$V$10081,AF$1,FALSE))) -> 1000000 | AG8: =IF($B8="-","-",IF(VLOOKUP(ROUND(CONCATENATE($A8,AG$2),0),'Cadastro - Padrões'!$A$2:$V$10081,AG$1,FALSE)="","-",VLOOKUP(ROUND(CONCATENATE($A8,AG$2),0),'Cadastro - Padrões'!$A$2:$V$10081,AG$1,FALSE))) -> 25 | AH8: =IF($B8="-","-",IF(VLOOKUP(ROUND(CONCATENATE($A8,AH$2),0),'Cadastro - Padrões'!$A$2:$V$10081,AH$1,FALSE)="","-",VLOOKUP(ROUND(CONCATENATE($A8,AH$2),0),'Cadastro - Padrões'!$A$2:$V$10081,AH$1,FALSE))) -> 0.1 | AI8: =IF($B8="-","-",IF(VLOOKUP(ROUND(CONCATENATE($A8,AI$2),0),'Cadastro - Padrões'!$A$2:$V$10081,AI$1,FALSE)="","-",VLOOKUP(ROUND(CONCATENATE($A8,AI$2),0),'Cadastro - Padrões'!$A$2:$V$10081,AI$1,FALSE))) -> 2 | AJ8: =IF($B8="-","-",IF(VLOOKUP(ROUND(CONCATENATE($A8,AJ$2),0),'Cadastro - Padrões'!$A$2:$V$10081,AJ$1,FALSE)="","-",VLOOKUP(ROUND(CONCATENATE($A8,AJ$2),0),'Cadastro - Padrões'!$A$2:$V$10081,AJ$1,FALSE))) -> 1000000 | ... BP8: =IF($B8="-","-",IF(VLOOKUP(ROUND(CONCATENATE($A8,BP$2),0),'Cadastro - Padrões'!$A$2:$V$10081,BP$1,FALSE)="","-",VLOOKUP(ROUND(CONCATENATE($A8,BP$2),0),'Cadastro - Padrões'!$A$2:$V$10081,BP$1,FALSE))) -> -
A9: =A8+1 -> 4 | B9: =IF(VLOOKUP(ROUND(CONCATENATE($A9,B$2),0),'Cadastro - Padrões'!$A$2:$V$10081,B$1,FALSE)="","-",VLOOKUP(ROUND(CONCATENATE($A9,B$2),0),'Cadastro - Padrões'!$A$2:$V$10081,B$1,FALSE)) -> EL-800 | C9: =IF($B9="-","-",VLOOKUP(ROUND(CONCATENATE($A9,C$2),0),'Cadastro - Padrões'!$A$2:$V$10081,C$1,FALSE)) -> Termohigrômetro Digital | D9: =IF($B9="-","-",VLOOKUP(ROUND(CONCATENATE($A9,D$2),0),'Cadastro - Padrões'!$A$2:$V$10081,D$1,FALSE)) -> Elus | E9: =IF($B9="-","-",VLOOKUP(ROUND(CONCATENATE($A9,E$2),0),'Cadastro - Padrões'!$A$2:$V$10081,E$1,FALSE)) -> RBC - CAL 0439 | F9: =IF($B9="-","-",VLOOKUP(ROUND(CONCATENATE($A9,F$2),0),'Cadastro - Padrões'!$A$2:$V$10081,F$1,FALSE)) -> R0038/24 | G9: =IF($B9="-","-",VLOOKUP(ROUND(CONCATENATE($A9,G$2),0),'Cadastro - Padrões'!$A$2:$V$10081,G$1,FALSE)) -> 45412 | H9: =IF($B9="-","-",VLOOKUP(ROUND(CONCATENATE($A9,H$2),0),'Cadastro - Padrões'!$A$2:$V$10081,H$1,FALSE)) -> 45777 | I9: =IF($B9="-","-",VLOOKUP(ROUND(CONCATENATE($A9,I$2),0),'Cadastro - Padrões'!$A$2:$V$10081,I$1,FALSE)) -> °C | J9: =IF($B9="-","-",VLOOKUP(ROUND(CONCATENATE($A9,J$2),0),'Cadastro - Padrões'!$A$2:$V$10081,J$1,FALSE)) -> IN | ... AB9: =IF($B9="-","-",VLOOKUP(ROUND(CONCATENATE($A9,AB$2),0),'Cadastro - Padrões'!$A$2:$V$10081,AB$1,FALSE)) -> 0.20408163 | AC9: =IF($B9="-","-",IF(VLOOKUP(ROUND(CONCATENATE($A9,AC$2),0),'Cadastro - Padrões'!$A$2:$V$10081,AC$1,FALSE)="","-",VLOOKUP(ROUND(CONCATENATE($A9,AC$2),0),'Cadastro - Padrões'!$A$2:$V$10081,AC$1,FALSE))) -> 15 | AD9: =IF($B9="-","-",IF(VLOOKUP(ROUND(CONCATENATE($A9,AD$2),0),'Cadastro - Padrões'!$A$2:$V$10081,AD$1,FALSE)="","-",VLOOKUP(ROUND(CONCATENATE($A9,AD$2),0),'Cadastro - Padrões'!$A$2:$V$10081,AD$1,FALSE))) -> 0.2 | AE9: =IF($B9="-","-",IF(VLOOKUP(ROUND(CONCATENATE($A9,AE$2),0),'Cadastro - Padrões'!$A$2:$V$10081,AE$1,FALSE)="","-",VLOOKUP(ROUND(CONCATENATE($A9,AE$2),0),'Cadastro - Padrões'!$A$2:$V$10081,AE$1,FALSE))) -> 2 | AF9: =IF($B9="-","-",IF(VLOOKUP(ROUND(CONCATENATE($A9,AF$2),0),'Cadastro - Padrões'!$A$2:$V$10081,AF$1,FALSE)="","-",VLOOKUP(ROUND(CONCATENATE($A9,AF$2),0),'Cadastro - Padrões'!$A$2:$V$10081,AF$1,FALSE))) -> 1000000 | AG9: =IF($B9="-","-",IF(VLOOKUP(ROUND(CONCATENATE($A9,AG$2),0),'Cadastro - Padrões'!$A$2:$V$10081,AG$1,FALSE)="","-",VLOOKUP(ROUND(CONCATENATE($A9,AG$2),0),'Cadastro - Padrões'!$A$2:$V$10081,AG$1,FALSE))) -> 25 | AH9: =IF($B9="-","-",IF(VLOOKUP(ROUND(CONCATENATE($A9,AH$2),0),'Cadastro - Padrões'!$A$2:$V$10081,AH$1,FALSE)="","-",VLOOKUP(ROUND(CONCATENATE($A9,AH$2),0),'Cadastro - Padrões'!$A$2:$V$10081,AH$1,FALSE))) -> 0.2 | AI9: =IF($B9="-","-",IF(VLOOKUP(ROUND(CONCATENATE($A9,AI$2),0),'Cadastro - Padrões'!$A$2:$V$10081,AI$1,FALSE)="","-",VLOOKUP(ROUND(CONCATENATE($A9,AI$2),0),'Cadastro - Padrões'!$A$2:$V$10081,AI$1,FALSE))) -> 2 | AJ9: =IF($B9="-","-",IF(VLOOKUP(ROUND(CONCATENATE($A9,AJ$2),0),'Cadastro - Padrões'!$A$2:$V$10081,AJ$1,FALSE)="","-",VLOOKUP(ROUND(CONCATENATE($A9,AJ$2),0),'Cadastro - Padrões'!$A$2:$V$10081,AJ$1,FALSE))) -> 1000000 | ... BP9: =IF($B9="-","-",IF(VLOOKUP(ROUND(CONCATENATE($A9,BP$2),0),'Cadastro - Padrões'!$A$2:$V$10081,BP$1,FALSE)="","-",VLOOKUP(ROUND(CONCATENATE($A9,BP$2),0),'Cadastro - Padrões'!$A$2:$V$10081,BP$1,FALSE))) -> -
A10: =A9+1 -> 5 | B10: =IF(VLOOKUP(ROUND(CONCATENATE($A10,B$2),0),'Cadastro - Padrões'!$A$2:$V$10081,B$1,FALSE)="","-",VLOOKUP(ROUND(CONCATENATE($A10,B$2),0),'Cadastro - Padrões'!$A$2:$V$10081,B$1,FALSE)) -> E.VM.LQ-021 | C10: =IF($B10="-","-",VLOOKUP(ROUND(CONCATENATE($A10,C$2),0),'Cadastro - Padrões'!$A$2:$V$10081,C$1,FALSE)) -> Termômetro Digital | D10: =IF($B10="-","-",VLOOKUP(ROUND(CONCATENATE($A10,D$2),0),'Cadastro - Padrões'!$A$2:$V$10081,D$1,FALSE)) -> Elus | E10: =IF($B10="-","-",VLOOKUP(ROUND(CONCATENATE($A10,E$2),0),'Cadastro - Padrões'!$A$2:$V$10081,E$1,FALSE)) -> RBC - CAL 0439 | F10: =IF($B10="-","-",VLOOKUP(ROUND(CONCATENATE($A10,F$2),0),'Cadastro - Padrões'!$A$2:$V$10081,F$1,FALSE)) -> E0758/25 | G10: =IF($B10="-","-",VLOOKUP(ROUND(CONCATENATE($A10,G$2),0),'Cadastro - Padrões'!$A$2:$V$10081,G$1,FALSE)) -> 45959 | H10: =IF($B10="-","-",VLOOKUP(ROUND(CONCATENATE($A10,H$2),0),'Cadastro - Padrões'!$A$2:$V$10081,H$1,FALSE)) -> 46325 | I10: =IF($B10="-","-",VLOOKUP(ROUND(CONCATENATE($A10,I$2),0),'Cadastro - Padrões'!$A$2:$V$10081,I$1,FALSE)) -> °C | J10: =IF($B10="-","-",VLOOKUP(ROUND(CONCATENATE($A10,J$2),0),'Cadastro - Padrões'!$A$2:$V$10081,J$1,FALSE)) -> Contato | ... AB10: =IF($B10="-","-",VLOOKUP(ROUND(CONCATENATE($A10,AB$2),0),'Cadastro - Padrões'!$A$2:$V$10081,AB$1,FALSE)) -> -0.011384702 | AC10: =IF($B10="-","-",IF(VLOOKUP(ROUND(CONCATENATE($A10,AC$2),0),'Cadastro - Padrões'!$A$2:$V$10081,AC$1,FALSE)="","-",VLOOKUP(ROUND(CONCATENATE($A10,AC$2),0),'Cadastro - Padrões'!$A$2:$V$10081,AC$1,FALSE))) -> 9.99 | AD10: =IF($B10="-","-",IF(VLOOKUP(ROUND(CONCATENATE($A10,AD$2),0),'Cadastro - Padrões'!$A$2:$V$10081,AD$1,FALSE)="","-",VLOOKUP(ROUND(CONCATENATE($A10,AD$2),0),'Cadastro - Padrões'!$A$2:$V$10081,AD$1,FALSE))) -> 0.05 | AE10: =IF($B10="-","-",IF(VLOOKUP(ROUND(CONCATENATE($A10,AE$2),0),'Cadastro - Padrões'!$A$2:$V$10081,AE$1,FALSE)="","-",VLOOKUP(ROUND(CONCATENATE($A10,AE$2),0),'Cadastro - Padrões'!$A$2:$V$10081,AE$1,FALSE))) -> 2 | AF10: =IF($B10="-","-",IF(VLOOKUP(ROUND(CONCATENATE($A10,AF$2),0),'Cadastro - Padrões'!$A$2:$V$10081,AF$1,FALSE)="","-",VLOOKUP(ROUND(CONCATENATE($A10,AF$2),0),'Cadastro - Padrões'!$A$2:$V$10081,AF$1,FALSE))) -> 1000000 | AG10: =IF($B10="-","-",IF(VLOOKUP(ROUND(CONCATENATE($A10,AG$2),0),'Cadastro - Padrões'!$A$2:$V$10081,AG$1,FALSE)="","-",VLOOKUP(ROUND(CONCATENATE($A10,AG$2),0),'Cadastro - Padrões'!$A$2:$V$10081,AG$1,FALSE))) -> 14.99 | AH10: =IF($B10="-","-",IF(VLOOKUP(ROUND(CONCATENATE($A10,AH$2),0),'Cadastro - Padrões'!$A$2:$V$10081,AH$1,FALSE)="","-",VLOOKUP(ROUND(CONCATENATE($A10,AH$2),0),'Cadastro - Padrões'!$A$2:$V$10081,AH$1,FALSE))) -> 0.05 | AI10: =IF($B10="-","-",IF(VLOOKUP(ROUND(CONCATENATE($A10,AI$2),0),'Cadastro - Padrões'!$A$2:$V$10081,AI$1,FALSE)="","-",VLOOKUP(ROUND(CONCATENATE($A10,AI$2),0),'Cadastro - Padrões'!$A$2:$V$10081,AI$1,FALSE))) -> 2 | AJ10: =IF($B10="-","-",IF(VLOOKUP(ROUND(CONCATENATE($A10,AJ$2),0),'Cadastro - Padrões'!$A$2:$V$10081,AJ$1,FALSE)="","-",VLOOKUP(ROUND(CONCATENATE($A10,AJ$2),0),'Cadastro - Padrões'!$A$2:$V$10081,AJ$1,FALSE))) -> 1000000 | ... BP10: =IF($B10="-","-",IF(VLOOKUP(ROUND(CONCATENATE($A10,BP$2),0),'Cadastro - Padrões'!$A$2:$V$10081,BP$1,FALSE)="","-",VLOOKUP(ROUND(CONCATENATE($A10,BP$2),0),'Cadastro - Padrões'!$A$2:$V$10081,BP$1,FALSE))) -> -
A11: =A10+1 -> 6 | B11: =IF(VLOOKUP(ROUND(CONCATENATE($A11,B$2),0),'Cadastro - Padrões'!$A$2:$V$10081,B$1,FALSE)="","-",VLOOKUP(ROUND(CONCATENATE($A11,B$2),0),'Cadastro - Padrões'!$A$2:$V$10081,B$1,FALSE)) -> E.TH.PMR-006 | C11: =IF($B11="-","-",VLOOKUP(ROUND(CONCATENATE($A11,C$2),0),'Cadastro - Padrões'!$A$2:$V$10081,C$1,FALSE)) -> Termohigrômetro Digital | D11: =IF($B11="-","-",VLOOKUP(ROUND(CONCATENATE($A11,D$2),0),'Cadastro - Padrões'!$A$2:$V$10081,D$1,FALSE)) -> Elus | E11: =IF($B11="-","-",VLOOKUP(ROUND(CONCATENATE($A11,E$2),0),'Cadastro - Padrões'!$A$2:$V$10081,E$1,FALSE)) -> RBC - CAL 0439 | F11: =IF($B11="-","-",VLOOKUP(ROUND(CONCATENATE($A11,F$2),0),'Cadastro - Padrões'!$A$2:$V$10081,F$1,FALSE)) -> E0208/25 | G11: =IF($B11="-","-",VLOOKUP(ROUND(CONCATENATE($A11,G$2),0),'Cadastro - Padrões'!$A$2:$V$10081,G$1,FALSE)) -> 45761 | H11: =IF($B11="-","-",VLOOKUP(ROUND(CONCATENATE($A11,H$2),0),'Cadastro - Padrões'!$A$2:$V$10081,H$1,FALSE)) -> 46142 | I11: =IF($B11="-","-",VLOOKUP(ROUND(CONCATENATE($A11,I$2),0),'Cadastro - Padrões'!$A$2:$V$10081,I$1,FALSE)) -> °C | J11: =IF($B11="-","-",VLOOKUP(ROUND(CONCATENATE($A11,J$2),0),'Cadastro - Padrões'!$A$2:$V$10081,J$1,FALSE)) -> IN | ... AB11: =IF($B11="-","-",VLOOKUP(ROUND(CONCATENATE($A11,AB$2),0),'Cadastro - Padrões'!$A$2:$V$10081,AB$1,FALSE)) -> 0.1 | AC11: =IF($B11="-","-",IF(VLOOKUP(ROUND(CONCATENATE($A11,AC$2),0),'Cadastro - Padrões'!$A$2:$V$10081,AC$1,FALSE)="","-",VLOOKUP(ROUND(CONCATENATE($A11,AC$2),0),'Cadastro - Padrões'!$A$2:$V$10081,AC$1,FALSE))) -> 15 | AD11: =IF($B11="-","-",IF(VLOOKUP(ROUND(CONCATENATE($A11,AD$2),0),'Cadastro - Padrões'!$A$2:$V$10081,AD$1,FALSE)="","-",VLOOKUP(ROUND(CONCATENATE($A11,AD$2),0),'Cadastro - Padrões'!$A$2:$V$10081,AD$1,FALSE))) -> 0.1 | AE11: =IF($B11="-","-",IF(VLOOKUP(ROUND(CONCATENATE($A11,AE$2),0),'Cadastro - Padrões'!$A$2:$V$10081,AE$1,FALSE)="","-",VLOOKUP(ROUND(CONCATENATE($A11,AE$2),0),'Cadastro - Padrões'!$A$2:$V$10081,AE$1,FALSE))) -> 2 | AF11: =IF($B11="-","-",IF(VLOOKUP(ROUND(CONCATENATE($A11,AF$2),0),'Cadastro - Padrões'!$A$2:$V$10081,AF$1,FALSE)="","-",VLOOKUP(ROUND(CONCATENATE($A11,AF$2),0),'Cadastro - Padrões'!$A$2:$V$10081,AF$1,FALSE))) -> 1000000 | AG11: =IF($B11="-","-",IF(VLOOKUP(ROUND(CONCATENATE($A11,AG$2),0),'Cadastro - Padrões'!$A$2:$V$10081,AG$1,FALSE)="","-",VLOOKUP(ROUND(CONCATENATE($A11,AG$2),0),'Cadastro - Padrões'!$A$2:$V$10081,AG$1,FALSE))) -> 25 | AH11: =IF($B11="-","-",IF(VLOOKUP(ROUND(CONCATENATE($A11,AH$2),0),'Cadastro - Padrões'!$A$2:$V$10081,AH$1,FALSE)="","-",VLOOKUP(ROUND(CONCATENATE($A11,AH$2),0),'Cadastro - Padrões'!$A$2:$V$10081,AH$1,FALSE))) -> 0.1 | AI11: =IF($B11="-","-",IF(VLOOKUP(ROUND(CONCATENATE($A11,AI$2),0),'Cadastro - Padrões'!$A$2:$V$10081,AI$1,FALSE)="","-",VLOOKUP(ROUND(CONCATENATE($A11,AI$2),0),'Cadastro - Padrões'!$A$2:$V$10081,AI$1,FALSE))) -> 2 | AJ11: =IF($B11="-","-",IF(VLOOKUP(ROUND(CONCATENATE($A11,AJ$2),0),'Cadastro - Padrões'!$A$2:$V$10081,AJ$1,FALSE)="","-",VLOOKUP(ROUND(CONCATENATE($A11,AJ$2),0),'Cadastro - Padrões'!$A$2:$V$10081,AJ$1,FALSE))) -> 1000000 | ... BP11: =IF($B11="-","-",IF(VLOOKUP(ROUND(CONCATENATE($A11,BP$2),0),'Cadastro - Padrões'!$A$2:$V$10081,BP$1,FALSE)="","-",VLOOKUP(ROUND(CONCATENATE($A11,BP$2),0),'Cadastro - Padrões'!$A$2:$V$10081,BP$1,FALSE))) -> -
A12: =A11+1 -> 7 | B12: =IF(VLOOKUP(ROUND(CONCATENATE($A12,B$2),0),'Cadastro - Padrões'!$A$2:$V$10081,B$1,FALSE)="","-",VLOOKUP(ROUND(CONCATENATE($A12,B$2),0),'Cadastro - Padrões'!$A$2:$V$10081,B$1,FALSE)) -> E.TH.FS-051 | C12: =IF($B12="-","-",VLOOKUP(ROUND(CONCATENATE($A12,C$2),0),'Cadastro - Padrões'!$A$2:$V$10081,C$1,FALSE)) -> Termohigrômetro Digital | D12: =IF($B12="-","-",VLOOKUP(ROUND(CONCATENATE($A12,D$2),0),'Cadastro - Padrões'!$A$2:$V$10081,D$1,FALSE)) -> Elus | E12: =IF($B12="-","-",VLOOKUP(ROUND(CONCATENATE($A12,E$2),0),'Cadastro - Padrões'!$A$2:$V$10081,E$1,FALSE)) -> RBC - CAL 0439 | F12: =IF($B12="-","-",VLOOKUP(ROUND(CONCATENATE($A12,F$2),0),'Cadastro - Padrões'!$A$2:$V$10081,F$1,FALSE)) -> E0051/26 | G12: =IF($B12="-","-",VLOOKUP(ROUND(CONCATENATE($A12,G$2),0),'Cadastro - Padrões'!$A$2:$V$10081,G$1,FALSE)) -> 46056 | H12: =IF($B12="-","-",VLOOKUP(ROUND(CONCATENATE($A12,H$2),0),'Cadastro - Padrões'!$A$2:$V$10081,H$1,FALSE)) -> 46446 | I12: =IF($B12="-","-",VLOOKUP(ROUND(CONCATENATE($A12,I$2),0),'Cadastro - Padrões'!$A$2:$V$10081,I$1,FALSE)) -> °C | J12: =IF($B12="-","-",VLOOKUP(ROUND(CONCATENATE($A12,J$2),0),'Cadastro - Padrões'!$A$2:$V$10081,J$1,FALSE)) -> IN | ... AB12: =IF($B12="-","-",VLOOKUP(ROUND(CONCATENATE($A12,AB$2),0),'Cadastro - Padrões'!$A$2:$V$10081,AB$1,FALSE)) -> 0.59527241 | AC12: =IF($B12="-","-",IF(VLOOKUP(ROUND(CONCATENATE($A12,AC$2),0),'Cadastro - Padrões'!$A$2:$V$10081,AC$1,FALSE)="","-",VLOOKUP(ROUND(CONCATENATE($A12,AC$2),0),'Cadastro - Padrões'!$A$2:$V$10081,AC$1,FALSE))) -> 15 | AD12: =IF($B12="-","-",IF(VLOOKUP(ROUND(CONCATENATE($A12,AD$2),0),'Cadastro - Padrões'!$A$2:$V$10081,AD$1,FALSE)="","-",VLOOKUP(ROUND(CONCATENATE($A12,AD$2),0),'Cadastro - Padrões'!$A$2:$V$10081,AD$1,FALSE))) -> 0.2 | AE12: =IF($B12="-","-",IF(VLOOKUP(ROUND(CONCATENATE($A12,AE$2),0),'Cadastro - Padrões'!$A$2:$V$10081,AE$1,FALSE)="","-",VLOOKUP(ROUND(CONCATENATE($A12,AE$2),0),'Cadastro - Padrões'!$A$2:$V$10081,AE$1,FALSE))) -> 2 | AF12: =IF($B12="-","-",IF(VLOOKUP(ROUND(CONCATENATE($A12,AF$2),0),'Cadastro - Padrões'!$A$2:$V$10081,AF$1,FALSE)="","-",VLOOKUP(ROUND(CONCATENATE($A12,AF$2),0),'Cadastro - Padrões'!$A$2:$V$10081,AF$1,FALSE))) -> 1000000 | AG12: =IF($B12="-","-",IF(VLOOKUP(ROUND(CONCATENATE($A12,AG$2),0),'Cadastro - Padrões'!$A$2:$V$10081,AG$1,FALSE)="","-",VLOOKUP(ROUND(CONCATENATE($A12,AG$2),0),'Cadastro - Padrões'!$A$2:$V$10081,AG$1,FALSE))) -> 25 | AH12: =IF($B12="-","-",IF(VLOOKUP(ROUND(CONCATENATE($A12,AH$2),0),'Cadastro - Padrões'!$A$2:$V$10081,AH$1,FALSE)="","-",VLOOKUP(ROUND(CONCATENATE($A12,AH$2),0),'Cadastro - Padrões'!$A$2:$V$10081,AH$1,FALSE))) -> 0.2 | AI12: =IF($B12="-","-",IF(VLOOKUP(ROUND(CONCATENATE($A12,AI$2),0),'Cadastro - Padrões'!$A$2:$V$10081,AI$1,FALSE)="","-",VLOOKUP(ROUND(CONCATENATE($A12,AI$2),0),'Cadastro - Padrões'!$A$2:$V$10081,AI$1,FALSE))) -> 2 | AJ12: =IF($B12="-","-",IF(VLOOKUP(ROUND(CONCATENATE($A12,AJ$2),0),'Cadastro - Padrões'!$A$2:$V$10081,AJ$1,FALSE)="","-",VLOOKUP(ROUND(CONCATENATE($A12,AJ$2),0),'Cadastro - Padrões'!$A$2:$V$10081,AJ$1,FALSE))) -> 1000000 | ... BP12: =IF($B12="-","-",IF(VLOOKUP(ROUND(CONCATENATE($A12,BP$2),0),'Cadastro - Padrões'!$A$2:$V$10081,BP$1,FALSE)="","-",VLOOKUP(ROUND(CONCATENATE($A12,BP$2),0),'Cadastro - Padrões'!$A$2:$V$10081,BP$1,FALSE))) -> -
A13: =A12+1 -> 8 | B13: =IF(VLOOKUP(ROUND(CONCATENATE($A13,B$2),0),'Cadastro - Padrões'!$A$2:$V$10081,B$1,FALSE)="","-",VLOOKUP(ROUND(CONCATENATE($A13,B$2),0),'Cadastro - Padrões'!$A$2:$V$10081,B$1,FALSE)) -> E.TH.FS-051 | C13: =IF($B13="-","-",VLOOKUP(ROUND(CONCATENATE($A13,C$2),0),'Cadastro - Padrões'!$A$2:$V$10081,C$1,FALSE)) -> Termohigrômetro Digital | D13: =IF($B13="-","-",VLOOKUP(ROUND(CONCATENATE($A13,D$2),0),'Cadastro - Padrões'!$A$2:$V$10081,D$1,FALSE)) -> Elus | E13: =IF($B13="-","-",VLOOKUP(ROUND(CONCATENATE($A13,E$2),0),'Cadastro - Padrões'!$A$2:$V$10081,E$1,FALSE)) -> RBC - CAL 0439 | F13: =IF($B13="-","-",VLOOKUP(ROUND(CONCATENATE($A13,F$2),0),'Cadastro - Padrões'!$A$2:$V$10081,F$1,FALSE)) -> E0051/26 | G13: =IF($B13="-","-",VLOOKUP(ROUND(CONCATENATE($A13,G$2),0),'Cadastro - Padrões'!$A$2:$V$10081,G$1,FALSE)) -> 46056 | H13: =IF($B13="-","-",VLOOKUP(ROUND(CONCATENATE($A13,H$2),0),'Cadastro - Padrões'!$A$2:$V$10081,H$1,FALSE)) -> 46446 | I13: =IF($B13="-","-",VLOOKUP(ROUND(CONCATENATE($A13,I$2),0),'Cadastro - Padrões'!$A$2:$V$10081,I$1,FALSE)) -> °C | J13: =IF($B13="-","-",VLOOKUP(ROUND(CONCATENATE($A13,J$2),0),'Cadastro - Padrões'!$A$2:$V$10081,J$1,FALSE)) -> OUT | ... AB13: =IF($B13="-","-",VLOOKUP(ROUND(CONCATENATE($A13,AB$2),0),'Cadastro - Padrões'!$A$2:$V$10081,AB$1,FALSE)) -> 0.23829553 | AC13: =IF($B13="-","-",IF(VLOOKUP(ROUND(CONCATENATE($A13,AC$2),0),'Cadastro - Padrões'!$A$2:$V$10081,AC$1,FALSE)="","-",VLOOKUP(ROUND(CONCATENATE($A13,AC$2),0),'Cadastro - Padrões'!$A$2:$V$10081,AC$1,FALSE))) -> 15 | AD13: =IF($B13="-","-",IF(VLOOKUP(ROUND(CONCATENATE($A13,AD$2),0),'Cadastro - Padrões'!$A$2:$V$10081,AD$1,FALSE)="","-",VLOOKUP(ROUND(CONCATENATE($A13,AD$2),0),'Cadastro - Padrões'!$A$2:$V$10081,AD$1,FALSE))) -> 0.1 | AE13: =IF($B13="-","-",IF(VLOOKUP(ROUND(CONCATENATE($A13,AE$2),0),'Cadastro - Padrões'!$A$2:$V$10081,AE$1,FALSE)="","-",VLOOKUP(ROUND(CONCATENATE($A13,AE$2),0),'Cadastro - Padrões'!$A$2:$V$10081,AE$1,FALSE))) -> 2 | AF13: =IF($B13="-","-",IF(VLOOKUP(ROUND(CONCATENATE($A13,AF$2),0),'Cadastro - Padrões'!$A$2:$V$10081,AF$1,FALSE)="","-",VLOOKUP(ROUND(CONCATENATE($A13,AF$2),0),'Cadastro - Padrões'!$A$2:$V$10081,AF$1,FALSE))) -> 1000000 | AG13: =IF($B13="-","-",IF(VLOOKUP(ROUND(CONCATENATE($A13,AG$2),0),'Cadastro - Padrões'!$A$2:$V$10081,AG$1,FALSE)="","-",VLOOKUP(ROUND(CONCATENATE($A13,AG$2),0),'Cadastro - Padrões'!$A$2:$V$10081,AG$1,FALSE))) -> 25 | AH13: =IF($B13="-","-",IF(VLOOKUP(ROUND(CONCATENATE($A13,AH$2),0),'Cadastro - Padrões'!$A$2:$V$10081,AH$1,FALSE)="","-",VLOOKUP(ROUND(CONCATENATE($A13,AH$2),0),'Cadastro - Padrões'!$A$2:$V$10081,AH$1,FALSE))) -> 0.1 | AI13: =IF($B13="-","-",IF(VLOOKUP(ROUND(CONCATENATE($A13,AI$2),0),'Cadastro - Padrões'!$A$2:$V$10081,AI$1,FALSE)="","-",VLOOKUP(ROUND(CONCATENATE($A13,AI$2),0),'Cadastro - Padrões'!$A$2:$V$10081,AI$1,FALSE))) -> 2 | AJ13: =IF($B13="-","-",IF(VLOOKUP(ROUND(CONCATENATE($A13,AJ$2),0),'Cadastro - Padrões'!$A$2:$V$10081,AJ$1,FALSE)="","-",VLOOKUP(ROUND(CONCATENATE($A13,AJ$2),0),'Cadastro - Padrões'!$A$2:$V$10081,AJ$1,FALSE))) -> 1000000 | ... BP13: =IF($B13="-","-",IF(VLOOKUP(ROUND(CONCATENATE($A13,BP$2),0),'Cadastro - Padrões'!$A$2:$V$10081,BP$1,FALSE)="","-",VLOOKUP(ROUND(CONCATENATE($A13,BP$2),0),'Cadastro - Padrões'!$A$2:$V$10081,BP$1,FALSE))) -> -
A14: =A13+1 -> 9 | B14: =IF(VLOOKUP(ROUND(CONCATENATE($A14,B$2),0),'Cadastro - Padrões'!$A$2:$V$10081,B$1,FALSE)="","-",VLOOKUP(ROUND(CONCATENATE($A14,B$2),0),'Cadastro - Padrões'!$A$2:$V$10081,B$1,FALSE)) -> E.PS.LQ-020 | C14: =IF($B14="-","-",VLOOKUP(ROUND(CONCATENATE($A14,C$2),0),'Cadastro - Padrões'!$A$2:$V$10081,C$1,FALSE)) -> Termohigrômetro Digital | D14: =IF($B14="-","-",VLOOKUP(ROUND(CONCATENATE($A14,D$2),0),'Cadastro - Padrões'!$A$2:$V$10081,D$1,FALSE)) -> Elus | E14: =IF($B14="-","-",VLOOKUP(ROUND(CONCATENATE($A14,E$2),0),'Cadastro - Padrões'!$A$2:$V$10081,E$1,FALSE)) -> RBC - CAL 0439 | F14: =IF($B14="-","-",VLOOKUP(ROUND(CONCATENATE($A14,F$2),0),'Cadastro - Padrões'!$A$2:$V$10081,F$1,FALSE)) -> E0440/25 | G14: =IF($B14="-","-",VLOOKUP(ROUND(CONCATENATE($A14,G$2),0),'Cadastro - Padrões'!$A$2:$V$10081,G$1,FALSE)) -> 45839 | H14: =IF($B14="-","-",VLOOKUP(ROUND(CONCATENATE($A14,H$2),0),'Cadastro - Padrões'!$A$2:$V$10081,H$1,FALSE)) -> 46233 | I14: =IF($B14="-","-",VLOOKUP(ROUND(CONCATENATE($A14,I$2),0),'Cadastro - Padrões'!$A$2:$V$10081,I$1,FALSE)) -> °C | J14: =IF($B14="-","-",VLOOKUP(ROUND(CONCATENATE($A14,J$2),0),'Cadastro - Padrões'!$A$2:$V$10081,J$1,FALSE)) -> IN | ... AB14: =IF($B14="-","-",VLOOKUP(ROUND(CONCATENATE($A14,AB$2),0),'Cadastro - Padrões'!$A$2:$V$10081,AB$1,FALSE)) -> -0.62153736 | AC14: =IF($B14="-","-",IF(VLOOKUP(ROUND(CONCATENATE($A14,AC$2),0),'Cadastro - Padrões'!$A$2:$V$10081,AC$1,FALSE)="","-",VLOOKUP(ROUND(CONCATENATE($A14,AC$2),0),'Cadastro - Padrões'!$A$2:$V$10081,AC$1,FALSE))) -> 15 | AD14: =IF($B14="-","-",IF(VLOOKUP(ROUND(CONCATENATE($A14,AD$2),0),'Cadastro - Padrões'!$A$2:$V$10081,AD$1,FALSE)="","-",VLOOKUP(ROUND(CONCATENATE($A14,AD$2),0),'Cadastro - Padrões'!$A$2:$V$10081,AD$1,FALSE))) -> 0.2 | AE14: =IF($B14="-","-",IF(VLOOKUP(ROUND(CONCATENATE($A14,AE$2),0),'Cadastro - Padrões'!$A$2:$V$10081,AE$1,FALSE)="","-",VLOOKUP(ROUND(CONCATENATE($A14,AE$2),0),'Cadastro - Padrões'!$A$2:$V$10081,AE$1,FALSE))) -> 2 | AF14: =IF($B14="-","-",IF(VLOOKUP(ROUND(CONCATENATE($A14,AF$2),0),'Cadastro - Padrões'!$A$2:$V$10081,AF$1,FALSE)="","-",VLOOKUP(ROUND(CONCATENATE($A14,AF$2),0),'Cadastro - Padrões'!$A$2:$V$10081,AF$1,FALSE))) -> 1000000 | AG14: =IF($B14="-","-",IF(VLOOKUP(ROUND(CONCATENATE($A14,AG$2),0),'Cadastro - Padrões'!$A$2:$V$10081,AG$1,FALSE)="","-",VLOOKUP(ROUND(CONCATENATE($A14,AG$2),0),'Cadastro - Padrões'!$A$2:$V$10081,AG$1,FALSE))) -> 20 | AH14: =IF($B14="-","-",IF(VLOOKUP(ROUND(CONCATENATE($A14,AH$2),0),'Cadastro - Padrões'!$A$2:$V$10081,AH$1,FALSE)="","-",VLOOKUP(ROUND(CONCATENATE($A14,AH$2),0),'Cadastro - Padrões'!$A$2:$V$10081,AH$1,FALSE))) -> 0.2 | AI14: =IF($B14="-","-",IF(VLOOKUP(ROUND(CONCATENATE($A14,AI$2),0),'Cadastro - Padrões'!$A$2:$V$10081,AI$1,FALSE)="","-",VLOOKUP(ROUND(CONCATENATE($A14,AI$2),0),'Cadastro - Padrões'!$A$2:$V$10081,AI$1,FALSE))) -> 2 | AJ14: =IF($B14="-","-",IF(VLOOKUP(ROUND(CONCATENATE($A14,AJ$2),0),'Cadastro - Padrões'!$A$2:$V$10081,AJ$1,FALSE)="","-",VLOOKUP(ROUND(CONCATENATE($A14,AJ$2),0),'Cadastro - Padrões'!$A$2:$V$10081,AJ$1,FALSE))) -> 1000000 | ... BP14: =IF($B14="-","-",IF(VLOOKUP(ROUND(CONCATENATE($A14,BP$2),0),'Cadastro - Padrões'!$A$2:$V$10081,BP$1,FALSE)="","-",VLOOKUP(ROUND(CONCATENATE($A14,BP$2),0),'Cadastro - Padrões'!$A$2:$V$10081,BP$1,FALSE))) -> -
A15: =A14+1 -> 10 | B15: =IF(VLOOKUP(ROUND(CONCATENATE($A15,B$2),0),'Cadastro - Padrões'!$A$2:$V$10081,B$1,FALSE)="","-",VLOOKUP(ROUND(CONCATENATE($A15,B$2),0),'Cadastro - Padrões'!$A$2:$V$10081,B$1,FALSE)) -> E.TH.FS-041 | C15: =IF($B15="-","-",VLOOKUP(ROUND(CONCATENATE($A15,C$2),0),'Cadastro - Padrões'!$A$2:$V$10081,C$1,FALSE)) -> Termohigrômetro Digital | D15: =IF($B15="-","-",VLOOKUP(ROUND(CONCATENATE($A15,D$2),0),'Cadastro - Padrões'!$A$2:$V$10081,D$1,FALSE)) -> Elus | E15: =IF($B15="-","-",VLOOKUP(ROUND(CONCATENATE($A15,E$2),0),'Cadastro - Padrões'!$A$2:$V$10081,E$1,FALSE)) -> RBC - CAL 0439 | F15: =IF($B15="-","-",VLOOKUP(ROUND(CONCATENATE($A15,F$2),0),'Cadastro - Padrões'!$A$2:$V$10081,F$1,FALSE)) -> R0030/25 | G15: =IF($B15="-","-",VLOOKUP(ROUND(CONCATENATE($A15,G$2),0),'Cadastro - Padrões'!$A$2:$V$10081,G$1,FALSE)) -> 45692 | H15: =IF($B15="-","-",VLOOKUP(ROUND(CONCATENATE($A15,H$2),0),'Cadastro - Padrões'!$A$2:$V$10081,H$1,FALSE)) -> 46081 | I15: =IF($B15="-","-",VLOOKUP(ROUND(CONCATENATE($A15,I$2),0),'Cadastro - Padrões'!$A$2:$V$10081,I$1,FALSE)) -> °C | J15: =IF($B15="-","-",VLOOKUP(ROUND(CONCATENATE($A15,J$2),0),'Cadastro - Padrões'!$A$2:$V$10081,J$1,FALSE)) -> IN | ... AB15: =IF($B15="-","-",VLOOKUP(ROUND(CONCATENATE($A15,AB$2),0),'Cadastro - Padrões'!$A$2:$V$10081,AB$1,FALSE)) -> -0.50404993 | AC15: =IF($B15="-","-",IF(VLOOKUP(ROUND(CONCATENATE($A15,AC$2),0),'Cadastro - Padrões'!$A$2:$V$10081,AC$1,FALSE)="","-",VLOOKUP(ROUND(CONCATENATE($A15,AC$2),0),'Cadastro - Padrões'!$A$2:$V$10081,AC$1,FALSE))) -> 15 | AD15: =IF($B15="-","-",IF(VLOOKUP(ROUND(CONCATENATE($A15,AD$2),0),'Cadastro - Padrões'!$A$2:$V$10081,AD$1,FALSE)="","-",VLOOKUP(ROUND(CONCATENATE($A15,AD$2),0),'Cadastro - Padrões'!$A$2:$V$10081,AD$1,FALSE))) -> 0.2 | AE15: =IF($B15="-","-",IF(VLOOKUP(ROUND(CONCATENATE($A15,AE$2),0),'Cadastro - Padrões'!$A$2:$V$10081,AE$1,FALSE)="","-",VLOOKUP(ROUND(CONCATENATE($A15,AE$2),0),'Cadastro - Padrões'!$A$2:$V$10081,AE$1,FALSE))) -> 2 | AF15: =IF($B15="-","-",IF(VLOOKUP(ROUND(CONCATENATE($A15,AF$2),0),'Cadastro - Padrões'!$A$2:$V$10081,AF$1,FALSE)="","-",VLOOKUP(ROUND(CONCATENATE($A15,AF$2),0),'Cadastro - Padrões'!$A$2:$V$10081,AF$1,FALSE))) -> 1000000 | AG15: =IF($B15="-","-",IF(VLOOKUP(ROUND(CONCATENATE($A15,AG$2),0),'Cadastro - Padrões'!$A$2:$V$10081,AG$1,FALSE)="","-",VLOOKUP(ROUND(CONCATENATE($A15,AG$2),0),'Cadastro - Padrões'!$A$2:$V$10081,AG$1,FALSE))) -> 25 | AH15: =IF($B15="-","-",IF(VLOOKUP(ROUND(CONCATENATE($A15,AH$2),0),'Cadastro - Padrões'!$A$2:$V$10081,AH$1,FALSE)="","-",VLOOKUP(ROUND(CONCATENATE($A15,AH$2),0),'Cadastro - Padrões'!$A$2:$V$10081,AH$1,FALSE))) -> 0.2 | AI15: =IF($B15="-","-",IF(VLOOKUP(ROUND(CONCATENATE($A15,AI$2),0),'Cadastro - Padrões'!$A$2:$V$10081,AI$1,FALSE)="","-",VLOOKUP(ROUND(CONCATENATE($A15,AI$2),0),'Cadastro - Padrões'!$A$2:$V$10081,AI$1,FALSE))) -> 2 | AJ15: =IF($B15="-","-",IF(VLOOKUP(ROUND(CONCATENATE($A15,AJ$2),0),'Cadastro - Padrões'!$A$2:$V$10081,AJ$1,FALSE)="","-",VLOOKUP(ROUND(CONCATENATE($A15,AJ$2),0),'Cadastro - Padrões'!$A$2:$V$10081,AJ$1,FALSE))) -> 1000000 | ... BP15: =IF($B15="-","-",IF(VLOOKUP(ROUND(CONCATENATE($A15,BP$2),0),'Cadastro - Padrões'!$A$2:$V$10081,BP$1,FALSE)="","-",VLOOKUP(ROUND(CONCATENATE($A15,BP$2),0),'Cadastro - Padrões'!$A$2:$V$10081,BP$1,FALSE))) -> -
A16: =A15+1 -> 11 | B16: =IF(VLOOKUP(ROUND(CONCATENATE($A16,B$2),0),'Cadastro - Padrões'!$A$2:$V$10081,B$1,FALSE)="","-",VLOOKUP(ROUND(CONCATENATE($A16,B$2),0),'Cadastro - Padrões'!$A$2:$V$10081,B$1,FALSE)) -> E.TH.FS-041 | C16: =IF($B16="-","-",VLOOKUP(ROUND(CONCATENATE($A16,C$2),0),'Cadastro - Padrões'!$A$2:$V$10081,C$1,FALSE)) -> Termohigrômetro Digital | D16: =IF($B16="-","-",VLOOKUP(ROUND(CONCATENATE($A16,D$2),0),'Cadastro - Padrões'!$A$2:$V$10081,D$1,FALSE)) -> Elus | E16: =IF($B16="-","-",VLOOKUP(ROUND(CONCATENATE($A16,E$2),0),'Cadastro - Padrões'!$A$2:$V$10081,E$1,FALSE)) -> RBC - CAL 0439 | F16: =IF($B16="-","-",VLOOKUP(ROUND(CONCATENATE($A16,F$2),0),'Cadastro - Padrões'!$A$2:$V$10081,F$1,FALSE)) -> R0030/25 | G16: =IF($B16="-","-",VLOOKUP(ROUND(CONCATENATE($A16,G$2),0),'Cadastro - Padrões'!$A$2:$V$10081,G$1,FALSE)) -> 45692 | H16: =IF($B16="-","-",VLOOKUP(ROUND(CONCATENATE($A16,H$2),0),'Cadastro - Padrões'!$A$2:$V$10081,H$1,FALSE)) -> 46081 | I16: =IF($B16="-","-",VLOOKUP(ROUND(CONCATENATE($A16,I$2),0),'Cadastro - Padrões'!$A$2:$V$10081,I$1,FALSE)) -> °C | J16: =IF($B16="-","-",VLOOKUP(ROUND(CONCATENATE($A16,J$2),0),'Cadastro - Padrões'!$A$2:$V$10081,J$1,FALSE)) -> OUT | ... AB16: =IF($B16="-","-",VLOOKUP(ROUND(CONCATENATE($A16,AB$2),0),'Cadastro - Padrões'!$A$2:$V$10081,AB$1,FALSE)) -> 0.23829553 | AC16: =IF($B16="-","-",IF(VLOOKUP(ROUND(CONCATENATE($A16,AC$2),0),'Cadastro - Padrões'!$A$2:$V$10081,AC$1,FALSE)="","-",VLOOKUP(ROUND(CONCATENATE($A16,AC$2),0),'Cadastro - Padrões'!$A$2:$V$10081,AC$1,FALSE))) -> 15 | AD16: =IF($B16="-","-",IF(VLOOKUP(ROUND(CONCATENATE($A16,AD$2),0),'Cadastro - Padrões'!$A$2:$V$10081,AD$1,FALSE)="","-",VLOOKUP(ROUND(CONCATENATE($A16,AD$2),0),'Cadastro - Padrões'!$A$2:$V$10081,AD$1,FALSE))) -> 0.1 | AE16: =IF($B16="-","-",IF(VLOOKUP(ROUND(CONCATENATE($A16,AE$2),0),'Cadastro - Padrões'!$A$2:$V$10081,AE$1,FALSE)="","-",VLOOKUP(ROUND(CONCATENATE($A16,AE$2),0),'Cadastro - Padrões'!$A$2:$V$10081,AE$1,FALSE))) -> 2 | AF16: =IF($B16="-","-",IF(VLOOKUP(ROUND(CONCATENATE($A16,AF$2),0),'Cadastro - Padrões'!$A$2:$V$10081,AF$1,FALSE)="","-",VLOOKUP(ROUND(CONCATENATE($A16,AF$2),0),'Cadastro - Padrões'!$A$2:$V$10081,AF$1,FALSE))) -> 1000000 | AG16: =IF($B16="-","-",IF(VLOOKUP(ROUND(CONCATENATE($A16,AG$2),0),'Cadastro - Padrões'!$A$2:$V$10081,AG$1,FALSE)="","-",VLOOKUP(ROUND(CONCATENATE($A16,AG$2),0),'Cadastro - Padrões'!$A$2:$V$10081,AG$1,FALSE))) -> 25 | AH16: =IF($B16="-","-",IF(VLOOKUP(ROUND(CONCATENATE($A16,AH$2),0),'Cadastro - Padrões'!$A$2:$V$10081,AH$1,FALSE)="","-",VLOOKUP(ROUND(CONCATENATE($A16,AH$2),0),'Cadastro - Padrões'!$A$2:$V$10081,AH$1,FALSE))) -> 0.1 | AI16: =IF($B16="-","-",IF(VLOOKUP(ROUND(CONCATENATE($A16,AI$2),0),'Cadastro - Padrões'!$A$2:$V$10081,AI$1,FALSE)="","-",VLOOKUP(ROUND(CONCATENATE($A16,AI$2),0),'Cadastro - Padrões'!$A$2:$V$10081,AI$1,FALSE))) -> 2 | AJ16: =IF($B16="-","-",IF(VLOOKUP(ROUND(CONCATENATE($A16,AJ$2),0),'Cadastro - Padrões'!$A$2:$V$10081,AJ$1,FALSE)="","-",VLOOKUP(ROUND(CONCATENATE($A16,AJ$2),0),'Cadastro - Padrões'!$A$2:$V$10081,AJ$1,FALSE))) -> 1000000 | ... BP16: =IF($B16="-","-",IF(VLOOKUP(ROUND(CONCATENATE($A16,BP$2),0),'Cadastro - Padrões'!$A$2:$V$10081,BP$1,FALSE)="","-",VLOOKUP(ROUND(CONCATENATE($A16,BP$2),0),'Cadastro - Padrões'!$A$2:$V$10081,BP$1,FALSE))) -> -
A17: =A16+1 -> 12 | B17: =IF(VLOOKUP(ROUND(CONCATENATE($A17,B$2),0),'Cadastro - Padrões'!$A$2:$V$10081,B$1,FALSE)="","-",VLOOKUP(ROUND(CONCATENATE($A17,B$2),0),'Cadastro - Padrões'!$A$2:$V$10081,B$1,FALSE)) -> E.TH.PMR-007 | C17: =IF($B17="-","-",VLOOKUP(ROUND(CONCATENATE($A17,C$2),0),'Cadastro - Padrões'!$A$2:$V$10081,C$1,FALSE)) -> Termohigrômetro Digital | D17: =IF($B17="-","-",VLOOKUP(ROUND(CONCATENATE($A17,D$2),0),'Cadastro - Padrões'!$A$2:$V$10081,D$1,FALSE)) -> Elus | E17: =IF($B17="-","-",VLOOKUP(ROUND(CONCATENATE($A17,E$2),0),'Cadastro - Padrões'!$A$2:$V$10081,E$1,FALSE)) -> RBC - CAL 0439 | F17: =IF($B17="-","-",VLOOKUP(ROUND(CONCATENATE($A17,F$2),0),'Cadastro - Padrões'!$A$2:$V$10081,F$1,FALSE)) -> E0209/25 | G17: =IF($B17="-","-",VLOOKUP(ROUND(CONCATENATE($A17,G$2),0),'Cadastro - Padrões'!$A$2:$V$10081,G$1,FALSE)) -> 45761 | H17: =IF($B17="-","-",VLOOKUP(ROUND(CONCATENATE($A17,H$2),0),'Cadastro - Padrões'!$A$2:$V$10081,H$1,FALSE)) -> 46142 | I17: =IF($B17="-","-",VLOOKUP(ROUND(CONCATENATE($A17,I$2),0),'Cadastro - Padrões'!$A$2:$V$10081,I$1,FALSE)) -> °C | J17: =IF($B17="-","-",VLOOKUP(ROUND(CONCATENATE($A17,J$2),0),'Cadastro - Padrões'!$A$2:$V$10081,J$1,FALSE)) -> IN | ... AB17: =IF($B17="-","-",VLOOKUP(ROUND(CONCATENATE($A17,AB$2),0),'Cadastro - Padrões'!$A$2:$V$10081,AB$1,FALSE)) -> 0.1 | AC17: =IF($B17="-","-",IF(VLOOKUP(ROUND(CONCATENATE($A17,AC$2),0),'Cadastro - Padrões'!$A$2:$V$10081,AC$1,FALSE)="","-",VLOOKUP(ROUND(CONCATENATE($A17,AC$2),0),'Cadastro - Padrões'!$A$2:$V$10081,AC$1,FALSE))) -> 15 | AD17: =IF($B17="-","-",IF(VLOOKUP(ROUND(CONCATENATE($A17,AD$2),0),'Cadastro - Padrões'!$A$2:$V$10081,AD$1,FALSE)="","-",VLOOKUP(ROUND(CONCATENATE($A17,AD$2),0),'Cadastro - Padrões'!$A$2:$V$10081,AD$1,FALSE))) -> 0.1 | AE17: =IF($B17="-","-",IF(VLOOKUP(ROUND(CONCATENATE($A17,AE$2),0),'Cadastro - Padrões'!$A$2:$V$10081,AE$1,FALSE)="","-",VLOOKUP(ROUND(CONCATENATE($A17,AE$2),0),'Cadastro - Padrões'!$A$2:$V$10081,AE$1,FALSE))) -> 2 | AF17: =IF($B17="-","-",IF(VLOOKUP(ROUND(CONCATENATE($A17,AF$2),0),'Cadastro - Padrões'!$A$2:$V$10081,AF$1,FALSE)="","-",VLOOKUP(ROUND(CONCATENATE($A17,AF$2),0),'Cadastro - Padrões'!$A$2:$V$10081,AF$1,FALSE))) -> 1000000 | AG17: =IF($B17="-","-",IF(VLOOKUP(ROUND(CONCATENATE($A17,AG$2),0),'Cadastro - Padrões'!$A$2:$V$10081,AG$1,FALSE)="","-",VLOOKUP(ROUND(CONCATENATE($A17,AG$2),0),'Cadastro - Padrões'!$A$2:$V$10081,AG$1,FALSE))) -> 25 | AH17: =IF($B17="-","-",IF(VLOOKUP(ROUND(CONCATENATE($A17,AH$2),0),'Cadastro - Padrões'!$A$2:$V$10081,AH$1,FALSE)="","-",VLOOKUP(ROUND(CONCATENATE($A17,AH$2),0),'Cadastro - Padrões'!$A$2:$V$10081,AH$1,FALSE))) -> 0.1 | AI17: =IF($B17="-","-",IF(VLOOKUP(ROUND(CONCATENATE($A17,AI$2),0),'Cadastro - Padrões'!$A$2:$V$10081,AI$1,FALSE)="","-",VLOOKUP(ROUND(CONCATENATE($A17,AI$2),0),'Cadastro - Padrões'!$A$2:$V$10081,AI$1,FALSE))) -> 2 | AJ17: =IF($B17="-","-",IF(VLOOKUP(ROUND(CONCATENATE($A17,AJ$2),0),'Cadastro - Padrões'!$A$2:$V$10081,AJ$1,FALSE)="","-",VLOOKUP(ROUND(CONCATENATE($A17,AJ$2),0),'Cadastro - Padrões'!$A$2:$V$10081,AJ$1,FALSE))) -> 1000000 | ... BP17: =IF($B17="-","-",IF(VLOOKUP(ROUND(CONCATENATE($A17,BP$2),0),'Cadastro - Padrões'!$A$2:$V$10081,BP$1,FALSE)="","-",VLOOKUP(ROUND(CONCATENATE($A17,BP$2),0),'Cadastro - Padrões'!$A$2:$V$10081,BP$1,FALSE))) -> -
A18: =A17+1 -> 13 | B18: =IF(VLOOKUP(ROUND(CONCATENATE($A18,B$2),0),'Cadastro - Padrões'!$A$2:$V$10081,B$1,FALSE)="","-",VLOOKUP(ROUND(CONCATENATE($A18,B$2),0),'Cadastro - Padrões'!$A$2:$V$10081,B$1,FALSE)) -> E.TH.LT-021 | C18: =IF($B18="-","-",VLOOKUP(ROUND(CONCATENATE($A18,C$2),0),'Cadastro - Padrões'!$A$2:$V$10081,C$1,FALSE)) -> Termômetro Digital | D18: =IF($B18="-","-",VLOOKUP(ROUND(CONCATENATE($A18,D$2),0),'Cadastro - Padrões'!$A$2:$V$10081,D$1,FALSE)) -> Elus | E18: =IF($B18="-","-",VLOOKUP(ROUND(CONCATENATE($A18,E$2),0),'Cadastro - Padrões'!$A$2:$V$10081,E$1,FALSE)) -> RBC - CAL - 0439 | F18: =IF($B18="-","-",VLOOKUP(ROUND(CONCATENATE($A18,F$2),0),'Cadastro - Padrões'!$A$2:$V$10081,F$1,FALSE)) -> E0341/25 | G18: =IF($B18="-","-",VLOOKUP(ROUND(CONCATENATE($A18,G$2),0),'Cadastro - Padrões'!$A$2:$V$10081,G$1,FALSE)) -> 45807 | H18: =IF($B18="-","-",VLOOKUP(ROUND(CONCATENATE($A18,H$2),0),'Cadastro - Padrões'!$A$2:$V$10081,H$1,FALSE)) -> 46172 | I18: =IF($B18="-","-",VLOOKUP(ROUND(CONCATENATE($A18,I$2),0),'Cadastro - Padrões'!$A$2:$V$10081,I$1,FALSE)) -> °C | J18: =IF($B18="-","-",VLOOKUP(ROUND(CONCATENATE($A18,J$2),0),'Cadastro - Padrões'!$A$2:$V$10081,J$1,FALSE)) -> Contato | ... AB18: =IF($B18="-","-",VLOOKUP(ROUND(CONCATENATE($A18,AB$2),0),'Cadastro - Padrões'!$A$2:$V$10081,AB$1,FALSE)) -> -0.0087791671 | AC18: =IF($B18="-","-",IF(VLOOKUP(ROUND(CONCATENATE($A18,AC$2),0),'Cadastro - Padrões'!$A$2:$V$10081,AC$1,FALSE)="","-",VLOOKUP(ROUND(CONCATENATE($A18,AC$2),0),'Cadastro - Padrões'!$A$2:$V$10081,AC$1,FALSE))) -> -90 | AD18: =IF($B18="-","-",IF(VLOOKUP(ROUND(CONCATENATE($A18,AD$2),0),'Cadastro - Padrões'!$A$2:$V$10081,AD$1,FALSE)="","-",VLOOKUP(ROUND(CONCATENATE($A18,AD$2),0),'Cadastro - Padrões'!$A$2:$V$10081,AD$1,FALSE))) -> 0.07 | AE18: =IF($B18="-","-",IF(VLOOKUP(ROUND(CONCATENATE($A18,AE$2),0),'Cadastro - Padrões'!$A$2:$V$10081,AE$1,FALSE)="","-",VLOOKUP(ROUND(CONCATENATE($A18,AE$2),0),'Cadastro - Padrões'!$A$2:$V$10081,AE$1,FALSE))) -> 2 | AF18: =IF($B18="-","-",IF(VLOOKUP(ROUND(CONCATENATE($A18,AF$2),0),'Cadastro - Padrões'!$A$2:$V$10081,AF$1,FALSE)="","-",VLOOKUP(ROUND(CONCATENATE($A18,AF$2),0),'Cadastro - Padrões'!$A$2:$V$10081,AF$1,FALSE))) -> 1000000 | AG18: =IF($B18="-","-",IF(VLOOKUP(ROUND(CONCATENATE($A18,AG$2),0),'Cadastro - Padrões'!$A$2:$V$10081,AG$1,FALSE)="","-",VLOOKUP(ROUND(CONCATENATE($A18,AG$2),0),'Cadastro - Padrões'!$A$2:$V$10081,AG$1,FALSE))) -> -45 | AH18: =IF($B18="-","-",IF(VLOOKUP(ROUND(CONCATENATE($A18,AH$2),0),'Cadastro - Padrões'!$A$2:$V$10081,AH$1,FALSE)="","-",VLOOKUP(ROUND(CONCATENATE($A18,AH$2),0),'Cadastro - Padrões'!$A$2:$V$10081,AH$1,FALSE))) -> 0.03 | AI18: =IF($B18="-","-",IF(VLOOKUP(ROUND(CONCATENATE($A18,AI$2),0),'Cadastro - Padrões'!$A$2:$V$10081,AI$1,FALSE)="","-",VLOOKUP(ROUND(CONCATENATE($A18,AI$2),0),'Cadastro - Padrões'!$A$2:$V$10081,AI$1,FALSE))) -> 2 | AJ18: =IF($B18="-","-",IF(VLOOKUP(ROUND(CONCATENATE($A18,AJ$2),0),'Cadastro - Padrões'!$A$2:$V$10081,AJ$1,FALSE)="","-",VLOOKUP(ROUND(CONCATENATE($A18,AJ$2),0),'Cadastro - Padrões'!$A$2:$V$10081,AJ$1,FALSE))) -> 1000000 | ... BP18: =IF($B18="-","-",IF(VLOOKUP(ROUND(CONCATENATE($A18,BP$2),0),'Cadastro - Padrões'!$A$2:$V$10081,BP$1,FALSE)="","-",VLOOKUP(ROUND(CONCATENATE($A18,BP$2),0),'Cadastro - Padrões'!$A$2:$V$10081,BP$1,FALSE))) -> -
... A215: =A214+1 -> 210 | B215: =IF(VLOOKUP(ROUND(CONCATENATE($A215,B$2),0),'Cadastro - Padrões'!$A$2:$V$10081,B$1,FALSE)="","-",VLOOKUP(ROUND(CONCATENATE($A215,B$2),0),'Cadastro - Padrões'!$A$2:$V$10081,B$1,FALSE)) -> - | C215: =IF($B215="-","-",VLOOKUP(ROUND(CONCATENATE($A215,C$2),0),'Cadastro - Padrões'!$A$2:$V$10081,C$1,FALSE)) -> - | D215: =IF($B215="-","-",VLOOKUP(ROUND(CONCATENATE($A215,D$2),0),'Cadastro - Padrões'!$A$2:$V$10081,D$1,FALSE)) -> - | E215: =IF($B215="-","-",VLOOKUP(ROUND(CONCATENATE($A215,E$2),0),'Cadastro - Padrões'!$A$2:$V$10081,E$1,FALSE)) -> - | F215: =IF($B215="-","-",VLOOKUP(ROUND(CONCATENATE($A215,F$2),0),'Cadastro - Padrões'!$A$2:$V$10081,F$1,FALSE)) -> - | G215: =IF($B215="-","-",VLOOKUP(ROUND(CONCATENATE($A215,G$2),0),'Cadastro - Padrões'!$A$2:$V$10081,G$1,FALSE)) -> - | H215: =IF($B215="-","-",VLOOKUP(ROUND(CONCATENATE($A215,H$2),0),'Cadastro - Padrões'!$A$2:$V$10081,H$1,FALSE)) -> - | I215: =IF($B215="-","-",VLOOKUP(ROUND(CONCATENATE($A215,I$2),0),'Cadastro - Padrões'!$A$2:$V$10081,I$1,FALSE)) -> - | J215: =IF($B215="-","-",VLOOKUP(ROUND(CONCATENATE($A215,J$2),0),'Cadastro - Padrões'!$A$2:$V$10081,J$1,FALSE)) -> - | ... AB215: =IF($B215="-","-",VLOOKUP(ROUND(CONCATENATE($A215,AB$2),0),'Cadastro - Padrões'!$A$2:$V$10081,AB$1,FALSE)) -> - | AC215: =IF($B215="-","-",IF(VLOOKUP(ROUND(CONCATENATE($A215,AC$2),0),'Cadastro - Padrões'!$A$2:$V$10081,AC$1,FALSE)="","-",VLOOKUP(ROUND(CONCATENATE($A215,AC$2),0),'Cadastro - Padrões'!$A$2:$V$10081,AC$1,FALSE))) -> - | AD215: =IF($B215="-","-",IF(VLOOKUP(ROUND(CONCATENATE($A215,AD$2),0),'Cadastro - Padrões'!$A$2:$V$10081,AD$1,FALSE)="","-",VLOOKUP(ROUND(CONCATENATE($A215,AD$2),0),'Cadastro - Padrões'!$A$2:$V$10081,AD$1,FALSE))) -> - | AE215: =IF($B215="-","-",IF(VLOOKUP(ROUND(CONCATENATE($A215,AE$2),0),'Cadastro - Padrões'!$A$2:$V$10081,AE$1,FALSE)="","-",VLOOKUP(ROUND(CONCATENATE($A215,AE$2),0),'Cadastro - Padrões'!$A$2:$V$10081,AE$1,FALSE))) -> - | AF215: =IF($B215="-","-",IF(VLOOKUP(ROUND(CONCATENATE($A215,AF$2),0),'Cadastro - Padrões'!$A$2:$V$10081,AF$1,FALSE)="","-",VLOOKUP(ROUND(CONCATENATE($A215,AF$2),0),'Cadastro - Padrões'!$A$2:$V$10081,AF$1,FALSE))) -> - | AG215: =IF($B215="-","-",IF(VLOOKUP(ROUND(CONCATENATE($A215,AG$2),0),'Cadastro - Padrões'!$A$2:$V$10081,AG$1,FALSE)="","-",VLOOKUP(ROUND(CONCATENATE($A215,AG$2),0),'Cadastro - Padrões'!$A$2:$V$10081,AG$1,FALSE))) -> - | AH215: =IF($B215="-","-",IF(VLOOKUP(ROUND(CONCATENATE($A215,AH$2),0),'Cadastro - Padrões'!$A$2:$V$10081,AH$1,FALSE)="","-",VLOOKUP(ROUND(CONCATENATE($A215,AH$2),0),'Cadastro - Padrões'!$A$2:$V$10081,AH$1,FALSE))) -> - | AI215: =IF($B215="-","-",IF(VLOOKUP(ROUND(CONCATENATE($A215,AI$2),0),'Cadastro - Padrões'!$A$2:$V$10081,AI$1,FALSE)="","-",VLOOKUP(ROUND(CONCATENATE($A215,AI$2),0),'Cadastro - Padrões'!$A$2:$V$10081,AI$1,FALSE))) -> - | AJ215: =IF($B215="-","-",IF(VLOOKUP(ROUND(CONCATENATE($A215,AJ$2),0),'Cadastro - Padrões'!$A$2:$V$10081,AJ$1,FALSE)="","-",VLOOKUP(ROUND(CONCATENATE($A215,AJ$2),0),'Cadastro - Padrões'!$A$2:$V$10081,AJ$1,FALSE))) -> - | ... BP215: =IF($B215="-","-",IF(VLOOKUP(ROUND(CONCATENATE($A215,BP$2),0),'Cadastro - Padrões'!$A$2:$V$10081,BP$1,FALSE)="","-",VLOOKUP(ROUND(CONCATENATE($A215,BP$2),0),'Cadastro - Padrões'!$A$2:$V$10081,BP$1,FALSE))) -> -
A216: 1 | B216: =A216+1 -> 2 | C216: =B216+1 -> 3 | D216: =C216+1 -> 4 | E216: =D216+1 -> 5 | F216: =E216+1 -> 6 | G216: =F216+1 -> 7 | H216: =G216+1 -> 8 | I216: =H216+1 -> 9 | ... BP216: =BO216+1 -> 68

Sheet Cadastro - Padrões
A1: 1 | B1: 2 | C1: =B1+1 -> 3 | D1: =C1+1 -> 4 | E1: =D1+1 -> 5 | F1: =E1+1 -> 6 | G1: =F1+1 -> 7 | H1: =G1+1 -> 8 | I1: =H1+1 -> 9 | J1: =I1+1 -> 10 | ... V1: =U1+1 -> 22
A2: =ROUND(CONCATENATE(U2,V2),0) -> 1201 | B2: Padrão : | D2: Termômetro Digital | U2: 1 | V2: 201
A3: =ROUND(CONCATENATE(U3,V3),0) -> 1202 | B3: Tipo de medição : | D3: Contato | E3: Tipo do sensor : | G3: Termoresisitivo | U3: =U2 -> 1 | V3: =V2+1 -> 202
A4: =ROUND(CONCATENATE(U4,V4),0) -> 1203 | B4: Identificação : | D4: E.TH.LT-010 | U4: =U3 -> 1 | V4: =V3+1 -> 203 | X4: IN | Y4: NA
A5: =ROUND(CONCATENATE(U5,V5),0) -> 1204 | B5: Orgão Calibrador : | D5: Elus | K5: X8 | L5: X7 | M5: X6 | N5: X5 | O5: X4 | P5: X3 | Q5: X2 | R5: X1 | S5: X0 | U5: =U4 -> 1 | V5: =V4+1 -> 204 | X5: OUT | Y5: Termoresisitivo
A6: =ROUND(CONCATENATE(U6,V6),0) -> 1205 | B6: Rastreabilidade : | D6: RBC - CAL 0439 | J6: =COUNTA(B18:B27) -> 6 | K6: =IF(L6-1<2,0,L6-1) -> 0 | L6: =IF(M6-1<2,0,M6-1) -> 0 | M6: =IF(N6-1<2,0,N6-1) -> 0 | N6: =IF(O6-1<2,0,O6-1) -> 0 | O6: =IF(P6-1<2,0,P6-1) -> 2 | P6: =IF(Q6-1<2,0,Q6-1) -> 3 | Q6: =IF(R6-1<2,0,R6-1) -> 4 | R6: =IF(S6-1<2,0,S6-1) -> 5 | S6: =J6 -> 6 | U6: =U5 -> 1 | V6: =V5+1 -> 205 | X6: Contato | Y6: Termopar
A7: =ROUND(CONCATENATE(U7,V7),0) -> 1206 | B7: N° do certificado : | D7: E0319/25 | J7: =CONCATENATE(J6,1) -> 61 | K7: =IF(K6=0,0,VLOOKUP(J7,J11:S41,K6,FALSE)) -> 0 | L7: =IF(L6=0,0,VLOOKUP(J7,J11:S41,L6,FALSE)) -> 0 | M7: =IF(M6=0,0,VLOOKUP(J7,J11:S41,M6,FALSE)) -> 0 | N7: =IF(N6=0,0,VLOOKUP(J7,J11:S41,N6,FALSE)) -> 0 | O7: =IF(O6=0,0,VLOOKUP(J7,J11:S41,O6,FALSE)) -> 3.38621e-11 | P7: =IF(P6=0,0,VLOOKUP(J7,J11:S41,P6,FALSE)) -> -1.3708326e-08 | Q7: =IF(Q6=0,0,VLOOKUP(J7,J11:S41,Q6,FALSE)) -> 2.3422234e-07 | R7: =IF(R6=0,0,VLOOKUP(J7,J11:S41,R6,FALSE)) -> 1.0002898 | S7: =IF(S6=0,0,VLOOKUP(J7,J11:S41,S6,FALSE)) -> -0.0032031676 | U7: =U6 -> 1 | V7: =V6+1 -> 206
A8: =ROUND(CONCATENATE(U8,V8),0) -> 1207 | B8: Data da Calibração : | D8: 45807 | J8: =CONCATENATE(J6,2) -> 62 | K8: =IF(K6=0,0,VLOOKUP(J8,J11:S41,K6,FALSE)) -> 0 | L8: =IF(L6=0,0,VLOOKUP(J8,J11:S41,L6,FALSE)) -> 0 | M8: =IF(M6=0,0,VLOOKUP(J8,J11:S41,M6,FALSE)) -> 0 | N8: =IF(N6=0,0,VLOOKUP(J8,J11:S41,N6,FALSE)) -> 0 | O8: =IF(O6=0,0,VLOOKUP(J8,J11:S41,O6,FALSE)) -> 3.2893309e-11 | P8: =IF(P6=0,0,VLOOKUP(J8,J11:S41,P6,FALSE)) -> 1.2045677e-08 | Q8: =IF(Q6=0,0,VLOOKUP(J8,J11:S41,Q6,FALSE)) -> 6.5981224e-07 | R8: =IF(R6=0,0,VLOOKUP(J8,J11:S41,R6,FALSE)) -> 0.00011983017 | S8: =IF(S6=0,0,VLOOKUP(J8,J11:S41,S6,FALSE)) -> 0.0043830516 | U8: =U7 -> 1 | V8: =V7+1 -> 207
A9: =ROUND(CONCATENATE(U9,V9),0) -> 1208 | B9: Vencimento da Calibração : | D9: 46172 | J9: =CONCATENATE(J6,3) -> 63 | N9: Veff curva = | O9: =J6-2 -> 4 | P9: Residuo = | Q9: =VLOOKUP(J9,J11:S41,3,FALSE) -> 0.0065014406 | R9: R² = | S9: =VLOOKUP(J9,J11:S41,2,FALSE) -> 1 | U9: =U8 -> 1 | V9: =V8+1 -> 208
A10: =ROUND(CONCATENATE(U10,V10),0) -> 1209 | B10: Divisão de escala : | D10: 0.001 | E10: Unidade calibrada : | H10: °C | K10: 3 | L10: 3 | U10: =U9 -> 1 | V10: =V9+1 -> 209
A11: =ROUND(CONCATENATE(U11,V11),0) -> 1210 | B11: Faixa de medição : | D11: =MIN(B18:B27) -> -90 | E11: ~ | F11: =MAX(B18:B27) -> 300 | G11: =IF(H10="","",H10) -> °C | J11: =CONCATENATE(K10,1) -> 31 | K11: {=LINEST(B18:B20,C18:C20^{1},TRUE,TRUE)} -> 1.0000889 | L11: -0.0076681333 | U11: =U10 -> 1 | V11: =V10+1 -> 210
A12: =ROUND(CONCATENATE(U12,V12),0) -> 1211 | J12: =CONCATENATE(K10,2) -> 32 | K12: 1.2836563e-05 | L12: 0.00074559442 | U12: =U11 -> 1 | V12: =V11+1 -> 211
A13: =ROUND(CONCATENATE(U13,V13),0) -> 1212 | B13: Valores da Calibração Atual | G13: Calibração Anterior | J13: =CONCATENATE(K10,3) -> 33 | K13: 1 | L13: 0.00081693203 | U13: =U12 -> 1 | V13: =V12+1 -> 212
A14: =ROUND(CONCATENATE(U14,V14),0) -> 1213 | B14: Certificado | E14: =IF(D7="","",D7) -> E0319/25 | G14: Certificado | H14: R0106/24 | K14: 4 | L14: 4 | M14: 4 | U14: =U13 -> 1 | V14: =V13+1 -> 213
A15: =ROUND(CONCATENATE(U15,V15),0) -> 1214 | B15: Valor | C15: Leitura do | D15: Incerteza | F15: Grau de liberdade | G15: Valor | H15: Leitura do | J15: =CONCATENATE(K14,1) -> 41 | K15: {=LINEST(B18:B21,C18:C21^{1,2},TRUE,TRUE)} -> 1.7451515e-06 | L15: 1.0002646 | M15: -0.0053849014 | U15: =U14 -> 1 | V15: =V14+1 -> 214
A16: =ROUND(CONCATENATE(U16,V16),0) -> 1215 | B16: Referência | C16: Instrumento | D16: de Medição | E16: k | G16: Referência | H16: Instrumento | J16: =CONCATENATE(K14,2) -> 42 | K16: 9.1099065e-07 | L16: 5.2625135e-05 | M16: 0.0030191734 | U16: =U15 -> 1 | V16: =V15+1 -> 215
A17: =ROUND(CONCATENATE(U17,V17),0) -> 1216 | B17: =IF(H10="","",H10) -> °C | C17: =IF(H10="","",H10) -> °C | D17: =IF(H10="","",H10) -> °C | G17: =IF(H10="","",H10) -> °C | H17: =IF(H10="","",H10) -> °C | J17: =CONCATENATE(K14,3) -> 43 | K17: 1 | L17: 0.0039971845 | M17: #N/A | U17: =U16 -> 1 | V17: =V16+1 -> 216
A18: =ROUND(CONCATENATE(U18,V18),0) -> 1217 | B18: -90 | C18: -89.984 | D18: 0.07 | E18: 2 | F18: 1000000 | G18: -90 | H18: -89.991 | K18: 5 | L18: 5 | M18: 5 | N18: 5 | U18: =U17 -> 1 | V18: =V17+1 -> 217
A19: =ROUND(CONCATENATE(U19,V19),0) -> 1218 | B19: -45 | C19: -44.989 | D19: 0.03 | E19: 2 | F19: 1000000 | G19: -44.999 | H19: -44.993 | J19: =CONCATENATE(K18,1) -> 51 | K19: {=LINEST(B18:B22,C18:C22^{1,2,3},TRUE,TRUE)} -> -1.2140471e-08 | L19: 7.6668164e-07 | M19: 1.0002918 | N19: -0.0038735036 | U19: =U18 -> 1 | V19: =V18+1 -> 218
A20: =ROUND(CONCATENATE(U20,V20),0) -> 1219 | B20: 0.01 | C20: 0.018 | D20: 0.03 | E20: 2 | F20: 1000000 | G20: 0.01 | H20: 0.013 | J20: =CONCATENATE(K18,2) -> 52 | K20: 8.450314e-09 | L20: 8.1268741e-07 | M20: 9.8439883e-05 | N20: 0.0039541156 | U20: =U19 -> 1 | V20: =V19+1 -> 219
A21: =ROUND(CONCATENATE(U21,V21),0) -> 1220 | B21: 49.998 | C21: 49.985 | D21: 0.03 | E21: 2 | F21: 1000000 | G21: 50 | H21: 49.997 | J21: =CONCATENATE(K18,3) -> 53 | K21: 1 | L21: 0.0057186896 | M21: #N/A | N21: #N/A | U21: =U20 -> 1 | V21: =V20+1 -> 220
A22: =ROUND(CONCATENATE(U22,V22),0) -> 1221 | B22: 150 | C22: 149.984 | D22: 0.03 | E22: 2 | F22: 1000000 | G22: 149.999 | H22: 149.996 | K22: 6 | L22: 6 | M22: 6 | N22: 6 | O22: 6 | U22: =U21 -> 1 | V22: =V21+1 -> 221
A23: =ROUND(CONCATENATE(U23,V23),0) -> 1222 | B23: 300 | C23: 299.991 | D23: 0.05 | E23: 2 | F23: 1000000 | G23: 300 | H23: 299.99 | J23: =CONCATENATE(K22,1) -> 61 | K23: {=LINEST(B18:B23,C18:C23^{1,2,3,4},TRUE,TRUE)} -> 3.38621e-11 | L23: -1.3708326e-08 | M23: 2.3422234e-07 | N23: 1.0002898 | O23: -0.0032031676 | U23: =U22 -> 1 | V23: =V22+1 -> 222
A24: =ROUND(CONCATENATE(U24,V24),0) -> 1223 | J24: =CONCATENATE(K22,2) -> 62 | K24: 3.2893309e-11 | L24: 1.2045677e-08 | M24: 6.5981224e-07 | N24: 0.00011983017 | O24: 0.0043830516 | U24: =U23 -> 1 | V24: =V23+1 -> 223
A25: =ROUND(CONCATENATE(U25,V25),0) -> 1224 | J25: =CONCATENATE(K22,3) -> 63 | K25: 1 | L25: 0.0065014406 | M25: #N/A | N25: #N/A | O25: #N/A | U25: =U24 -> 1 | V25: =V24+1 -> 224
A26: =ROUND(CONCATENATE(U26,V26),0) -> 1225 | K26: 7 | L26: 7 | M26: 7 | N26: 7 | O26: 7 | P26: 7 | U26: =U25 -> 1 | V26: =V25+1 -> 225
A27: =ROUND(CONCATENATE(U27,V27),0) -> 1226 | J27: =CONCATENATE(K26,1) -> 71 | K27: {=LINEST(B18:B24,C18:C24^{1,2,3,4,5},TRUE,TRUE)} -> #VALUE! | L27: #VALUE! | M27: #VALUE! | N27: #VALUE! | O27: #VALUE! | P27: #VALUE! | U27: =U26 -> 1 | V27: =V26+1 -> 226
A28: =ROUND(CONCATENATE(U28,V28),0) -> 1227 | B28: =COUNT(B18:B27)-2 -> 4 | J28: =CONCATENATE(K26,2) -> 72 | K28: #VALUE! | L28: #VALUE! | M28: #VALUE! | N28: #VALUE! | O28: #VALUE! | P28: #VALUE! | U28: =U27 -> 1 | V28: =V27+1 -> 227
A29: =ROUND(CONCATENATE(U29,V29),0) -> 1228 | J29: =CONCATENATE(K26,3) -> 73 | K29: #VALUE! | L29: #VALUE! | M29: #VALUE! | N29: #VALUE! | O29: #VALUE! | P29: #VALUE! | U29: =U28 -> 1 | V29: =V28+1 -> 228
A30: =ROUND(CONCATENATE(U30,V30),0) -> 1229 | B30: Observações (particularidades para utilização) | K30: 8 | L30: 8 | M30: 8 | N30: 8 | O30: 8 | P30: 8 | Q30: 8 | U30: =U29 -> 1 | V30: =V29+1 -> 229
A31: =ROUND(CONCATENATE(U31,V31),0) -> 1230 | J31: =CONCATENATE(K30,1) -> 81 | K31: {=LINEST(B18:B25,C18:C25^{1,2,3,4,5,6},TRUE,TRUE)} -> #VALUE! | L31: #VALUE! | M31: #VALUE! | N31: #VALUE! | O31: #VALUE! | P31: #VALUE! | Q31: #VALUE! | U31: =U30 -> 1 | V31: =V30+1 -> 230
A32: =ROUND(CONCATENATE(U32,V32),0) -> 1231 | J32: =CONCATENATE(K30,2) -> 82 | K32: #VALUE! | L32: #VALUE! | M32: #VALUE! | N32: #VALUE! | O32: #VALUE! | P32: #VALUE! | Q32: #VALUE! | U32: =U31 -> 1 | V32: =V31+1 -> 231
A33: =ROUND(CONCATENATE(U33,V33),0) -> 1232 | J33: =CONCATENATE(K30,3) -> 83 | K33: #VALUE! | L33: #VALUE! | M33: #VALUE! | N33: #VALUE! | O33: #VALUE! | P33: #VALUE! | Q33: #VALUE! | U33: =U32 -> 1 | V33: =V32+1 -> 232
A34: =ROUND(CONCATENATE(U34,V34),0) -> 1233 | B34: Deriva > | E34: =IF(D4="","",MAX(E35,E36)) -> 0.013 | K34: 9 | L34: 9 | M34: 9 | N34: 9 | O34: 9 | P34: 9 | Q34: 9 | R34: 9 | U34: =U33 -> 1 | V34: =V33+1 -> 233
A35: =ROUND(CONCATENATE(U35,V35),0) -> 1234 | B35: Erro Atual | C35: Erro Anterior | D35: Diferença | E35: =ABS(MIN(D36:D45)) -> 0.007 | G35: u | J35: =CONCATENATE(K34,1) -> 91 | K35: {=LINEST(B18:B26,C18:C26^{1,2,3,4,5,6,7},TRUE,TRUE)} -> #VALUE! | L35: #VALUE! | M35: #VALUE! | N35: #VALUE! | O35: #VALUE! | P35: #VALUE! | Q35: #VALUE! | R35: #VALUE! | U35: =U34 -> 1 | V35: =V34+1 -> 234
A36: =ROUND(CONCATENATE(U36,V36),0) -> 1235 | B36: =C18-B18 -> 0.016 | C36: =H18-G18 -> 0.009 | D36: =C36-B36 -> -0.007 | E36: =ABS(MAX(D36:D45)) -> 0.013 | G36: =IF(D18="","",D18/E18) -> 0.035 | J36: =CONCATENATE(K34,2) -> 92 | K36: #VALUE! | L36: #VALUE! | M36: #VALUE! | N36: #VALUE! | O36: #VALUE! | P36: #VALUE! | Q36: #VALUE! | R36: #VALUE! | U36: =U35 -> 1 | V36: =V35+1 -> 235
A37: =ROUND(CONCATENATE(U37,V37),0) -> 1236 | B37: =C19-B19 -> 0.011 | C37: =H19-G19 -> 0.006 | D37: =C37-B37 -> -0.005 | E37: Desvio Máx. | G37: =IF(D19="","",D19/E19) -> 0.015 | J37: =CONCATENATE(K34,3) -> 93 | K37: #VALUE! | L37: #VALUE! | M37: #VALUE! | N37: #VALUE! | O37: #VALUE! | P37: #VALUE! | Q37: #VALUE! | R37: #VALUE! | U37: =U36 -> 1 | V37: =V36+1 -> 236
A38: =ROUND(CONCATENATE(U38,V38),0) -> 1237 | B38: =C20-B20 -> 0.008 | C38: =H20-G20 -> 0.003 | D38: =C38-B38 -> -0.005 | E38: =IF(D4="","",MAX(E39,E40)) -> 0.016 | G38: =IF(D20="","",D20/E20) -> 0.015 | K38: 10 | L38: 10 | M38: 10 | N38: 10 | O38: 10 | P38: 10 | Q38: 10 | R38: 10 | S38: 10 | U38: =U37 -> 1 | V38: =V37+1 -> 237
A39: =ROUND(CONCATENATE(U39,V39),0) -> 1238 | B39: =C21-B21 -> -0.013 | C39: =H21-G21 -> -0.003 | D39: =C39-B39 -> 0.01 | E39: =ABS(MIN(B36:B45)) -> 0.016 | G39: =IF(D21="","",D21/E21) -> 0.015 | J39: =CONCATENATE(K38,1) -> 101 | K39: {=LINEST(B18:B27,C18:C27^{1,2,3,4,5,6,7,8},TRUE,TRUE)} -> #VALUE! | L39: #VALUE! | M39: #VALUE! | N39: #VALUE! | O39: #VALUE! | P39: #VALUE! | Q39: #VALUE! | R39: #VALUE! | S39: #VALUE! | U39: =U38 -> 1 | V39: =V38+1 -> 238
A40: =ROUND(CONCATENATE(U40,V40),0) -> 1239 | B40: =C22-B22 -> -0.016 | C40: =H22-G22 -> -0.003 | D40: =C40-B40 -> 0.013 | E40: =ABS(MAX(B36:B45)) -> 0.016 | G40: =IF(D22="","",D22/E22) -> 0.015 | J40: =CONCATENATE(K38,2) -> 102 | K40: #VALUE! | L40: #VALUE! | M40: #VALUE! | N40: #VALUE! | O40: #VALUE! | P40: #VALUE! | Q40: #VALUE! | R40: #VALUE! | S40: #VALUE! | U40: =U39 -> 1 | V40: =V39+1 -> 239
A41: =ROUND(CONCATENATE(U41,V41),0) -> 1240 | B41: =C23-B23 -> -0.009 | C41: =H23-G23 -> -0.01 | D41: =C41-B41 -> -0.001 | E41: Maior U95 - k2 | G41: =IF(D23="","",D23/E23) -> 0.025 | J41: =CONCATENATE(K38,3) -> 103 | K41: #VALUE! | L41: #VALUE! | M41: #VALUE! | N41: #VALUE! | O41: #VALUE! | P41: #VALUE! | Q41: #VALUE! | R41: #VALUE! | S41: #VALUE! | U41: =U40 -> 1 | V41: =V40+1 -> 240
A42: =ROUND(CONCATENATE(U42,V42),0) -> 1241 | B42: =C24-B24 -> 0 | C42: =H24-G24 -> 0 | D42: =C42-B42 -> 0 | E42: =IF(D4="","",MAX(E43,E44))*2 -> 0.07 | G42: =IF(D24="","",D24/E24) | U42: =U41 -> 1 | V42: =V41+1 -> 241
A43: =ROUND(CONCATENATE(U43,V43),0) -> 1242 | B43: =C25-B25 -> 0 | C43: =H25-G25 -> 0 | D43: =C43-B43 -> 0 | E43: =ABS(MIN(G36:G45)) -> 0.015 | G43: =IF(D25="","",D25/E25) | U43: =U42 -> 1 | V43: =V42+1 -> 242
A44: =ROUND(CONCATENATE(U44,V44),0) -> 1243 | B44: =C26-B26 -> 0 | C44: =H26-G26 -> 0 | D44: =C44-B44 -> 0 | E44: =ABS(MAX(G36:G45)) -> 0.035 | G44: =IF(D26="","",D26/E26) | U44: =U43 -> 1 | V44: =V43+1 -> 243
A45: =ROUND(CONCATENATE(U45,V45),0) -> 1244 | B45: =C27-B27 -> 0 | C45: =H27-G27 -> 0 | D45: =C45-B45 -> 0 | G45: =IF(D27="","",D27/E27) | U45: =U44 -> 1 | V45: =V44+1 -> 244
A46: =ROUND(CONCATENATE(U46,V46),0) -> 1245 | U46: =U45 -> 1 | V46: =V45+1 -> 245
A47: =ROUND(CONCATENATE(U47,V47),0) -> 1246 | U47: =U46 -> 1 | V47: =V46+1 -> 246
A48: =ROUND(CONCATENATE(U48,V48),0) -> 1247 | U48: =U47 -> 1 | V48: =V47+1 -> 247
A50: =ROUND(CONCATENATE(U50,V50),0) -> 2201 | B50: Padrão : | D50: Termohigrômetro Digital | U50: =U48+1 -> 2 | V50: 201
A51: =ROUND(CONCATENATE(U51,V51),0) -> 2202 | B51: Tipo de medição : | D51: IN | E51: Tipo do sensor : | G51: NA | U51: =U50 -> 2 | V51: =V50+1 -> 202
A52: =ROUND(CONCATENATE(U52,V52),0) -> 2203 | B52: Identificação : | D52: E.TH.PMR-004 | U52: =U51 -> 2 | V52: =V51+1 -> 203
A53: =ROUND(CONCATENATE(U53,V53),0) -> 2204 | B53: Orgão Calibrador : | D53: Elus | K53: X8 | L53: X7 | M53: X6 | N53: X5 | O53: X4 | P53: X3 | Q53: X2 | R53: X1 | S53: X0 | U53: =U52 -> 2 | V53: =V52+1 -> 204 | X53: Hz
A54: =ROUND(CONCATENATE(U54,V54),0) -> 2205 | B54: Rastreabilidade : | D54: RBC - CAL 0439 | J54: =COUNTA(B66:B75) -> 3 | K54: =IF(L54-1<2,0,L54-1) -> 0 | L54: =IF(M54-1<2,0,M54-1) -> 0 | M54: =IF(N54-1<2,0,N54-1) -> 0 | N54: =IF(O54-1<2,0,O54-1) -> 0 | O54: =IF(P54-1<2,0,P54-1) -> 0 | P54: =IF(Q54-1<2,0,Q54-1) -> 0 | Q54: =IF(R54-1<2,0,R54-1) -> 0 | R54: =IF(S54-1<2,0,S54-1) -> 2 | S54: =J54 -> 3 | U54: =U53 -> 2 | V54: =V53+1 -> 205 | X54: kHz
A55: =ROUND(CONCATENATE(U55,V55),0) -> 2206 | B55: N° do certificado : | D55: E0401/25 | J55: =CONCATENATE(J54,1) -> 31 | K55: =IF(K54=0,0,VLOOKUP(J55,J59:S89,K54,FALSE)) -> 0 | L55: =IF(L54=0,0,VLOOKUP(J55,J59:S89,L54,FALSE)) -> 0 | M55: =IF(M54=0,0,VLOOKUP(J55,J59:S89,M54,FALSE)) -> 0 | N55: =IF(N54=0,0,VLOOKUP(J55,J59:S89,N54,FALSE)) -> 0 | O55: =IF(O54=0,0,VLOOKUP(J55,J59:S89,O54,FALSE)) -> 0 | P55: =IF(P54=0,0,VLOOKUP(J55,J59:S89,P54,FALSE)) -> 0 | Q55: =IF(Q54=0,0,VLOOKUP(J55,J59:S89,Q54,FALSE)) -> 0 | R55: =IF(R54=0,0,VLOOKUP(J55,J59:S89,R54,FALSE)) -> 0.99501667 | S55: =IF(S54=0,0,VLOOKUP(J55,J59:S89,S54,FALSE)) -> 0.38992112 | U55: =U54 -> 2 | V55: =V54+1 -> 206 | X55: MHz
A56: =ROUND(CONCATENATE(U56,V56),0) -> 2207 | B56: Data da Calibração : | D56: 45836 | J56: =CONCATENATE(J54,2) -> 32 | K56: =IF(K54=0,0,VLOOKUP(J56,J59:S89,K54,FALSE)) -> 0 | L56: =IF(L54=0,0,VLOOKUP(J56,J59:S89,L54,FALSE)) -> 0 | M56: =IF(M54=0,0,VLOOKUP(J56,J59:S89,M54,FALSE)) -> 0 | N56: =IF(N54=0,0,VLOOKUP(J56,J59:S89,N54,FALSE)) -> 0 | O56: =IF(O54=0,0,VLOOKUP(J56,J59:S89,O54,FALSE)) -> 0 | P56: =IF(P54=0,0,VLOOKUP(J56,J59:S89,P54,FALSE)) -> 0 | Q56: =IF(Q54=0,0,VLOOKUP(J56,J59:S89,Q54,FALSE)) -> 0 | R56: =IF(R54=0,0,VLOOKUP(J56,J59:S89,R54,FALSE)) -> 0.0028580753 | S56: =IF(S54=0,0,VLOOKUP(J56,J59:S89,S54,FALSE)) -> 0.074478686 | U56: =U55 -> 2 | V56: =V55+1 -> 207
A57: =ROUND(CONCATENATE(U57,V57),0) -> 2208 | B57: Vencimento da Calibração : | D57: 46203 | J57: =CONCATENATE(J54,3) -> 33 | N57: Veff curva = | O57: =J54-2 -> 1 | P57: Residuo = | Q57: =VLOOKUP(J57,J59:S89,3,FALSE) -> 0.040621553 | R57: R² = | S57: =VLOOKUP(J57,J59:S89,2,FALSE) -> 0.99999175 | U57: =U56 -> 2 | V57: =V56+1 -> 208
A58: =ROUND(CONCATENATE(U58,V58),0) -> 2209 | B58: Divisão de escala : | D58: 0.1 | E58: Unidade calibrada : | H58: °C | K58: 3 | L58: 3 | U58: =U57 -> 2 | V58: =V57+1 -> 209
A59: =ROUND(CONCATENATE(U59,V59),0) -> 2210 | B59: Faixa de medição : | D59: =MIN(B66:B75) -> 15 | E59: ~ | F59: =MAX(B66:B75) -> 35 | G59: =IF(H58="","",H58) -> °C | J59: =CONCATENATE(K58,1) -> 31 | K59: {=LINEST(B66:B68,C66:C68^{1},TRUE,TRUE)} -> 0.99501667 | L59: 0.38992112 | U59: =U58 -> 2 | V59: =V58+1 -> 210
A60: =ROUND(CONCATENATE(U60,V60),0) -> 2211 | J60: =CONCATENATE(K58,2) -> 32 | K60: 0.0028580753 | L60: 0.074478686 | U60: =U59 -> 2 | V60: =V59+1 -> 211
A61: =ROUND(CONCATENATE(U61,V61),0) -> 2212 | B61: Valores da Calibração Atual | G61: Calibração Anterior | J61: =CONCATENATE(K58,3) -> 33 | K61: 0.99999175 | L61: 0.040621553 | U61: =U60 -> 2 | V61: =V60+1 -> 212
A62: =ROUND(CONCATENATE(U62,V62),0) -> 2213 | B62: Certificado | E62: =IF(D55="","",D55) -> E0401/25 | G62: Certificado | H62: E0159/24 | K62: 4 | L62: 4 | M62: 4 | U62: =U61 -> 2 | V62: =V61+1 -> 213
A63: =ROUND(CONCATENATE(U63,V63),0) -> 2214 | B63: Valor | C63: Leitura do | D63: Incerteza | F63: Grau de liberdade | G63: Valor | H63: Leitura do | J63: =CONCATENATE(K62,1) -> 41 | K63: {=LINEST(B66:B69,C66:C69^{1,2},TRUE,TRUE)} -> #VALUE! | L63: #VALUE! | M63: #VALUE! | U63: =U62 -> 2 | V63: =V62+1 -> 214
A64: =ROUND(CONCATENATE(U64,V64),0) -> 2215 | B64: Referência | C64: Instrumento | D64: de Medição | E64: k | G64: Referência | H64: Instrumento | J64: =CONCATENATE(K62,2) -> 42 | K64: #VALUE! | L64: #VALUE! | M64: #VALUE! | U64: =U63 -> 2 | V64: =V63+1 -> 215
A65: =ROUND(CONCATENATE(U65,V65),0) -> 2216 | B65: =IF(H58="","",H58) -> °C | C65: =IF(H58="","",H58) -> °C | D65: =IF(H58="","",H58) -> °C | G65: =IF(H58="","",H58) -> °C | H65: =IF(H58="","",H58) -> °C | J65: =CONCATENATE(K62,3) -> 43 | K65: #VALUE! | L65: #VALUE! | M65: #VALUE! | U65: =U64 -> 2 | V65: =V64+1 -> 216
A66: =ROUND(CONCATENATE(U66,V66),0) -> 2217 | B66: 15 | C66: 14.7 | D66: 0.2 | E66: 2 | F66: 1000000 | G66: 15 | H66: 14.6 | K66: 5 | L66: 5 | M66: 5 | N66: 5 | U66: =U65 -> 2 | V66: =V65+1 -> 217
A67: =ROUND(CONCATENATE(U67,V67),0) -> 2218 | B67: 25 | C67: 24.7 | D67: 0.2 | E67: 2 | F67: 1000000 | G67: 25 | H67: 24.7 | J67: =CONCATENATE(K66,1) -> 51 | K67: {=LINEST(B66:B70,C66:C70^{1,2,3},TRUE,TRUE)} -> #VALUE! | L67: #VALUE! | M67: #VALUE! | N67: #VALUE! | U67: =U66 -> 2 | V67: =V66+1 -> 218
A68: =ROUND(CONCATENATE(U68,V68),0) -> 2219 | B68: 35 | C68: 34.8 | D68: 0.2 | E68: 2 | F68: 1000000 | G68: 35 | H68: 34.8 | J68: =CONCATENATE(K66,2) -> 52 | K68: #VALUE! | L68: #VALUE! | M68: #VALUE! | N68: #VALUE! | U68: =U67 -> 2 | V68: =V67+1 -> 219
A69: =ROUND(CONCATENATE(U69,V69),0) -> 2220 | J69: =CONCATENATE(K66,3) -> 53 | K69: #VALUE! | L69: #VALUE! | M69: #VALUE! | N69: #VALUE! | U69: =U68 -> 2 | V69: =V68+1 -> 220
A70: =ROUND(CONCATENATE(U70,V70),0) -> 2221 | K70: 6 | L70: 6 | M70: 6 | N70: 6 | O70: 6 | U70: =U69 -> 2 | V70: =V69+1 -> 221
A71: =ROUND(CONCATENATE(U71,V71),0) -> 2222 | J71: =CONCATENATE(K70,1) -> 61 | K71: {=LINEST(B66:B71,C66:C71^{1,2,3,4},TRUE,TRUE)} -> #VALUE! | L71: #VALUE! | M71: #VALUE! | N71: #VALUE! | O71: #VALUE! | U71: =U70 -> 2 | V71: =V70+1 -> 222
A72: =ROUND(CONCATENATE(U72,V72),0) -> 2223 | J72: =CONCATENATE(K70,2) -> 62 | K72: #VALUE! | L72: #VALUE! | M72: #VALUE! | N72: #VALUE! | O72: #VALUE! | U72: =U71 -> 2 | V72: =V71+1 -> 223
A73: =ROUND(CONCATENATE(U73,V73),0) -> 2224 | J73: =CONCATENATE(K70,3) -> 63 | K73: #VALUE! | L73: #VALUE! | M73: #VALUE! | N73: #VALUE! | O73: #VALUE! | U73: =U72 -> 2 | V73: =V72+1 -> 224
A74: =ROUND(CONCATENATE(U74,V74),0) -> 2225 | K74: 7 | L74: 7 | M74: 7 | N74: 7 | O74: 7 | P74: 7 | U74: =U73 -> 2 | V74: =V73+1 -> 225
A75: =ROUND(CONCATENATE(U75,V75),0) -> 2226 | J75: =CONCATENATE(K74,1) -> 71 | K75: {=LINEST(B66:B72,C66:C72^{1,2,3,4,5},TRUE,TRUE)} -> #VALUE! | L75: #VALUE! | M75: #VALUE! | N75: #VALUE! | O75: #VALUE! | P75: #VALUE! | U75: =U74 -> 2 | V75: =V74+1 -> 226
A76: =ROUND(CONCATENATE(U76,V76),0) -> 2227 | B76: =COUNT(B66:B75)-2 -> 1 | J76: =CONCATENATE(K74,2) -> 72 | K76: #VALUE! | L76: #VALUE! | M76: #VALUE! | N76: #VALUE! | O76: #VALUE! | P76: #VALUE! | U76: =U75 -> 2 | V76: =V75+1 -> 227
A77: =ROUND(CONCATENATE(U77,V77),0) -> 2228 | J77: =CONCATENATE(K74,3) -> 73 | K77: #VALUE! | L77: #VALUE! | M77: #VALUE! | N77: #VALUE! | O77: #VALUE! | P77: #VALUE! | U77: =U76 -> 2 | V77: =V76+1 -> 228
A78: =ROUND(CONCATENATE(U78,V78),0) -> 2229 | B78: Observações (particularidades para utilização) | K78: 8 | L78: 8 | M78: 8 | N78: 8 | O78: 8 | P78: 8 | Q78: 8 | U78: =U77 -> 2 | V78: =V77+1 -> 229
A79: =ROUND(CONCATENATE(U79,V79),0) -> 2230 | J79: =CONCATENATE(K78,1) -> 81 | K79: {=LINEST(B66:B73,C66:C73^{1,2,3,4,5,6},TRUE,TRUE)} -> #VALUE! | L79: #VALUE! | M79: #VALUE! | N79: #VALUE! | O79: #VALUE! | P79: #VALUE! | Q79: #VALUE! | U79: =U78 -> 2 | V79: =V78+1 -> 230
A80: =ROUND(CONCATENATE(U80,V80),0) -> 2231 | J80: =CONCATENATE(K78,2) -> 82 | K80: #VALUE! | L80: #VALUE! | M80: #VALUE! | N80: #VALUE! | O80: #VALUE! | P80: #VALUE! | Q80: #VALUE! | U80: =U79 -> 2 | V80: =V79+1 -> 231
A81: =ROUND(CONCATENATE(U81,V81),0) -> 2232 | J81: =CONCATENATE(K78,3) -> 83 | K81: #VALUE! | L81: #VALUE! | M81: #VALUE! | N81: #VALUE! | O81: #VALUE! | P81: #VALUE! | Q81: #VALUE! | U81: =U80 -> 2 | V81: =V80+1 -> 232
A82: =ROUND(CONCATENATE(U82,V82),0) -> 2233 | B82: Deriva > | E82: =IF(D52="","",MAX(E83,E84)) -> 0.1 | K82: 9 | L82: 9 | M82: 9 | N82: 9 | O82: 9 | P82: 9 | Q82: 9 | R82: 9 | U82: =U81 -> 2 | V82: =V81+1 -> 233
A83: =ROUND(CONCATENATE(U83,V83),0) -> 2234 | B83: Erro Atual | C83: Erro Anterior | D83: Diferença | E83: =ABS(MIN(D84:D93)) -> 0.1 | G83: u | J83: =CONCATENATE(K82,1) -> 91 | K83: {=LINEST(B66:B74,C66:C74^{1,2,3,4,5,6,7},TRUE,TRUE)} -> #VALUE! | L83: #VALUE! | M83: #VALUE! | N83: #VALUE! | O83: #VALUE! | P83: #VALUE! | Q83: #VALUE! | R83: #VALUE! | U83: =U82 -> 2 | V83: =V82+1 -> 234
A84: =ROUND(CONCATENATE(U84,V84),0) -> 2235 | B84: =C66-B66 -> -0.3 | C84: =H66-G66 -> -0.4 | D84: =C84-B84 -> -0.1 | E84: =ABS(MAX(D84:D93)) -> 0 | G84: =IF(D66="","",D66/E66) -> 0.1 | J84: =CONCATENATE(K82,2) -> 92 | K84: #VALUE! | L84: #VALUE! | M84: #VALUE! | N84: #VALUE! | O84: #VALUE! | P84: #VALUE! | Q84: #VALUE! | R84: #VALUE! | U84: =U83 -> 2 | V84: =V83+1 -> 235
A85: =ROUND(CONCATENATE(U85,V85),0) -> 2236 | B85: =C67-B67 -> -0.3 | C85: =H67-G67 -> -0.3 | D85: =C85-B85 -> 0 | E85: Desvio Máx. | G85: =IF(D67="","",D67/E67) -> 0.1 | J85: =CONCATENATE(K82,3) -> 93 | K85: #VALUE! | L85: #VALUE! | M85: #VALUE! | N85: #VALUE! | O85: #VALUE! | P85: #VALUE! | Q85: #VALUE! | R85: #VALUE! | U85: =U84 -> 2 | V85: =V84+1 -> 236
A86: =ROUND(CONCATENATE(U86,V86),0) -> 2237 | B86: =C68-B68 -> -0.2 | C86: =H68-G68 -> -0.2 | D86: =C86-B86 -> 0 | E86: =IF(D52="","",MAX(E87,E88)) -> 0.3 | G86: =IF(D68="","",D68/E68) -> 0.1 | K86: 10 | L86: 10 | M86: 10 | N86: 10 | O86: 10 | P86: 10 | Q86: 10 | R86: 10 | S86: 10 | U86: =U85 -> 2 | V86: =V85+1 -> 237
A87: =ROUND(CONCATENATE(U87,V87),0) -> 2238 | B87: =C69-B69 -> 0 | C87: =H69-G69 -> 0 | D87: =C87-B87 -> 0 | E87: =ABS(MIN(B84:B93)) -> 0.3 | G87: =IF(D69="","",D69/E69) | J87: =CONCATENATE(K86,1) -> 101 | K87: {=LINEST(B66:B75,C66:C75^{1,2,3,4,5,6,7,8},TRUE,TRUE)} -> #VALUE! | L87: #VALUE! | M87: #VALUE! | N87: #VALUE! | O87: #VALUE! | P87: #VALUE! | Q87: #VALUE! | R87: #VALUE! | S87: #VALUE! | U87: =U86 -> 2 | V87: =V86+1 -> 238
A88: =ROUND(CONCATENATE(U88,V88),0) -> 2239 | B88: =C70-B70 -> 0 | C88: =H70-G70 -> 0 | D88: =C88-B88 -> 0 | E88: =ABS(MAX(B84:B93)) -> 0 | G88: =IF(D70="","",D70/E70) | J88: =CONCATENATE(K86,2) -> 102 | K88: #VALUE! | L88: #VALUE! | M88: #VALUE! | N88: #VALUE! | O88: #VALUE! | P88: #VALUE! | Q88: #VALUE! | R88: #VALUE! | S88: #VALUE! | U88: =U87 -> 2 | V88: =V87+1 -> 239
A89: =ROUND(CONCATENATE(U89,V89),0) -> 2240 | B89: =C71-B71 -> 0 | C89: =H71-G71 -> 0 | D89: =C89-B89 -> 0 | E89: Maior U95 - k2 | G89: =IF(D71="","",D71/E71) | J89: =CONCATENATE(K86,3) -> 103 | K89: #VALUE! | L89: #VALUE! | M89: #VALUE! | N89: #VALUE! | O89: #VALUE! | P89: #VALUE! | Q89: #VALUE! | R89: #VALUE! | S89: #VALUE! | U89: =U88 -> 2 | V89: =V88+1 -> 240
A90: =ROUND(CONCATENATE(U90,V90),0) -> 2241 | B90: =C72-B72 -> 0 | C90: =H72-G72 -> 0 | D90: =C90-B90 -> 0 | E90: =IF(D52="","",MAX(E91,E92))*2 -> 0.2 | G90: =IF(D72="","",D72/E72) | U90: =U89 -> 2 | V90: =V89+1 -> 241
A91: =ROUND(CONCATENATE(U91,V91),0) -> 2242 | B91: =C73-B73 -> 0 | C91: =H73-G73 -> 0 | D91: =C91-B91 -> 0 | E91: =ABS(MIN(G84:G93)) -> 0.1 | G91: =IF(D73="","",D73/E73) | U91: =U90 -> 2 | V91: =V90+1 -> 242
A92: =ROUND(CONCATENATE(U92,V92),0) -> 2243 | B92: =C74-B74 -> 0 | C92: =H74-G74 -> 0 | D92: =C92-B92 -> 0 | E92: =ABS(MAX(G84:G93)) -> 0.1 | G92: =IF(D74="","",D74/E74) | U92: =U91 -> 2 | V92: =V91+1 -> 243
A93: =ROUND(CONCATENATE(U93,V93),0) -> 2244 | B93: =C75-B75 -> 0 | C93: =H75-G75 -> 0 | D93: =C93-B93 -> 0 | G93: =IF(D75="","",D75/E75) | U93: =U92 -> 2 | V93: =V92+1 -> 244
A94: =ROUND(CONCATENATE(U94,V94),0) -> 2245 | U94: =U93 -> 2 | V94: =V93+1 -> 245
A95: =ROUND(CONCATENATE(U95,V95),0) -> 2246 | U95: =U94 -> 2 | V95: =V94+1 -> 246
A96: =ROUND(CONCATENATE(U96,V96),0) -> 2247 | U96: =U95 -> 2 | V96: =V95+1 -> 247
A98: =ROUND(CONCATENATE(U98,V98),0) -> 3201 | B98: Padrão : | D98: Termohigrômetro Digital | U98: =U96+1 -> 3 | V98: 201
A99: =ROUND(CONCATENATE(U99,V99),0) -> 3202 | B99: Tipo de medição : | D99: OUT | E99: Tipo do sensor : | G99: NA | U99: =U98 -> 3 | V99: =V98+1 -> 202
A100: =ROUND(CONCATENATE(U100,V100),0) -> 3203 | B100: Identificação : | D100: EL-800 | U100: =U99 -> 3 | V100: =V99+1 -> 203
A101: =ROUND(CONCATENATE(U101,V101),0) -> 3204 | B101: Orgão Calibrador : | D101: Elus | K101: X8 | L101: X7 | M101: X6 | N101: X5 | O101: X4 | P101: X3 | Q101: X2 | R101: X1 | S101: X0 | U101: =U100 -> 3 | V101: =V100+1 -> 204 | X101: Hz
A102: =ROUND(CONCATENATE(U102,V102),0) -> 3205 | B102: Rastreabilidade : | D102: RBC - CAL 0439 | J102: =COUNTA(B114:B123) -> 3 | K102: =IF(L102-1<2,0,L102-1) -> 0 | L102: =IF(M102-1<2,0,M102-1) -> 0 | M102: =IF(N102-1<2,0,N102-1) -> 0 | N102: =IF(O102-1<2,0,O102-1) -> 0 | O102: =IF(P102-1<2,0,P102-1) -> 0 | P102: =IF(Q102-1<2,0,Q102-1) -> 0 | Q102: =IF(R102-1<2,0,R102-1) -> 0 | R102: =IF(S102-1<2,0,S102-1) -> 2 | S102: =J102 -> 3 | U102: =U101 -> 3 | V102: =V101+1 -> 205 | X102: kHz
...

Sheet Histórico de revisões
A1: Histórico de revisões do Formulário:
A3: N° do documento | C3: Banco de dados - Termômetro
A4: 1ª Revisão | C4: 0 | D4: =B8 -> 44872 | E4: por : | F4: Caio C.
A5: Ultima Revisão | C5: =MAX(A8:A82) -> 24 | D5: =VLOOKUP(C5,A8:C82,2,FALSE) -> 46076 | E5: por : | F5: =VLOOKUP(C5,A8:C82,3,FALSE) -> Caio Cesar
A7: Revisão | B7: Data | C7: Revisado por: | D7: Verificado por: | E7: Descrição das alterações:
A8: 0 | B8: 44872 | C8: Caio Cesar | D8: Julio Cesar | E8: Primeira revisão
A9: =IF(E9="","",MAX($A$8:A8)+1) -> 1 | B9: 44872 | C9: Caio Cesar | D9: Julio Cesar | E9: Atualização dos padrões EL-584/130/399/1045/1046/1047/1048/1053/1054.
A10: =IF(E10="","",MAX($A$8:A9)+1) -> 2 | B10: 45034 | C10: Caio Cesar | D10: Julio Cesar | E10: Atualização dos padrões EL-949/953/955/956/800 e inclusão EL-1216/1217.
A11: =IF(E11="","",MAX($A$8:A10)+1) -> 3 | B11: 45107 | C11: Caio Cesar | D11: Julio Cesar | E11: Atualização dos padrões EL-1078/1080/1081/1086/1087/1088/1079/1084/1084/1094.
A12: =IF(E12="","",MAX($A$8:A11)+1) -> 4 | B12: 45140 | C12: Caio Cesar | D12: Julio Cesar | E12: Atualização do padrão EL-1070.
A13: =IF(E13="","",MAX($A$8:A12)+1) -> 5 | B13: 45176 | C13: Caio Cesar | D13: Julio Cesar | E13: Atualização do padrão EL-929/933/934/935/937/938/939/940/941/942/943/951.
A14: =IF(E14="","",MAX($A$8:A13)+1) -> 6 | B14: 45379 | C14: Caio Cesar | D14: Julio Cesar | E14: Atualização dos padrões EL-953/955/1216/1217.
A15: =IF(E15="","",MAX($A$8:A14)+1) -> 7 | B15: 45453 | C15: Caio Cesar | D15: Julio Cesar | E15: Atualização dos padrões E.TH.LT-001/002/003/004/005/006/007 e EL-400.
A16: =IF(E16="","",MAX($A$8:A15)+1) -> 8 | B16: 45492 | C16: Caio Cesar | D16: Julio Cesar | E16: Atualização dos padrões ambiente-CMS, EL-741.
A17: 9 | B17: 45509 | C17: Caio Cesar | D17: Julio Cesar | E17: Atualização dos padrões E.TH.LV-003/004.
A18: =IF(E18="","",MAX($A$8:A17)+1) -> 10 | B18: 45540 | C18: Caio Cesar | D18: Julio Cesar | E18: Atualização dos padrões E.TH.FS-009/010/011.
A19: =IF(E19="","",MAX($A$8:A18)+1) -> 11 | B19: 45568 | C19: Caio Cesar | D19: Julio Cesar | E19: Atualização do padrão E.TH.LT-020.
A20: =IF(E20="","",MAX($A$8:A19)+1) -> 12 | B20: 45614 | C20: Caio Cesar | D20: Julio Cesar | E20: Atualização do padrão E.TH.LT-021/026/015/027/028/032.
A21: 13 | B21: 45670 | C21: Caio Cesar | D21: Julio Cesar | E21: Atualização dos padrões E.TH.LT-001/002/003/004/005/006/007.
A22: =IF(E22="","",MAX($A$8:A21)+1) -> 14 | B22: 45716 | C22: Caio Cesar | D22: Julio Cesar | E22: Atualização dos padrões E.TH.FS-040.
A23: =IF(E23="","",MAX($A$8:A22)+1) -> 15 | B23: 45736 | C23: Caio Cesar | D23: Julio Cesar | E23: Atualização dos padrões E.TH.FS-051.
A24: =IF(E24="","",MAX($A$8:A23)+1) -> 16 | B24: 45740 | C24: Caio Cesar | D24: Julio Cesar | E24: Atualização dos padrões E.TH.FS-054/059/060/061/062.
A25: =IF(E25="","",MAX($A$8:A24)+1) -> 17 | B25: 45756 | C25: Caio Cesar | D25: Julio Cesar | E25: Atualização dos padrões E.TH.FS-053/055.
A26: =IF(E26="","",MAX($A$8:A25)+1) -> 18 | B26: 45901 | C26: Caio Cesar | D26: Julio Cesar | E26: Atualização dos padrões E.TH.LV-003/004 e E.VM.LQ-008.
A27: =IF(E27="","",MAX($A$8:A26)+1) -> 19 | B27: 45915 | C27: Caio Cesar | D27: Julio Cesar | E27: Atualização dos padrões E.TH.FS-010/013 e X.TH.LV-001.
A28: =IF(E28="","",MAX($A$8:A27)+1) -> 20 | B28: 45968 | C28: Caio Cesar | D28: Julio Cesar | E28: Atualização dos padrões E.TH.LQ-015/017 e E.VM.LQ-021.
A29: =IF(E29="","",MAX($A$8:A28)+1) -> 21 | B29: 45989 | C29: Caio Cesar | D29: Julio Cesar | E29: Atualização dos padrões E.TH.LQ-014, E.TH.FS-026/027/032.
A30: =IF(E30="","",MAX($A$8:A29)+1) -> 22 | B30: 46044 | C30: Caio Cesar | D30: Julio Cesar | E30: Atualização dos padrões E.TH.LQ-016, E.TH.FS-001.
A31: =IF(E31="","",MAX($A$8:A30)+1) -> 23 | B31: 46058 | C31: Caio Cesar | D31: Julio Cesar | E31: Atualização dos padrões E.TH.FS-040.
A32: =IF(E32="","",MAX($A$8:A31)+1) -> 24 | B32: 46076 | C32: Caio Cesar | D32: Julio Cesar | E32: Atualização dos padrões E.TH.FS-044/051/042/043.
A33: =IF(E33="","",MAX($A$8:A32)+1)
A34: =IF(E34="","",MAX($A$8:A33)+1)
A35: =IF(E35="","",MAX($A$8:A34)+1)
A36: =IF(E36="","",MAX($A$8:A35)+1)
A37: =IF(E37="","",MAX($A$8:A36)+1)
A38: =IF(E38="","",MAX($A$8:A37)+1)
A39: =IF(E39="","",MAX($A$8:A38)+1)
A40: =IF(E40="","",MAX($A$8:A39)+1)
A41: =IF(E41="","",MAX($A$8:A40)+1)
A42: =IF(E42="","",MAX($A$8:A41)+1)
A43: =IF(E43="","",MAX($A$8:A42)+1)
A44: =IF(E44="","",MAX($A$8:A43)+1)
... A82: =IF(E82="","",MAX($A$8:A81)+1)

Sheet Planilha1
