Workbook
Name _Z99999: [1]Cliente!#REF!
Name _ZZ99: [1]Cliente!#REF!
Name capacidade: [2]Dados!$F$11
Name CERTIFICADO: [1]Cliente!$Y$8
Name data_receb: [2]Dados!$E$7
Name DATA_RECEBIMENTO: [1]Cliente!#REF!
Name ENTRADA: [1]Cliente!#REF!
Name equip: [2]Dados!$C$10
Name n_cert: [2]Dados!$C$8
Name n_ident: [2]Dados!$C$13
Name n_serie: [2]Dados!$C$14
Name pressão: [2]Dados!$D$27
Name proced: [2]Dados!$F$13
Name resolução: [2]Dados!$F$10
Name temp_ar: [2]Dados!$D$25
Name temp_carr: #REF!
Name umid: [2]Dados!#REF!
Name unid_e: [2]Dados!$D$31
Name versão: [2]Dados!$F$14

Sheet Controle
B1: 4 | C1: 4 | D1: 4 | E1: 4 | F1: 4 | G1: 4 | H1: 4 | I1: 4 | J1: 7 | K1: 4 | L1: 6 | M1: 4 | N1: 5 | O1: 5 | P1: 5 | Q1: 17 | R1: 15 | S1: 11 | T1: 12 | U1: 13 | V1: 14 | W1: 15 | X1: 16 | Y1: 17 | Z1: 18 | AA1: 19 | AB1: 2 | AC1: 4 | AD1: 5 | AE1: 6 | AF1: 2 | AG1: 4 | AH1: 5 | AI1: 6 | AJ1: 2 | AK1: 4 | AL1: 5 | AM1: 6 | AN1: 2 | AO1: 4 | AP1: 5 | AQ1: 6 | AR1: 2 | AS1: 4 | AT1: 5 | AU1: 6 | AV1: 2 | AW1: 4 | AX1: 5 | AY1: 6 | AZ1: 2 | BA1: 4 | BB1: 5 | BC1: 6 | BD1: 2 | BE1: 4 | BF1: 5 | BG1: 6 | BH1: 2 | BI1: 4 | BJ1: 5 | BK1: 6 | BL1: 2 | BM1: 4 | BN1: 5 | BO1: 6
B2: 203 | C2: 201 | D2: 202 | E2: 204 | F2: 205 | G2: 206 | H2: 207 | I2: 208 | J2: 210 | K2: 210 | L2: 210 | M2: 209 | N2: 235 | O2: 237 | P2: 233 | Q2: 207 | R2: 207 | S2: 205 | T2: 205 | U2: 205 | V2: 205 | W2: 205 | X2: 205 | Y2: 205 | Z2: 205 | AA2: 205 | AB2: 217 | AC2: =AB2 -> 217 | AD2: =AC2 -> 217 | AE2: =AD2 -> 217 | AF2: =AE2+1 -> 218 | AG2: =AF2 -> 218 | AH2: =AG2 -> 218 | AI2: =AH2 -> 218 | AJ2: =AI2+1 -> 219 | AK2: =AJ2 -> 219 | AL2: =AK2 -> 219 | AM2: =AL2 -> 219 | AN2: =AM2+1 -> 220 | AO2: =AN2 -> 220 | AP2: =AO2 -> 220 | AQ2: =AP2 -> 220 | AR2: =AQ2+1 -> 221 | AS2: =AR2 -> 221 | AT2: =AS2 -> 221 | AU2: =AT2 -> 221 | AV2: =AU2+1 -> 222 | AW2: =AV2 -> 222 | AX2: =AW2 -> 222 | AY2: =AX2 -> 222 | AZ2: =AY2+1 -> 223 | BA2: =AZ2 -> 223 | BB2: =BA2 -> 223 | BC2: =BB2 -> 223 | BD2: =BC2+1 -> 224 | BE2: =BD2 -> 224 | BF2: =BE2 -> 224 | BG2: =BF2 -> 224 | BH2: =BG2+1 -> 225 | BI2: =BH2 -> 225 | BJ2: =BI2 -> 225 | BK2: =BJ2 -> 225 | BL2: =BK2+1 -> 226 | BM2: =BL2 -> 226 | BN2: =BM2 -> 226 | BO2: =BN2 -> 226
I3: =TODAY() -> 46076 | AB3: 1 | AC3: =AB3 -> 1 | AD3: =AC3 -> 1 | AE3: =AD3 -> 1 | AF3: =AE3+1 -> 2 | AG3: =AF3 -> 2 | AH3: =AG3 -> 2 | AI3: =AH3 -> 2 | AJ3: =AI3+1 -> 3 | AK3: =AJ3 -> 3 | AL3: =AK3 -> 3 | AM3: =AL3 -> 3 | AN3: =AM3+1 -> 4 | AO3: =AN3 -> 4 | AP3: =AO3 -> 4 | AQ3: =AP3 -> 4 | AR3: =AQ3+1 -> 5 | AS3: =AR3 -> 5 | AT3: =AS3 -> 5 | AU3: =AT3 -> 5 | AV3: =AU3+1 -> 6 | AW3: =AV3 -> 6 | AX3: =AW3 -> 6 | AY3: =AX3 -> 6 | AZ3: =AY3+1 -> 7 | BA3: =AZ3 -> 7 | BB3: =BA3 -> 7 | BC3: =BB3 -> 7 | BD3: =BC3+1 -> 8 | BE3: =BD3 -> 8 | BF3: =BE3 -> 8 | BG3: =BF3 -> 8 | BH3: =BG3+1 -> 9 | BI3: =BH3 -> 9 | BJ3: =BI3 -> 9 | BK3: =BJ3 -> 9 | BL3: =BK3+1 -> 10 | BM3: =BL3 -> 10 | BN3: =BM3 -> 10 | BO3: =BN3 -> 10
Q4: Polinômio da Curva | AB4: =CONCATENATE(AB3,"º Ponto") -> 1º Ponto | AF4: =CONCATENATE(AF3,"º Ponto") -> 2º Ponto | AJ4: =CONCATENATE(AJ3,"º Ponto") -> 3º Ponto | AN4: =CONCATENATE(AN3,"º Ponto") -> 4º Ponto | AR4: =CONCATENATE(AR3,"º Ponto") -> 5º Ponto | AV4: =CONCATENATE(AV3,"º Ponto") -> 6º Ponto | AZ4: =CONCATENATE(AZ3,"º Ponto") -> 7º Ponto | BD4: =CONCATENATE(BD3,"º Ponto") -> 8º Ponto | BH4: =CONCATENATE(BH3,"º Ponto") -> 9º Ponto | BL4: =CONCATENATE(BL3,"º Ponto") -> 10º Ponto
B5: TAG | C5: Padrão | D5: Temperatura da umidade | E5: Calibrado por | F5: Rastreabilidade | G5: n° do certificado | H5: Data da Calibração | I5: Vencimento | J5: Unidade calibrada | K5: Faixa mínima | L5: Faixa máxima | M5: Resolução | N5: Maior desvio | O5: Maior Incerteza | P5: Deriva | Q5: Residuo | R5: Veff | S5: X8 | T5: X7 | U5: X6 | V5: X5 | W5: X4 | X5: X3 | Y5: X2 | Z5: X1 | AA5: X0 | AB5: =CONCATENATE(AB3,"-VR") -> 1-VR | AC5: =CONCATENATE(AC3,"-U") -> 1-U | AD5: =CONCATENATE(AD3,"-K") -> 1-K | AE5: =CONCATENATE(AE3,"-GL") -> 1-GL | AF5: =CONCATENATE(AF3,"-VR") -> 2-VR | AG5: =CONCATENATE(AG3,"-U") -> 2-U | AH5: =CONCATENATE(AH3,"-K") -> 2-K | AI5: =CONCATENATE(AI3,"-GL") -> 2-GL | AJ5: =CONCATENATE(AJ3,"-VR") -> 3-VR | AK5: =CONCATENATE(AK3,"-U") -> 3-U | AL5: =CONCATENATE(AL3,"-K") -> 3-K | AM5: =CONCATENATE(AM3,"-GL") -> 3-GL | AN5: =CONCATENATE(AN3,"-VR") -> 4-VR | AO5: =CONCATENATE(AO3,"-U") -> 4-U | AP5: =CONCATENATE(AP3,"-K") -> 4-K | AQ5: =CONCATENATE(AQ3,"-GL") -> 4-GL | AR5: =CONCATENATE(AR3,"-VR") -> 5-VR | AS5: =CONCATENATE(AS3,"-U") -> 5-U | AT5: =CONCATENATE(AT3,"-K") -> 5-K | AU5: =CONCATENATE(AU3,"-GL") -> 5-GL | AV5: =CONCATENATE(AV3,"-VR") -> 6-VR | AW5: =CONCATENATE(AW3,"-U") -> 6-U | AX5: =CONCATENATE(AX3,"-K") -> 6-K | AY5: =CONCATENATE(AY3,"-GL") -> 6-GL | AZ5: =CONCATENATE(AZ3,"-VR") -> 7-VR | BA5: =CONCATENATE(BA3,"-U") -> 7-U | BB5: =CONCATENATE(BB3,"-K") -> 7-K | BC5: =CONCATENATE(BC3,"-GL") -> 7-GL | BD5: =CONCATENATE(BD3,"-VR") -> 8-VR | BE5: =CONCATENATE(BE3,"-U") -> 8-U | BF5: =CONCATENATE(BF3,"-K") -> 8-K | BG5: =CONCATENATE(BG3,"-GL") -> 8-GL | BH5: =CONCATENATE(BH3,"-VR") -> 9-VR | BI5: =CONCATENATE(BI3,"-U") -> 9-U | BJ5: =CONCATENATE(BJ3,"-K") -> 9-K | BK5: =CONCATENATE(BK3,"-GL") -> 9-GL | BL5: =CONCATENATE(BL3,"-VR") -> 10-VR | BM5: =CONCATENATE(BM3,"-U") -> 10-U | BN5: =CONCATENATE(BN3,"-K") -> 10-K | BO5: =CONCATENATE(BO3,"-GL") -> 10-GL
A6: 1 | B6: =IF(VLOOKUP(ROUND(CONCATENATE($A6,B$2),0),'Cadastro dos Padrões'!$A$2:$V$4400,B$1,FALSE)="","-",VLOOKUP(ROUND(CONCATENATE($A6,B$2),0),'Cadastro dos Padrões'!$A$2:$V$4400,B$1,FALSE)) -> X.TH.LV-001 | C6: =IF($B6="-","-",VLOOKUP(ROUND(CONCATENATE($A6,C$2),0),'Cadastro dos Padrões'!$A$2:$V$4400,C$1,FALSE)) -> Termohigrômetro Digital | D6: =IF($B6="-","-",VLOOKUP(ROUND(CONCATENATE($A6,D$2),0),'Cadastro dos Padrões'!$A$2:$V$4400,D$1,FALSE)) -> 20 | E6: =IF($B6="-","-",VLOOKUP(ROUND(CONCATENATE($A6,E$2),0),'Cadastro dos Padrões'!$A$2:$V$4400,E$1,FALSE)) -> Elus | F6: =IF($B6="-","-",VLOOKUP(ROUND(CONCATENATE($A6,F$2),0),'Cadastro dos Padrões'!$A$2:$V$4400,F$1,FALSE)) -> RBC - CAL 0439 | G6: =IF($B6="-","-",VLOOKUP(ROUND(CONCATENATE($A6,G$2),0),'Cadastro dos Padrões'!$A$2:$V$4400,G$1,FALSE)) -> E0643A/25 | H6: =IF($B6="-","-",VLOOKUP(ROUND(CONCATENATE($A6,H$2),0),'Cadastro dos Padrões'!$A$2:$V$4400,H$1,FALSE)) -> 45910 | I6: =IF($B6="-","-",VLOOKUP(ROUND(CONCATENATE($A6,I$2),0),'Cadastro dos Padrões'!$A$2:$V$4400,I$1,FALSE)) -> 46295 | J6: =IF($B6="-","-",VLOOKUP(ROUND(CONCATENATE($A6,J$2),0),'Cadastro dos Padrões'!$A$2:$V$4400,J$1,FALSE)) -> %ur | ... AA6: =IF($B6="-","-",VLOOKUP(ROUND(CONCATENATE($A6,AA$2),0),'Cadastro dos Padrões'!$A$2:$V$4400,AA$1,FALSE)) -> -0.14499577 | AB6: =IF(VLOOKUP(ROUND(CONCATENATE($A6,AB$2),0),'Cadastro dos Padrões'!$A$2:$V$4400,AB$1,FALSE)="","-",VLOOKUP(ROUND(CONCATENATE($A6,AB$2),0),'Cadastro dos Padrões'!$A$2:$V$4400,AB$1,FALSE)) -> 10 | AC6: =IF(VLOOKUP(ROUND(CONCATENATE($A6,AC$2),0),'Cadastro dos Padrões'!$A$2:$V$4400,AC$1,FALSE)="","-",VLOOKUP(ROUND(CONCATENATE($A6,AC$2),0),'Cadastro dos Padrões'!$A$2:$V$4400,AC$1,FALSE)) -> 0.81 | AD6: =IF(VLOOKUP(ROUND(CONCATENATE($A6,AD$2),0),'Cadastro dos Padrões'!$A$2:$V$4400,AD$1,FALSE)="","-",VLOOKUP(ROUND(CONCATENATE($A6,AD$2),0),'Cadastro dos Padrões'!$A$2:$V$4400,AD$1,FALSE)) -> 2 | AE6: =IF(VLOOKUP(ROUND(CONCATENATE($A6,AE$2),0),'Cadastro dos Padrões'!$A$2:$V$4400,AE$1,FALSE)="","-",VLOOKUP(ROUND(CONCATENATE($A6,AE$2),0),'Cadastro dos Padrões'!$A$2:$V$4400,AE$1,FALSE)) -> 1000000 | AF6: =IF(VLOOKUP(ROUND(CONCATENATE($A6,AF$2),0),'Cadastro dos Padrões'!$A$2:$V$4400,AF$1,FALSE)="","-",VLOOKUP(ROUND(CONCATENATE($A6,AF$2),0),'Cadastro dos Padrões'!$A$2:$V$4400,AF$1,FALSE)) -> 30 | AG6: =IF(VLOOKUP(ROUND(CONCATENATE($A6,AG$2),0),'Cadastro dos Padrões'!$A$2:$V$4400,AG$1,FALSE)="","-",VLOOKUP(ROUND(CONCATENATE($A6,AG$2),0),'Cadastro dos Padrões'!$A$2:$V$4400,AG$1,FALSE)) -> 0.94 | AH6: =IF(VLOOKUP(ROUND(CONCATENATE($A6,AH$2),0),'Cadastro dos Padrões'!$A$2:$V$4400,AH$1,FALSE)="","-",VLOOKUP(ROUND(CONCATENATE($A6,AH$2),0),'Cadastro dos Padrões'!$A$2:$V$4400,AH$1,FALSE)) -> 2 | AI6: =IF(VLOOKUP(ROUND(CONCATENATE($A6,AI$2),0),'Cadastro dos Padrões'!$A$2:$V$4400,AI$1,FALSE)="","-",VLOOKUP(ROUND(CONCATENATE($A6,AI$2),0),'Cadastro dos Padrões'!$A$2:$V$4400,AI$1,FALSE)) -> 1000000 | ... BO6: =IF(VLOOKUP(ROUND(CONCATENATE($A6,BO$2),0),'Cadastro dos Padrões'!$A$2:$V$4400,BO$1,FALSE)="","-",VLOOKUP(ROUND(CONCATENATE($A6,BO$2),0),'Cadastro dos Padrões'!$A$2:$V$4400,BO$1,FALSE)) -> -
A7: =A6+1 -> 2 | B7: =IF(VLOOKUP(ROUND(CONCATENATE($A7,B$2),0),'Cadastro dos Padrões'!$A$2:$V$4400,B$1,FALSE)="","-",VLOOKUP(ROUND(CONCATENATE($A7,B$2),0),'Cadastro dos Padrões'!$A$2:$V$4400,B$1,FALSE)) -> EL-797 | C7: =IF($B7="-","-",VLOOKUP(ROUND(CONCATENATE($A7,C$2),0),'Cadastro dos Padrões'!$A$2:$V$4400,C$1,FALSE)) -> Termohigrômetro Digital | D7: =IF($B7="-","-",VLOOKUP(ROUND(CONCATENATE($A7,D$2),0),'Cadastro dos Padrões'!$A$2:$V$4400,D$1,FALSE)) -> 20 | E7: =IF($B7="-","-",VLOOKUP(ROUND(CONCATENATE($A7,E$2),0),'Cadastro dos Padrões'!$A$2:$V$4400,E$1,FALSE)) -> Elus | F7: =IF($B7="-","-",VLOOKUP(ROUND(CONCATENATE($A7,F$2),0),'Cadastro dos Padrões'!$A$2:$V$4400,F$1,FALSE)) -> RBC - CAL 0439 | G7: =IF($B7="-","-",VLOOKUP(ROUND(CONCATENATE($A7,G$2),0),'Cadastro dos Padrões'!$A$2:$V$4400,G$1,FALSE)) -> R51822/23 | H7: =IF($B7="-","-",VLOOKUP(ROUND(CONCATENATE($A7,H$2),0),'Cadastro dos Padrões'!$A$2:$V$4400,H$1,FALSE)) -> 45064 | I7: =IF($B7="-","-",VLOOKUP(ROUND(CONCATENATE($A7,I$2),0),'Cadastro dos Padrões'!$A$2:$V$4400,I$1,FALSE)) -> 45443 | J7: =IF($B7="-","-",VLOOKUP(ROUND(CONCATENATE($A7,J$2),0),'Cadastro dos Padrões'!$A$2:$V$4400,J$1,FALSE)) -> %ur | ... AA7: =IF($B7="-","-",VLOOKUP(ROUND(CONCATENATE($A7,AA$2),0),'Cadastro dos Padrões'!$A$2:$V$4400,AA$1,FALSE)) -> -11.136526 | AB7: =IF(VLOOKUP(ROUND(CONCATENATE($A7,AB$2),0),'Cadastro dos Padrões'!$A$2:$V$4400,AB$1,FALSE)="","-",VLOOKUP(ROUND(CONCATENATE($A7,AB$2),0),'Cadastro dos Padrões'!$A$2:$V$4400,AB$1,FALSE)) -> 30 | AC7: =IF(VLOOKUP(ROUND(CONCATENATE($A7,AC$2),0),'Cadastro dos Padrões'!$A$2:$V$4400,AC$1,FALSE)="","-",VLOOKUP(ROUND(CONCATENATE($A7,AC$2),0),'Cadastro dos Padrões'!$A$2:$V$4400,AC$1,FALSE)) -> 1 | AD7: =IF(VLOOKUP(ROUND(CONCATENATE($A7,AD$2),0),'Cadastro dos Padrões'!$A$2:$V$4400,AD$1,FALSE)="","-",VLOOKUP(ROUND(CONCATENATE($A7,AD$2),0),'Cadastro dos Padrões'!$A$2:$V$4400,AD$1,FALSE)) -> 2.01 | AE7: =IF(VLOOKUP(ROUND(CONCATENATE($A7,AE$2),0),'Cadastro dos Padrões'!$A$2:$V$4400,AE$1,FALSE)="","-",VLOOKUP(ROUND(CONCATENATE($A7,AE$2),0),'Cadastro dos Padrões'!$A$2:$V$4400,AE$1,FALSE)) -> 362 | AF7: =IF(VLOOKUP(ROUND(CONCATENATE($A7,AF$2),0),'Cadastro dos Padrões'!$A$2:$V$4400,AF$1,FALSE)="","-",VLOOKUP(ROUND(CONCATENATE($A7,AF$2),0),'Cadastro dos Padrões'!$A$2:$V$4400,AF$1,FALSE)) -> 50 | AG7: =IF(VLOOKUP(ROUND(CONCATENATE($A7,AG$2),0),'Cadastro dos Padrões'!$A$2:$V$4400,AG$1,FALSE)="","-",VLOOKUP(ROUND(CONCATENATE($A7,AG$2),0),'Cadastro dos Padrões'!$A$2:$V$4400,AG$1,FALSE)) -> 1 | AH7: =IF(VLOOKUP(ROUND(CONCATENATE($A7,AH$2),0),'Cadastro dos Padrões'!$A$2:$V$4400,AH$1,FALSE)="","-",VLOOKUP(ROUND(CONCATENATE($A7,AH$2),0),'Cadastro dos Padrões'!$A$2:$V$4400,AH$1,FALSE)) -> 2 | AI7: =IF(VLOOKUP(ROUND(CONCATENATE($A7,AI$2),0),'Cadastro dos Padrões'!$A$2:$V$4400,AI$1,FALSE)="","-",VLOOKUP(ROUND(CONCATENATE($A7,AI$2),0),'Cadastro dos Padrões'!$A$2:$V$4400,AI$1,FALSE)) -> 1000000 | ... BO7: =IF(VLOOKUP(ROUND(CONCATENATE($A7,BO$2),0),'Cadastro dos Padrões'!$A$2:$V$4400,BO$1,FALSE)="","-",VLOOKUP(ROUND(CONCATENATE($A7,BO$2),0),'Cadastro dos Padrões'!$A$2:$V$4400,BO$1,FALSE)) -> -
A8: =A7+1 -> 3 | B8: =IF(VLOOKUP(ROUND(CONCATENATE($A8,B$2),0),'Cadastro dos Padrões'!$A$2:$V$4400,B$1,FALSE)="","-",VLOOKUP(ROUND(CONCATENATE($A8,B$2),0),'Cadastro dos Padrões'!$A$2:$V$4400,B$1,FALSE)) -> EL-800 | C8: =IF($B8="-","-",VLOOKUP(ROUND(CONCATENATE($A8,C$2),0),'Cadastro dos Padrões'!$A$2:$V$4400,C$1,FALSE)) -> Termohigrômetro Digital | D8: =IF($B8="-","-",VLOOKUP(ROUND(CONCATENATE($A8,D$2),0),'Cadastro dos Padrões'!$A$2:$V$4400,D$1,FALSE)) -> 20 | E8: =IF($B8="-","-",VLOOKUP(ROUND(CONCATENATE($A8,E$2),0),'Cadastro dos Padrões'!$A$2:$V$4400,E$1,FALSE)) -> Elus | F8: =IF($B8="-","-",VLOOKUP(ROUND(CONCATENATE($A8,F$2),0),'Cadastro dos Padrões'!$A$2:$V$4400,F$1,FALSE)) -> RBC - CAL 0439 | G8: =IF($B8="-","-",VLOOKUP(ROUND(CONCATENATE($A8,G$2),0),'Cadastro dos Padrões'!$A$2:$V$4400,G$1,FALSE)) -> R0038/14 | H8: =IF($B8="-","-",VLOOKUP(ROUND(CONCATENATE($A8,H$2),0),'Cadastro dos Padrões'!$A$2:$V$4400,H$1,FALSE)) -> 45412 | I8: =IF($B8="-","-",VLOOKUP(ROUND(CONCATENATE($A8,I$2),0),'Cadastro dos Padrões'!$A$2:$V$4400,I$1,FALSE)) -> 45777 | J8: =IF($B8="-","-",VLOOKUP(ROUND(CONCATENATE($A8,J$2),0),'Cadastro dos Padrões'!$A$2:$V$4400,J$1,FALSE)) -> %ur | ... AA8: =IF($B8="-","-",VLOOKUP(ROUND(CONCATENATE($A8,AA$2),0),'Cadastro dos Padrões'!$A$2:$V$4400,AA$1,FALSE)) -> -4.7591743 | AB8: =IF(VLOOKUP(ROUND(CONCATENATE($A8,AB$2),0),'Cadastro dos Padrões'!$A$2:$V$4400,AB$1,FALSE)="","-",VLOOKUP(ROUND(CONCATENATE($A8,AB$2),0),'Cadastro dos Padrões'!$A$2:$V$4400,AB$1,FALSE)) -> 30 | AC8: =IF(VLOOKUP(ROUND(CONCATENATE($A8,AC$2),0),'Cadastro dos Padrões'!$A$2:$V$4400,AC$1,FALSE)="","-",VLOOKUP(ROUND(CONCATENATE($A8,AC$2),0),'Cadastro dos Padrões'!$A$2:$V$4400,AC$1,FALSE)) -> 2 | AD8: =IF(VLOOKUP(ROUND(CONCATENATE($A8,AD$2),0),'Cadastro dos Padrões'!$A$2:$V$4400,AD$1,FALSE)="","-",VLOOKUP(ROUND(CONCATENATE($A8,AD$2),0),'Cadastro dos Padrões'!$A$2:$V$4400,AD$1,FALSE)) -> 2 | AE8: =IF(VLOOKUP(ROUND(CONCATENATE($A8,AE$2),0),'Cadastro dos Padrões'!$A$2:$V$4400,AE$1,FALSE)="","-",VLOOKUP(ROUND(CONCATENATE($A8,AE$2),0),'Cadastro dos Padrões'!$A$2:$V$4400,AE$1,FALSE)) -> 1000000 | AF8: =IF(VLOOKUP(ROUND(CONCATENATE($A8,AF$2),0),'Cadastro dos Padrões'!$A$2:$V$4400,AF$1,FALSE)="","-",VLOOKUP(ROUND(CONCATENATE($A8,AF$2),0),'Cadastro dos Padrões'!$A$2:$V$4400,AF$1,FALSE)) -> 50 | AG8: =IF(VLOOKUP(ROUND(CONCATENATE($A8,AG$2),0),'Cadastro dos Padrões'!$A$2:$V$4400,AG$1,FALSE)="","-",VLOOKUP(ROUND(CONCATENATE($A8,AG$2),0),'Cadastro dos Padrões'!$A$2:$V$4400,AG$1,FALSE)) -> 2 | AH8: =IF(VLOOKUP(ROUND(CONCATENATE($A8,AH$2),0),'Cadastro dos Padrões'!$A$2:$V$4400,AH$1,FALSE)="","-",VLOOKUP(ROUND(CONCATENATE($A8,AH$2),0),'Cadastro dos Padrões'!$A$2:$V$4400,AH$1,FALSE)) -> 2 | AI8: =IF(VLOOKUP(ROUND(CONCATENATE($A8,AI$2),0),'Cadastro dos Padrões'!$A$2:$V$4400,AI$1,FALSE)="","-",VLOOKUP(ROUND(CONCATENATE($A8,AI$2),0),'Cadastro dos Padrões'!$A$2:$V$4400,AI$1,FALSE)) -> 1000000 | ... BO8: =IF(VLOOKUP(ROUND(CONCATENATE($A8,BO$2),0),'Cadastro dos Padrões'!$A$2:$V$4400,BO$1,FALSE)="","-",VLOOKUP(ROUND(CONCATENATE($A8,BO$2),0),'Cadastro dos Padrões'!$A$2:$V$4400,BO$1,FALSE)) -> -
A9: =A8+1 -> 4 | B9: =IF(VLOOKUP(ROUND(CONCATENATE($A9,B$2),0),'Cadastro dos Padrões'!$A$2:$V$4400,B$1,FALSE)="","-",VLOOKUP(ROUND(CONCATENATE($A9,B$2),0),'Cadastro dos Padrões'!$A$2:$V$4400,B$1,FALSE)) -> EL-159 | C9: =IF($B9="-","-",VLOOKUP(ROUND(CONCATENATE($A9,C$2),0),'Cadastro dos Padrões'!$A$2:$V$4400,C$1,FALSE)) -> Termohigrômetro Digital | D9: =IF($B9="-","-",VLOOKUP(ROUND(CONCATENATE($A9,D$2),0),'Cadastro dos Padrões'!$A$2:$V$4400,D$1,FALSE)) -> 20 | E9: =IF($B9="-","-",VLOOKUP(ROUND(CONCATENATE($A9,E$2),0),'Cadastro dos Padrões'!$A$2:$V$4400,E$1,FALSE)) -> Elus | F9: =IF($B9="-","-",VLOOKUP(ROUND(CONCATENATE($A9,F$2),0),'Cadastro dos Padrões'!$A$2:$V$4400,F$1,FALSE)) -> RBC - CAL 0439 | G9: =IF($B9="-","-",VLOOKUP(ROUND(CONCATENATE($A9,G$2),0),'Cadastro dos Padrões'!$A$2:$V$4400,G$1,FALSE)) -> R0371/21 | H9: =IF($B9="-","-",VLOOKUP(ROUND(CONCATENATE($A9,H$2),0),'Cadastro dos Padrões'!$A$2:$V$4400,H$1,FALSE)) -> 44498 | I9: =IF($B9="-","-",VLOOKUP(ROUND(CONCATENATE($A9,I$2),0),'Cadastro dos Padrões'!$A$2:$V$4400,I$1,FALSE)) -> 44865 | J9: =IF($B9="-","-",VLOOKUP(ROUND(CONCATENATE($A9,J$2),0),'Cadastro dos Padrões'!$A$2:$V$4400,J$1,FALSE)) -> %ur | ... AA9: =IF($B9="-","-",VLOOKUP(ROUND(CONCATENATE($A9,AA$2),0),'Cadastro dos Padrões'!$A$2:$V$4400,AA$1,FALSE)) -> 7.531219 | AB9: =IF(VLOOKUP(ROUND(CONCATENATE($A9,AB$2),0),'Cadastro dos Padrões'!$A$2:$V$4400,AB$1,FALSE)="","-",VLOOKUP(ROUND(CONCATENATE($A9,AB$2),0),'Cadastro dos Padrões'!$A$2:$V$4400,AB$1,FALSE)) -> 30 | AC9: =IF(VLOOKUP(ROUND(CONCATENATE($A9,AC$2),0),'Cadastro dos Padrões'!$A$2:$V$4400,AC$1,FALSE)="","-",VLOOKUP(ROUND(CONCATENATE($A9,AC$2),0),'Cadastro dos Padrões'!$A$2:$V$4400,AC$1,FALSE)) -> 2 | AD9: =IF(VLOOKUP(ROUND(CONCATENATE($A9,AD$2),0),'Cadastro dos Padrões'!$A$2:$V$4400,AD$1,FALSE)="","-",VLOOKUP(ROUND(CONCATENATE($A9,AD$2),0),'Cadastro dos Padrões'!$A$2:$V$4400,AD$1,FALSE)) -> 2 | AE9: =IF(VLOOKUP(ROUND(CONCATENATE($A9,AE$2),0),'Cadastro dos Padrões'!$A$2:$V$4400,AE$1,FALSE)="","-",VLOOKUP(ROUND(CONCATENATE($A9,AE$2),0),'Cadastro dos Padrões'!$A$2:$V$4400,AE$1,FALSE)) -> 1000000 | AF9: =IF(VLOOKUP(ROUND(CONCATENATE($A9,AF$2),0),'Cadastro dos Padrões'!$A$2:$V$4400,AF$1,FALSE)="","-",VLOOKUP(ROUND(CONCATENATE($A9,AF$2),0),'Cadastro dos Padrões'!$A$2:$V$4400,AF$1,FALSE)) -> 50 | AG9: =IF(VLOOKUP(ROUND(CONCATENATE($A9,AG$2),0),'Cadastro dos Padrões'!$A$2:$V$4400,AG$1,FALSE)="","-",VLOOKUP(ROUND(CONCATENATE($A9,AG$2),0),'Cadastro dos Padrões'!$A$2:$V$4400,AG$1,FALSE)) -> 2 | AH9: =IF(VLOOKUP(ROUND(CONCATENATE($A9,AH$2),0),'Cadastro dos Padrões'!$A$2:$V$4400,AH$1,FALSE)="","-",VLOOKUP(ROUND(CONCATENATE($A9,AH$2),0),'Cadastro dos Padrões'!$A$2:$V$4400,AH$1,FALSE)) -> 2 | AI9: =IF(VLOOKUP(ROUND(CONCATENATE($A9,AI$2),0),'Cadastro dos Padrões'!$A$2:$V$4400,AI$1,FALSE)="","-",VLOOKUP(ROUND(CONCATENATE($A9,AI$2),0),'Cadastro dos Padrões'!$A$2:$V$4400,AI$1,FALSE)) -> 1000000 | ... BO9: =IF(VLOOKUP(ROUND(CONCATENATE($A9,BO$2),0),'Cadastro dos Padrões'!$A$2:$V$4400,BO$1,FALSE)="","-",VLOOKUP(ROUND(CONCATENATE($A9,BO$2),0),'Cadastro dos Padrões'!$A$2:$V$4400,BO$1,FALSE)) -> -
A10: =A9+1 -> 5 | B10: =IF(VLOOKUP(ROUND(CONCATENATE($A10,B$2),0),'Cadastro dos Padrões'!$A$2:$V$4400,B$1,FALSE)="","-",VLOOKUP(ROUND(CONCATENATE($A10,B$2),0),'Cadastro dos Padrões'!$A$2:$V$4400,B$1,FALSE)) -> E.TH.FS-051 | C10: =IF($B10="-","-",VLOOKUP(ROUND(CONCATENATE($A10,C$2),0),'Cadastro dos Padrões'!$A$2:$V$4400,C$1,FALSE)) -> Termohigrômetro Digital | D10: =IF($B10="-","-",VLOOKUP(ROUND(CONCATENATE($A10,D$2),0),'Cadastro dos Padrões'!$A$2:$V$4400,D$1,FALSE)) -> 20 | E10: =IF($B10="-","-",VLOOKUP(ROUND(CONCATENATE($A10,E$2),0),'Cadastro dos Padrões'!$A$2:$V$4400,E$1,FALSE)) -> Elus | F10: =IF($B10="-","-",VLOOKUP(ROUND(CONCATENATE($A10,F$2),0),'Cadastro dos Padrões'!$A$2:$V$4400,F$1,FALSE)) -> RBC - CAL 0439 | G10: =IF($B10="-","-",VLOOKUP(ROUND(CONCATENATE($A10,G$2),0),'Cadastro dos Padrões'!$A$2:$V$4400,G$1,FALSE)) -> E0051/26 | H10: =IF($B10="-","-",VLOOKUP(ROUND(CONCATENATE($A10,H$2),0),'Cadastro dos Padrões'!$A$2:$V$4400,H$1,FALSE)) -> 46056 | I10: =IF($B10="-","-",VLOOKUP(ROUND(CONCATENATE($A10,I$2),0),'Cadastro dos Padrões'!$A$2:$V$4400,I$1,FALSE)) -> 46446 | J10: =IF($B10="-","-",VLOOKUP(ROUND(CONCATENATE($A10,J$2),0),'Cadastro dos Padrões'!$A$2:$V$4400,J$1,FALSE)) -> %ur | ... AA10: =IF($B10="-","-",VLOOKUP(ROUND(CONCATENATE($A10,AA$2),0),'Cadastro dos Padrões'!$A$2:$V$4400,AA$1,FALSE)) -> -2.8106348 | AB10: =IF(VLOOKUP(ROUND(CONCATENATE($A10,AB$2),0),'Cadastro dos Padrões'!$A$2:$V$4400,AB$1,FALSE)="","-",VLOOKUP(ROUND(CONCATENATE($A10,AB$2),0),'Cadastro dos Padrões'!$A$2:$V$4400,AB$1,FALSE)) -> 30 | AC10: =IF(VLOOKUP(ROUND(CONCATENATE($A10,AC$2),0),'Cadastro dos Padrões'!$A$2:$V$4400,AC$1,FALSE)="","-",VLOOKUP(ROUND(CONCATENATE($A10,AC$2),0),'Cadastro dos Padrões'!$A$2:$V$4400,AC$1,FALSE)) -> 2 | AD10: =IF(VLOOKUP(ROUND(CONCATENATE($A10,AD$2),0),'Cadastro dos Padrões'!$A$2:$V$4400,AD$1,FALSE)="","-",VLOOKUP(ROUND(CONCATENATE($A10,AD$2),0),'Cadastro dos Padrões'!$A$2:$V$4400,AD$1,FALSE)) -> 2 | AE10: =IF(VLOOKUP(ROUND(CONCATENATE($A10,AE$2),0),'Cadastro dos Padrões'!$A$2:$V$4400,AE$1,FALSE)="","-",VLOOKUP(ROUND(CONCATENATE($A10,AE$2),0),'Cadastro dos Padrões'!$A$2:$V$4400,AE$1,FALSE)) -> 1000000 | AF10: =IF(VLOOKUP(ROUND(CONCATENATE($A10,AF$2),0),'Cadastro dos Padrões'!$A$2:$V$4400,AF$1,FALSE)="","-",VLOOKUP(ROUND(CONCATENATE($A10,AF$2),0),'Cadastro dos Padrões'!$A$2:$V$4400,AF$1,FALSE)) -> 50 | AG10: =IF(VLOOKUP(ROUND(CONCATENATE($A10,AG$2),0),'Cadastro dos Padrões'!$A$2:$V$4400,AG$1,FALSE)="","-",VLOOKUP(ROUND(CONCATENATE($A10,AG$2),0),'Cadastro dos Padrões'!$A$2:$V$4400,AG$1,FALSE)) -> 2 | AH10: =IF(VLOOKUP(ROUND(CONCATENATE($A10,AH$2),0),'Cadastro dos Padrões'!$A$2:$V$4400,AH$1,FALSE)="","-",VLOOKUP(ROUND(CONCATENATE($A10,AH$2),0),'Cadastro dos Padrões'!$A$2:$V$4400,AH$1,FALSE)) -> 2 | AI10: =IF(VLOOKUP(ROUND(CONCATENATE($A10,AI$2),0),'Cadastro dos Padrões'!$A$2:$V$4400,AI$1,FALSE)="","-",VLOOKUP(ROUND(CONCATENATE($A10,AI$2),0),'Cadastro dos Padrões'!$A$2:$V$4400,AI$1,FALSE)) -> 1000000 | ... BO10: =IF(VLOOKUP(ROUND(CONCATENATE($A10,BO$2),0),'Cadastro dos Padrões'!$A$2:$V$4400,BO$1,FALSE)="","-",VLOOKUP(ROUND(CONCATENATE($A10,BO$2),0),'Cadastro dos Padrões'!$A$2:$V$4400,BO$1,FALSE)) -> -
A11: =A10+1 -> 6 | B11: =IF(VLOOKUP(ROUND(CONCATENATE($A11,B$2),0),'Cadastro dos Padrões'!$A$2:$V$4400,B$1,FALSE)="","-",VLOOKUP(ROUND(CONCATENATE($A11,B$2),0),'Cadastro dos Padrões'!$A$2:$V$4400,B$1,FALSE)) -> E.TH.PMR-006 | C11: =IF($B11="-","-",VLOOKUP(ROUND(CONCATENATE($A11,C$2),0),'Cadastro dos Padrões'!$A$2:$V$4400,C$1,FALSE)) -> Termohigrômetro Digital | D11: =IF($B11="-","-",VLOOKUP(ROUND(CONCATENATE($A11,D$2),0),'Cadastro dos Padrões'!$A$2:$V$4400,D$1,FALSE)) -> 20 | E11: =IF($B11="-","-",VLOOKUP(ROUND(CONCATENATE($A11,E$2),0),'Cadastro dos Padrões'!$A$2:$V$4400,E$1,FALSE)) -> Elus | F11: =IF($B11="-","-",VLOOKUP(ROUND(CONCATENATE($A11,F$2),0),'Cadastro dos Padrões'!$A$2:$V$4400,F$1,FALSE)) -> RBC - CAL 0439 | G11: =IF($B11="-","-",VLOOKUP(ROUND(CONCATENATE($A11,G$2),0),'Cadastro dos Padrões'!$A$2:$V$4400,G$1,FALSE)) -> E0208/25 | H11: =IF($B11="-","-",VLOOKUP(ROUND(CONCATENATE($A11,H$2),0),'Cadastro dos Padrões'!$A$2:$V$4400,H$1,FALSE)) -> 45761 | I11: =IF($B11="-","-",VLOOKUP(ROUND(CONCATENATE($A11,I$2),0),'Cadastro dos Padrões'!$A$2:$V$4400,I$1,FALSE)) -> 46142 | J11: =IF($B11="-","-",VLOOKUP(ROUND(CONCATENATE($A11,J$2),0),'Cadastro dos Padrões'!$A$2:$V$4400,J$1,FALSE)) -> %ur | ... AA11: =IF($B11="-","-",VLOOKUP(ROUND(CONCATENATE($A11,AA$2),0),'Cadastro dos Padrões'!$A$2:$V$4400,AA$1,FALSE)) -> 0.4734786 | AB11: =IF(VLOOKUP(ROUND(CONCATENATE($A11,AB$2),0),'Cadastro dos Padrões'!$A$2:$V$4400,AB$1,FALSE)="","-",VLOOKUP(ROUND(CONCATENATE($A11,AB$2),0),'Cadastro dos Padrões'!$A$2:$V$4400,AB$1,FALSE)) -> 20 | AC11: =IF(VLOOKUP(ROUND(CONCATENATE($A11,AC$2),0),'Cadastro dos Padrões'!$A$2:$V$4400,AC$1,FALSE)="","-",VLOOKUP(ROUND(CONCATENATE($A11,AC$2),0),'Cadastro dos Padrões'!$A$2:$V$4400,AC$1,FALSE)) -> 0.7 | AD11: =IF(VLOOKUP(ROUND(CONCATENATE($A11,AD$2),0),'Cadastro dos Padrões'!$A$2:$V$4400,AD$1,FALSE)="","-",VLOOKUP(ROUND(CONCATENATE($A11,AD$2),0),'Cadastro dos Padrões'!$A$2:$V$4400,AD$1,FALSE)) -> 2 | AE11: =IF(VLOOKUP(ROUND(CONCATENATE($A11,AE$2),0),'Cadastro dos Padrões'!$A$2:$V$4400,AE$1,FALSE)="","-",VLOOKUP(ROUND(CONCATENATE($A11,AE$2),0),'Cadastro dos Padrões'!$A$2:$V$4400,AE$1,FALSE)) -> 1000000 | AF11: =IF(VLOOKUP(ROUND(CONCATENATE($A11,AF$2),0),'Cadastro dos Padrões'!$A$2:$V$4400,AF$1,FALSE)="","-",VLOOKUP(ROUND(CONCATENATE($A11,AF$2),0),'Cadastro dos Padrões'!$A$2:$V$4400,AF$1,FALSE)) -> 50 | AG11: =IF(VLOOKUP(ROUND(CONCATENATE($A11,AG$2),0),'Cadastro dos Padrões'!$A$2:$V$4400,AG$1,FALSE)="","-",VLOOKUP(ROUND(CONCATENATE($A11,AG$2),0),'Cadastro dos Padrões'!$A$2:$V$4400,AG$1,FALSE)) -> 1.1 | AH11: =IF(VLOOKUP(ROUND(CONCATENATE($A11,AH$2),0),'Cadastro dos Padrões'!$A$2:$V$4400,AH$1,FALSE)="","-",VLOOKUP(ROUND(CONCATENATE($A11,AH$2),0),'Cadastro dos Padrões'!$A$2:$V$4400,AH$1,FALSE)) -> 2 | AI11: =IF(VLOOKUP(ROUND(CONCATENATE($A11,AI$2),0),'Cadastro dos Padrões'!$A$2:$V$4400,AI$1,FALSE)="","-",VLOOKUP(ROUND(CONCATENATE($A11,AI$2),0),'Cadastro dos Padrões'!$A$2:$V$4400,AI$1,FALSE)) -> 1000000 | ... BO11: =IF(VLOOKUP(ROUND(CONCATENATE($A11,BO$2),0),'Cadastro dos Padrões'!$A$2:$V$4400,BO$1,FALSE)="","-",VLOOKUP(ROUND(CONCATENATE($A11,BO$2),0),'Cadastro dos Padrões'!$A$2:$V$4400,BO$1,FALSE)) -> -
A12: =A11+1 -> 7 | B12: =IF(VLOOKUP(ROUND(CONCATENATE($A12,B$2),0),'Cadastro dos Padrões'!$A$2:$V$4400,B$1,FALSE)="","-",VLOOKUP(ROUND(CONCATENATE($A12,B$2),0),'Cadastro dos Padrões'!$A$2:$V$4400,B$1,FALSE)) -> E.TH.PMR-007 | C12: =IF($B12="-","-",VLOOKUP(ROUND(CONCATENATE($A12,C$2),0),'Cadastro dos Padrões'!$A$2:$V$4400,C$1,FALSE)) -> Termohigrômetro Digital | D12: =IF($B12="-","-",VLOOKUP(ROUND(CONCATENATE($A12,D$2),0),'Cadastro dos Padrões'!$A$2:$V$4400,D$1,FALSE)) -> 20 | E12: =IF($B12="-","-",VLOOKUP(ROUND(CONCATENATE($A12,E$2),0),'Cadastro dos Padrões'!$A$2:$V$4400,E$1,FALSE)) -> Elus | F12: =IF($B12="-","-",VLOOKUP(ROUND(CONCATENATE($A12,F$2),0),'Cadastro dos Padrões'!$A$2:$V$4400,F$1,FALSE)) -> RBC - CAL 0439 | G12: =IF($B12="-","-",VLOOKUP(ROUND(CONCATENATE($A12,G$2),0),'Cadastro dos Padrões'!$A$2:$V$4400,G$1,FALSE)) -> E0209/25 | H12: =IF($B12="-","-",VLOOKUP(ROUND(CONCATENATE($A12,H$2),0),'Cadastro dos Padrões'!$A$2:$V$4400,H$1,FALSE)) -> 45761 | I12: =IF($B12="-","-",VLOOKUP(ROUND(CONCATENATE($A12,I$2),0),'Cadastro dos Padrões'!$A$2:$V$4400,I$1,FALSE)) -> 46142 | J12: =IF($B12="-","-",VLOOKUP(ROUND(CONCATENATE($A12,J$2),0),'Cadastro dos Padrões'!$A$2:$V$4400,J$1,FALSE)) -> %ur | ... AA12: =IF($B12="-","-",VLOOKUP(ROUND(CONCATENATE($A12,AA$2),0),'Cadastro dos Padrões'!$A$2:$V$4400,AA$1,FALSE)) -> 0.28613556 | AB12: =IF(VLOOKUP(ROUND(CONCATENATE($A12,AB$2),0),'Cadastro dos Padrões'!$A$2:$V$4400,AB$1,FALSE)="","-",VLOOKUP(ROUND(CONCATENATE($A12,AB$2),0),'Cadastro dos Padrões'!$A$2:$V$4400,AB$1,FALSE)) -> 20 | AC12: =IF(VLOOKUP(ROUND(CONCATENATE($A12,AC$2),0),'Cadastro dos Padrões'!$A$2:$V$4400,AC$1,FALSE)="","-",VLOOKUP(ROUND(CONCATENATE($A12,AC$2),0),'Cadastro dos Padrões'!$A$2:$V$4400,AC$1,FALSE)) -> 0.7 | AD12: =IF(VLOOKUP(ROUND(CONCATENATE($A12,AD$2),0),'Cadastro dos Padrões'!$A$2:$V$4400,AD$1,FALSE)="","-",VLOOKUP(ROUND(CONCATENATE($A12,AD$2),0),'Cadastro dos Padrões'!$A$2:$V$4400,AD$1,FALSE)) -> 2 | AE12: =IF(VLOOKUP(ROUND(CONCATENATE($A12,AE$2),0),'Cadastro dos Padrões'!$A$2:$V$4400,AE$1,FALSE)="","-",VLOOKUP(ROUND(CONCATENATE($A12,AE$2),0),'Cadastro dos Padrões'!$A$2:$V$4400,AE$1,FALSE)) -> 1000000 | AF12: =IF(VLOOKUP(ROUND(CONCATENATE($A12,AF$2),0),'Cadastro dos Padrões'!$A$2:$V$4400,AF$1,FALSE)="","-",VLOOKUP(ROUND(CONCATENATE($A12,AF$2),0),'Cadastro dos Padrões'!$A$2:$V$4400,AF$1,FALSE)) -> 50 | AG12: =IF(VLOOKUP(ROUND(CONCATENATE($A12,AG$2),0),'Cadastro dos Padrões'!$A$2:$V$4400,AG$1,FALSE)="","-",VLOOKUP(ROUND(CONCATENATE($A12,AG$2),0),'Cadastro dos Padrões'!$A$2:$V$4400,AG$1,FALSE)) -> 1.1 | AH12: =IF(VLOOKUP(ROUND(CONCATENATE($A12,AH$2),0),'Cadastro dos Padrões'!$A$2:$V$4400,AH$1,FALSE)="","-",VLOOKUP(ROUND(CONCATENATE($A12,AH$2),0),'Cadastro dos Padrões'!$A$2:$V$4400,AH$1,FALSE)) -> 2 | AI12: =IF(VLOOKUP(ROUND(CONCATENATE($A12,AI$2),0),'Cadastro dos Padrões'!$A$2:$V$4400,AI$1,FALSE)="","-",VLOOKUP(ROUND(CONCATENATE($A12,AI$2),0),'Cadastro dos Padrões'!$A$2:$V$4400,AI$1,FALSE)) -> 1000000 | ... BO12: =IF(VLOOKUP(ROUND(CONCATENATE($A12,BO$2),0),'Cadastro dos Padrões'!$A$2:$V$4400,BO$1,FALSE)="","-",VLOOKUP(ROUND(CONCATENATE($A12,BO$2),0),'Cadastro dos Padrões'!$A$2:$V$4400,BO$1,FALSE)) -> -
A13: =A12+1 -> 8 | B13: =IF(VLOOKUP(ROUND(CONCATENATE($A13,B$2),0),'Cadastro dos Padrões'!$A$2:$V$4400,B$1,FALSE)="","-",VLOOKUP(ROUND(CONCATENATE($A13,B$2),0),'Cadastro dos Padrões'!$A$2:$V$4400,B$1,FALSE)) -> E.TH.PMR-008 | C13: =IF($B13="-","-",VLOOKUP(ROUND(CONCATENATE($A13,C$2),0),'Cadastro dos Padrões'!$A$2:$V$4400,C$1,FALSE)) -> Termohigrômetro Digital | D13: =IF($B13="-","-",VLOOKUP(ROUND(CONCATENATE($A13,D$2),0),'Cadastro dos Padrões'!$A$2:$V$4400,D$1,FALSE)) -> 20 | E13: =IF($B13="-","-",VLOOKUP(ROUND(CONCATENATE($A13,E$2),0),'Cadastro dos Padrões'!$A$2:$V$4400,E$1,FALSE)) -> Elus | F13: =IF($B13="-","-",VLOOKUP(ROUND(CONCATENATE($A13,F$2),0),'Cadastro dos Padrões'!$A$2:$V$4400,F$1,FALSE)) -> RBC - CAL 0439 | G13: =IF($B13="-","-",VLOOKUP(ROUND(CONCATENATE($A13,G$2),0),'Cadastro dos Padrões'!$A$2:$V$4400,G$1,FALSE)) -> E0210/25 | H13: =IF($B13="-","-",VLOOKUP(ROUND(CONCATENATE($A13,H$2),0),'Cadastro dos Padrões'!$A$2:$V$4400,H$1,FALSE)) -> 45761 | I13: =IF($B13="-","-",VLOOKUP(ROUND(CONCATENATE($A13,I$2),0),'Cadastro dos Padrões'!$A$2:$V$4400,I$1,FALSE)) -> 46142 | J13: =IF($B13="-","-",VLOOKUP(ROUND(CONCATENATE($A13,J$2),0),'Cadastro dos Padrões'!$A$2:$V$4400,J$1,FALSE)) -> %ur | ... AA13: =IF($B13="-","-",VLOOKUP(ROUND(CONCATENATE($A13,AA$2),0),'Cadastro dos Padrões'!$A$2:$V$4400,AA$1,FALSE)) -> 0.55318003 | AB13: =IF(VLOOKUP(ROUND(CONCATENATE($A13,AB$2),0),'Cadastro dos Padrões'!$A$2:$V$4400,AB$1,FALSE)="","-",VLOOKUP(ROUND(CONCATENATE($A13,AB$2),0),'Cadastro dos Padrões'!$A$2:$V$4400,AB$1,FALSE)) -> 20 | AC13: =IF(VLOOKUP(ROUND(CONCATENATE($A13,AC$2),0),'Cadastro dos Padrões'!$A$2:$V$4400,AC$1,FALSE)="","-",VLOOKUP(ROUND(CONCATENATE($A13,AC$2),0),'Cadastro dos Padrões'!$A$2:$V$4400,AC$1,FALSE)) -> 0.7 | AD13: =IF(VLOOKUP(ROUND(CONCATENATE($A13,AD$2),0),'Cadastro dos Padrões'!$A$2:$V$4400,AD$1,FALSE)="","-",VLOOKUP(ROUND(CONCATENATE($A13,AD$2),0),'Cadastro dos Padrões'!$A$2:$V$4400,AD$1,FALSE)) -> 2 | AE13: =IF(VLOOKUP(ROUND(CONCATENATE($A13,AE$2),0),'Cadastro dos Padrões'!$A$2:$V$4400,AE$1,FALSE)="","-",VLOOKUP(ROUND(CONCATENATE($A13,AE$2),0),'Cadastro dos Padrões'!$A$2:$V$4400,AE$1,FALSE)) -> 1000000 | AF13: =IF(VLOOKUP(ROUND(CONCATENATE($A13,AF$2),0),'Cadastro dos Padrões'!$A$2:$V$4400,AF$1,FALSE)="","-",VLOOKUP(ROUND(CONCATENATE($A13,AF$2),0),'Cadastro dos Padrões'!$A$2:$V$4400,AF$1,FALSE)) -> 50 | AG13: =IF(VLOOKUP(ROUND(CONCATENATE($A13,AG$2),0),'Cadastro dos Padrões'!$A$2:$V$4400,AG$1,FALSE)="","-",VLOOKUP(ROUND(CONCATENATE($A13,AG$2),0),'Cadastro dos Padrões'!$A$2:$V$4400,AG$1,FALSE)) -> 1.1 | AH13: =IF(VLOOKUP(ROUND(CONCATENATE($A13,AH$2),0),'Cadastro dos Padrões'!$A$2:$V$4400,AH$1,FALSE)="","-",VLOOKUP(ROUND(CONCATENATE($A13,AH$2),0),'Cadastro dos Padrões'!$A$2:$V$4400,AH$1,FALSE)) -> 2 | AI13: =IF(VLOOKUP(ROUND(CONCATENATE($A13,AI$2),0),'Cadastro dos Padrões'!$A$2:$V$4400,AI$1,FALSE)="","-",VLOOKUP(ROUND(CONCATENATE($A13,AI$2),0),'Cadastro dos Padrões'!$A$2:$V$4400,AI$1,FALSE)) -> 1000000 | ... BO13: =IF(VLOOKUP(ROUND(CONCATENATE($A13,BO$2),0),'Cadastro dos Padrões'!$A$2:$V$4400,BO$1,FALSE)="","-",VLOOKUP(ROUND(CONCATENATE($A13,BO$2),0),'Cadastro dos Padrões'!$A$2:$V$4400,BO$1,FALSE)) -> -
A14: =A13+1 -> 9 | B14: =IF(VLOOKUP(ROUND(CONCATENATE($A14,B$2),0),'Cadastro dos Padrões'!$A$2:$V$4400,B$1,FALSE)="","-",VLOOKUP(ROUND(CONCATENATE($A14,B$2),0),'Cadastro dos Padrões'!$A$2:$V$4400,B$1,FALSE)) -> E.TH.LT-006 | C14: =IF($B14="-","-",VLOOKUP(ROUND(CONCATENATE($A14,C$2),0),'Cadastro dos Padrões'!$A$2:$V$4400,C$1,FALSE)) -> Termohigrômetro Digital | D14: =IF($B14="-","-",VLOOKUP(ROUND(CONCATENATE($A14,D$2),0),'Cadastro dos Padrões'!$A$2:$V$4400,D$1,FALSE)) -> 20 | E14: =IF($B14="-","-",VLOOKUP(ROUND(CONCATENATE($A14,E$2),0),'Cadastro dos Padrões'!$A$2:$V$4400,E$1,FALSE)) -> Elus | F14: =IF($B14="-","-",VLOOKUP(ROUND(CONCATENATE($A14,F$2),0),'Cadastro dos Padrões'!$A$2:$V$4400,F$1,FALSE)) -> RBC - CAL 0439 | G14: =IF($B14="-","-",VLOOKUP(ROUND(CONCATENATE($A14,G$2),0),'Cadastro dos Padrões'!$A$2:$V$4400,G$1,FALSE)) -> E0843/25 | H14: =IF($B14="-","-",VLOOKUP(ROUND(CONCATENATE($A14,H$2),0),'Cadastro dos Padrões'!$A$2:$V$4400,H$1,FALSE)) -> 45989 | I14: =IF($B14="-","-",VLOOKUP(ROUND(CONCATENATE($A14,I$2),0),'Cadastro dos Padrões'!$A$2:$V$4400,I$1,FALSE)) -> 46170 | J14: =IF($B14="-","-",VLOOKUP(ROUND(CONCATENATE($A14,J$2),0),'Cadastro dos Padrões'!$A$2:$V$4400,J$1,FALSE)) -> %ur | ... AA14: =IF($B14="-","-",VLOOKUP(ROUND(CONCATENATE($A14,AA$2),0),'Cadastro dos Padrões'!$A$2:$V$4400,AA$1,FALSE)) -> 0.23473039 | AB14: =IF(VLOOKUP(ROUND(CONCATENATE($A14,AB$2),0),'Cadastro dos Padrões'!$A$2:$V$4400,AB$1,FALSE)="","-",VLOOKUP(ROUND(CONCATENATE($A14,AB$2),0),'Cadastro dos Padrões'!$A$2:$V$4400,AB$1,FALSE)) -> 5.01 | AC14: =IF(VLOOKUP(ROUND(CONCATENATE($A14,AC$2),0),'Cadastro dos Padrões'!$A$2:$V$4400,AC$1,FALSE)="","-",VLOOKUP(ROUND(CONCATENATE($A14,AC$2),0),'Cadastro dos Padrões'!$A$2:$V$4400,AC$1,FALSE)) -> 0.25 | AD14: =IF(VLOOKUP(ROUND(CONCATENATE($A14,AD$2),0),'Cadastro dos Padrões'!$A$2:$V$4400,AD$1,FALSE)="","-",VLOOKUP(ROUND(CONCATENATE($A14,AD$2),0),'Cadastro dos Padrões'!$A$2:$V$4400,AD$1,FALSE)) -> 2.03 | AE14: =IF(VLOOKUP(ROUND(CONCATENATE($A14,AE$2),0),'Cadastro dos Padrões'!$A$2:$V$4400,AE$1,FALSE)="","-",VLOOKUP(ROUND(CONCATENATE($A14,AE$2),0),'Cadastro dos Padrões'!$A$2:$V$4400,AE$1,FALSE)) -> 87 | AF14: =IF(VLOOKUP(ROUND(CONCATENATE($A14,AF$2),0),'Cadastro dos Padrões'!$A$2:$V$4400,AF$1,FALSE)="","-",VLOOKUP(ROUND(CONCATENATE($A14,AF$2),0),'Cadastro dos Padrões'!$A$2:$V$4400,AF$1,FALSE)) -> 20.01 | AG14: =IF(VLOOKUP(ROUND(CONCATENATE($A14,AG$2),0),'Cadastro dos Padrões'!$A$2:$V$4400,AG$1,FALSE)="","-",VLOOKUP(ROUND(CONCATENATE($A14,AG$2),0),'Cadastro dos Padrões'!$A$2:$V$4400,AG$1,FALSE)) -> 0.27 | AH14: =IF(VLOOKUP(ROUND(CONCATENATE($A14,AH$2),0),'Cadastro dos Padrões'!$A$2:$V$4400,AH$1,FALSE)="","-",VLOOKUP(ROUND(CONCATENATE($A14,AH$2),0),'Cadastro dos Padrões'!$A$2:$V$4400,AH$1,FALSE)) -> 2.04 | AI14: =IF(VLOOKUP(ROUND(CONCATENATE($A14,AI$2),0),'Cadastro dos Padrões'!$A$2:$V$4400,AI$1,FALSE)="","-",VLOOKUP(ROUND(CONCATENATE($A14,AI$2),0),'Cadastro dos Padrões'!$A$2:$V$4400,AI$1,FALSE)) -> 65 | ... BO14: =IF(VLOOKUP(ROUND(CONCATENATE($A14,BO$2),0),'Cadastro dos Padrões'!$A$2:$V$4400,BO$1,FALSE)="","-",VLOOKUP(ROUND(CONCATENATE($A14,BO$2),0),'Cadastro dos Padrões'!$A$2:$V$4400,BO$1,FALSE)) -> -
A15: =A14+1 -> 10 | B15: =IF(VLOOKUP(ROUND(CONCATENATE($A15,B$2),0),'Cadastro dos Padrões'!$A$2:$V$4400,B$1,FALSE)="","-",VLOOKUP(ROUND(CONCATENATE($A15,B$2),0),'Cadastro dos Padrões'!$A$2:$V$4400,B$1,FALSE)) -> E.TH.LT-006 | C15: =IF($B15="-","-",VLOOKUP(ROUND(CONCATENATE($A15,C$2),0),'Cadastro dos Padrões'!$A$2:$V$4400,C$1,FALSE)) -> Termohigrômetro Digital | D15: =IF($B15="-","-",VLOOKUP(ROUND(CONCATENATE($A15,D$2),0),'Cadastro dos Padrões'!$A$2:$V$4400,D$1,FALSE)) -> 25 | E15: =IF($B15="-","-",VLOOKUP(ROUND(CONCATENATE($A15,E$2),0),'Cadastro dos Padrões'!$A$2:$V$4400,E$1,FALSE)) -> Elus | F15: =IF($B15="-","-",VLOOKUP(ROUND(CONCATENATE($A15,F$2),0),'Cadastro dos Padrões'!$A$2:$V$4400,F$1,FALSE)) -> RBC - CAL 0439 | G15: =IF($B15="-","-",VLOOKUP(ROUND(CONCATENATE($A15,G$2),0),'Cadastro dos Padrões'!$A$2:$V$4400,G$1,FALSE)) -> E0843/25 | H15: =IF($B15="-","-",VLOOKUP(ROUND(CONCATENATE($A15,H$2),0),'Cadastro dos Padrões'!$A$2:$V$4400,H$1,FALSE)) -> 45989 | I15: =IF($B15="-","-",VLOOKUP(ROUND(CONCATENATE($A15,I$2),0),'Cadastro dos Padrões'!$A$2:$V$4400,I$1,FALSE)) -> 46170 | J15: =IF($B15="-","-",VLOOKUP(ROUND(CONCATENATE($A15,J$2),0),'Cadastro dos Padrões'!$A$2:$V$4400,J$1,FALSE)) -> %ur | ... AA15: =IF($B15="-","-",VLOOKUP(ROUND(CONCATENATE($A15,AA$2),0),'Cadastro dos Padrões'!$A$2:$V$4400,AA$1,FALSE)) -> 0.84446984 | AB15: =IF(VLOOKUP(ROUND(CONCATENATE($A15,AB$2),0),'Cadastro dos Padrões'!$A$2:$V$4400,AB$1,FALSE)="","-",VLOOKUP(ROUND(CONCATENATE($A15,AB$2),0),'Cadastro dos Padrões'!$A$2:$V$4400,AB$1,FALSE)) -> 5.01 | AC15: =IF(VLOOKUP(ROUND(CONCATENATE($A15,AC$2),0),'Cadastro dos Padrões'!$A$2:$V$4400,AC$1,FALSE)="","-",VLOOKUP(ROUND(CONCATENATE($A15,AC$2),0),'Cadastro dos Padrões'!$A$2:$V$4400,AC$1,FALSE)) -> 0.25 | AD15: =IF(VLOOKUP(ROUND(CONCATENATE($A15,AD$2),0),'Cadastro dos Padrões'!$A$2:$V$4400,AD$1,FALSE)="","-",VLOOKUP(ROUND(CONCATENATE($A15,AD$2),0),'Cadastro dos Padrões'!$A$2:$V$4400,AD$1,FALSE)) -> 2.03 | AE15: =IF(VLOOKUP(ROUND(CONCATENATE($A15,AE$2),0),'Cadastro dos Padrões'!$A$2:$V$4400,AE$1,FALSE)="","-",VLOOKUP(ROUND(CONCATENATE($A15,AE$2),0),'Cadastro dos Padrões'!$A$2:$V$4400,AE$1,FALSE)) -> 87 | AF15: =IF(VLOOKUP(ROUND(CONCATENATE($A15,AF$2),0),'Cadastro dos Padrões'!$A$2:$V$4400,AF$1,FALSE)="","-",VLOOKUP(ROUND(CONCATENATE($A15,AF$2),0),'Cadastro dos Padrões'!$A$2:$V$4400,AF$1,FALSE)) -> 19.99 | AG15: =IF(VLOOKUP(ROUND(CONCATENATE($A15,AG$2),0),'Cadastro dos Padrões'!$A$2:$V$4400,AG$1,FALSE)="","-",VLOOKUP(ROUND(CONCATENATE($A15,AG$2),0),'Cadastro dos Padrões'!$A$2:$V$4400,AG$1,FALSE)) -> 0.25 | AH15: =IF(VLOOKUP(ROUND(CONCATENATE($A15,AH$2),0),'Cadastro dos Padrões'!$A$2:$V$4400,AH$1,FALSE)="","-",VLOOKUP(ROUND(CONCATENATE($A15,AH$2),0),'Cadastro dos Padrões'!$A$2:$V$4400,AH$1,FALSE)) -> 2.04 | AI15: =IF(VLOOKUP(ROUND(CONCATENATE($A15,AI$2),0),'Cadastro dos Padrões'!$A$2:$V$4400,AI$1,FALSE)="","-",VLOOKUP(ROUND(CONCATENATE($A15,AI$2),0),'Cadastro dos Padrões'!$A$2:$V$4400,AI$1,FALSE)) -> 66 | ... BO15: =IF(VLOOKUP(ROUND(CONCATENATE($A15,BO$2),0),'Cadastro dos Padrões'!$A$2:$V$4400,BO$1,FALSE)="","-",VLOOKUP(ROUND(CONCATENATE($A15,BO$2),0),'Cadastro dos Padrões'!$A$2:$V$4400,BO$1,FALSE)) -> -
A16: =A15+1 -> 11 | B16: =IF(VLOOKUP(ROUND(CONCATENATE($A16,B$2),0),'Cadastro dos Padrões'!$A$2:$V$4400,B$1,FALSE)="","-",VLOOKUP(ROUND(CONCATENATE($A16,B$2),0),'Cadastro dos Padrões'!$A$2:$V$4400,B$1,FALSE)) -> - | C16: =IF($B16="-","-",VLOOKUP(ROUND(CONCATENATE($A16,C$2),0),'Cadastro dos Padrões'!$A$2:$V$4400,C$1,FALSE)) -> - | D16: =IF($B16="-","-",VLOOKUP(ROUND(CONCATENATE($A16,D$2),0),'Cadastro dos Padrões'!$A$2:$V$4400,D$1,FALSE)) -> - | E16: =IF($B16="-","-",VLOOKUP(ROUND(CONCATENATE($A16,E$2),0),'Cadastro dos Padrões'!$A$2:$V$4400,E$1,FALSE)) -> - | F16: =IF($B16="-","-",VLOOKUP(ROUND(CONCATENATE($A16,F$2),0),'Cadastro dos Padrões'!$A$2:$V$4400,F$1,FALSE)) -> - | G16: =IF($B16="-","-",VLOOKUP(ROUND(CONCATENATE($A16,G$2),0),'Cadastro dos Padrões'!$A$2:$V$4400,G$1,FALSE)) -> - | H16: =IF($B16="-","-",VLOOKUP(ROUND(CONCATENATE($A16,H$2),0),'Cadastro dos Padrões'!$A$2:$V$4400,H$1,FALSE)) -> - | I16: =IF($B16="-","-",VLOOKUP(ROUND(CONCATENATE($A16,I$2),0),'Cadastro dos Padrões'!$A$2:$V$4400,I$1,FALSE)) -> - | J16: =IF($B16="-","-",VLOOKUP(ROUND(CONCATENATE($A16,J$2),0),'Cadastro dos Padrões'!$A$2:$V$4400,J$1,FALSE)) -> - | ... AA16: =IF($B16="-","-",VLOOKUP(ROUND(CONCATENATE($A16,AA$2),0),'Cadastro dos Padrões'!$A$2:$V$4400,AA$1,FALSE)) -> - | AB16: =IF(VLOOKUP(ROUND(CONCATENATE($A16,AB$2),0),'Cadastro dos Padrões'!$A$2:$V$4400,AB$1,FALSE)="","-",VLOOKUP(ROUND(CONCATENATE($A16,AB$2),0),'Cadastro dos Padrões'!$A$2:$V$4400,AB$1,FALSE)) -> - | AC16: =IF(VLOOKUP(ROUND(CONCATENATE($A16,AC$2),0),'Cadastro dos Padrões'!$A$2:$V$4400,AC$1,FALSE)="","-",VLOOKUP(ROUND(CONCATENATE($A16,AC$2),0),'Cadastro dos Padrões'!$A$2:$V$4400,AC$1,FALSE)) -> - | AD16: =IF(VLOOKUP(ROUND(CONCATENATE($A16,AD$2),0),'Cadastro dos Padrões'!$A$2:$V$4400,AD$1,FALSE)="","-",VLOOKUP(ROUND(CONCATENATE($A16,AD$2),0),'Cadastro dos Padrões'!$A$2:$V$4400,AD$1,FALSE)) -> - | AE16: =IF(VLOOKUP(ROUND(CONCATENATE($A16,AE$2),0),'Cadastro dos Padrões'!$A$2:$V$4400,AE$1,FALSE)="","-",VLOOKUP(ROUND(CONCATENATE($A16,AE$2),0),'Cadastro dos Padrões'!$A$2:$V$4400,AE$1,FALSE)) -> - | AF16: =IF(VLOOKUP(ROUND(CONCATENATE($A16,AF$2),0),'Cadastro dos Padrões'!$A$2:$V$4400,AF$1,FALSE)="","-",VLOOKUP(ROUND(CONCATENATE($A16,AF$2),0),'Cadastro dos Padrões'!$A$2:$V$4400,AF$1,FALSE)) -> - | AG16: =IF(VLOOKUP(ROUND(CONCATENATE($A16,AG$2),0),'Cadastro dos Padrões'!$A$2:$V$4400,AG$1,FALSE)="","-",VLOOKUP(ROUND(CONCATENATE($A16,AG$2),0),'Cadastro dos Padrões'!$A$2:$V$4400,AG$1,FALSE)) -> - | AH16: =IF(VLOOKUP(ROUND(CONCATENATE($A16,AH$2),0),'Cadastro dos Padrões'!$A$2:$V$4400,AH$1,FALSE)="","-",VLOOKUP(ROUND(CONCATENATE($A16,AH$2),0),'Cadastro dos Padrões'!$A$2:$V$4400,AH$1,FALSE)) -> - | AI16: =IF(VLOOKUP(ROUND(CONCATENATE($A16,AI$2),0),'Cadastro dos Padrões'!$A$2:$V$4400,AI$1,FALSE)="","-",VLOOKUP(ROUND(CONCATENATE($A16,AI$2),0),'Cadastro dos Padrões'!$A$2:$V$4400,AI$1,FALSE)) -> - | ... BO16: =IF(VLOOKUP(ROUND(CONCATENATE($A16,BO$2),0),'Cadastro dos Padrões'!$A$2:$V$4400,BO$1,FALSE)="","-",VLOOKUP(ROUND(CONCATENATE($A16,BO$2),0),'Cadastro dos Padrões'!$A$2:$V$4400,BO$1,FALSE)) -> -
A17: =A16+1 -> 12 | B17: =IF(VLOOKUP(ROUND(CONCATENATE($A17,B$2),0),'Cadastro dos Padrões'!$A$2:$V$4400,B$1,FALSE)="","-",VLOOKUP(ROUND(CONCATENATE($A17,B$2),0),'Cadastro dos Padrões'!$A$2:$V$4400,B$1,FALSE)) -> E.TH.LT-019 | C17: =IF($B17="-","-",VLOOKUP(ROUND(CONCATENATE($A17,C$2),0),'Cadastro dos Padrões'!$A$2:$V$4400,C$1,FALSE)) -> Higrômetro de Ponto de Orvalho | D17: =IF($B17="-","-",VLOOKUP(ROUND(CONCATENATE($A17,D$2),0),'Cadastro dos Padrões'!$A$2:$V$4400,D$1,FALSE)) -> - | E17: =IF($B17="-","-",VLOOKUP(ROUND(CONCATENATE($A17,E$2),0),'Cadastro dos Padrões'!$A$2:$V$4400,E$1,FALSE)) -> Elus | F17: =IF($B17="-","-",VLOOKUP(ROUND(CONCATENATE($A17,F$2),0),'Cadastro dos Padrões'!$A$2:$V$4400,F$1,FALSE)) -> RBC - CAL 0439 | G17: =IF($B17="-","-",VLOOKUP(ROUND(CONCATENATE($A17,G$2),0),'Cadastro dos Padrões'!$A$2:$V$4400,G$1,FALSE)) -> E0177/25 | H17: =IF($B17="-","-",VLOOKUP(ROUND(CONCATENATE($A17,H$2),0),'Cadastro dos Padrões'!$A$2:$V$4400,H$1,FALSE)) -> 45748 | I17: =IF($B17="-","-",VLOOKUP(ROUND(CONCATENATE($A17,I$2),0),'Cadastro dos Padrões'!$A$2:$V$4400,I$1,FALSE)) -> 46142 | J17: =IF($B17="-","-",VLOOKUP(ROUND(CONCATENATE($A17,J$2),0),'Cadastro dos Padrões'!$A$2:$V$4400,J$1,FALSE)) -> °CTd/f | ... AA17: =IF($B17="-","-",VLOOKUP(ROUND(CONCATENATE($A17,AA$2),0),'Cadastro dos Padrões'!$A$2:$V$4400,AA$1,FALSE)) -> -1.5552394 | AB17: =IF(VLOOKUP(ROUND(CONCATENATE($A17,AB$2),0),'Cadastro dos Padrões'!$A$2:$V$4400,AB$1,FALSE)="","-",VLOOKUP(ROUND(CONCATENATE($A17,AB$2),0),'Cadastro dos Padrões'!$A$2:$V$4400,AB$1,FALSE)) -> -60 | AC17: =IF(VLOOKUP(ROUND(CONCATENATE($A17,AC$2),0),'Cadastro dos Padrões'!$A$2:$V$4400,AC$1,FALSE)="","-",VLOOKUP(ROUND(CONCATENATE($A17,AC$2),0),'Cadastro dos Padrões'!$A$2:$V$4400,AC$1,FALSE)) -> 0.26 | AD17: =IF(VLOOKUP(ROUND(CONCATENATE($A17,AD$2),0),'Cadastro dos Padrões'!$A$2:$V$4400,AD$1,FALSE)="","-",VLOOKUP(ROUND(CONCATENATE($A17,AD$2),0),'Cadastro dos Padrões'!$A$2:$V$4400,AD$1,FALSE)) -> 2 | AE17: =IF(VLOOKUP(ROUND(CONCATENATE($A17,AE$2),0),'Cadastro dos Padrões'!$A$2:$V$4400,AE$1,FALSE)="","-",VLOOKUP(ROUND(CONCATENATE($A17,AE$2),0),'Cadastro dos Padrões'!$A$2:$V$4400,AE$1,FALSE)) -> 1000000 | AF17: =IF(VLOOKUP(ROUND(CONCATENATE($A17,AF$2),0),'Cadastro dos Padrões'!$A$2:$V$4400,AF$1,FALSE)="","-",VLOOKUP(ROUND(CONCATENATE($A17,AF$2),0),'Cadastro dos Padrões'!$A$2:$V$4400,AF$1,FALSE)) -> -50 | AG17: =IF(VLOOKUP(ROUND(CONCATENATE($A17,AG$2),0),'Cadastro dos Padrões'!$A$2:$V$4400,AG$1,FALSE)="","-",VLOOKUP(ROUND(CONCATENATE($A17,AG$2),0),'Cadastro dos Padrões'!$A$2:$V$4400,AG$1,FALSE)) -> 0.26 | AH17: =IF(VLOOKUP(ROUND(CONCATENATE($A17,AH$2),0),'Cadastro dos Padrões'!$A$2:$V$4400,AH$1,FALSE)="","-",VLOOKUP(ROUND(CONCATENATE($A17,AH$2),0),'Cadastro dos Padrões'!$A$2:$V$4400,AH$1,FALSE)) -> 2 | AI17: =IF(VLOOKUP(ROUND(CONCATENATE($A17,AI$2),0),'Cadastro dos Padrões'!$A$2:$V$4400,AI$1,FALSE)="","-",VLOOKUP(ROUND(CONCATENATE($A17,AI$2),0),'Cadastro dos Padrões'!$A$2:$V$4400,AI$1,FALSE)) -> 1000000 | ... BO17: =IF(VLOOKUP(ROUND(CONCATENATE($A17,BO$2),0),'Cadastro dos Padrões'!$A$2:$V$4400,BO$1,FALSE)="","-",VLOOKUP(ROUND(CONCATENATE($A17,BO$2),0),'Cadastro dos Padrões'!$A$2:$V$4400,BO$1,FALSE)) -> -
A18: =A17+1 -> 13 | B18: =IF(VLOOKUP(ROUND(CONCATENATE($A18,B$2),0),'Cadastro dos Padrões'!$A$2:$V$4400,B$1,FALSE)="","-",VLOOKUP(ROUND(CONCATENATE($A18,B$2),0),'Cadastro dos Padrões'!$A$2:$V$4400,B$1,FALSE)) -> EL-194 | C18: =IF($B18="-","-",VLOOKUP(ROUND(CONCATENATE($A18,C$2),0),'Cadastro dos Padrões'!$A$2:$V$4400,C$1,FALSE)) -> Higrômetro de Ponto de Orvalho | D18: =IF($B18="-","-",VLOOKUP(ROUND(CONCATENATE($A18,D$2),0),'Cadastro dos Padrões'!$A$2:$V$4400,D$1,FALSE)) -> - | E18: =IF($B18="-","-",VLOOKUP(ROUND(CONCATENATE($A18,E$2),0),'Cadastro dos Padrões'!$A$2:$V$4400,E$1,FALSE)) -> Elus | F18: =IF($B18="-","-",VLOOKUP(ROUND(CONCATENATE($A18,F$2),0),'Cadastro dos Padrões'!$A$2:$V$4400,F$1,FALSE)) -> RBC - CAL 0439 | G18: =IF($B18="-","-",VLOOKUP(ROUND(CONCATENATE($A18,G$2),0),'Cadastro dos Padrões'!$A$2:$V$4400,G$1,FALSE)) -> R0124/22 | H18: =IF($B18="-","-",VLOOKUP(ROUND(CONCATENATE($A18,H$2),0),'Cadastro dos Padrões'!$A$2:$V$4400,H$1,FALSE)) -> 44607 | I18: =IF($B18="-","-",VLOOKUP(ROUND(CONCATENATE($A18,I$2),0),'Cadastro dos Padrões'!$A$2:$V$4400,I$1,FALSE)) -> 44985 | J18: =IF($B18="-","-",VLOOKUP(ROUND(CONCATENATE($A18,J$2),0),'Cadastro dos Padrões'!$A$2:$V$4400,J$1,FALSE)) -> °CTd/f | ... AA18: =IF($B18="-","-",VLOOKUP(ROUND(CONCATENATE($A18,AA$2),0),'Cadastro dos Padrões'!$A$2:$V$4400,AA$1,FALSE)) -> -1.5951149 | AB18: =IF(VLOOKUP(ROUND(CONCATENATE($A18,AB$2),0),'Cadastro dos Padrões'!$A$2:$V$4400,AB$1,FALSE)="","-",VLOOKUP(ROUND(CONCATENATE($A18,AB$2),0),'Cadastro dos Padrões'!$A$2:$V$4400,AB$1,FALSE)) -> -60 | AC18: =IF(VLOOKUP(ROUND(CONCATENATE($A18,AC$2),0),'Cadastro dos Padrões'!$A$2:$V$4400,AC$1,FALSE)="","-",VLOOKUP(ROUND(CONCATENATE($A18,AC$2),0),'Cadastro dos Padrões'!$A$2:$V$4400,AC$1,FALSE)) -> 0.28 | AD18: =IF(VLOOKUP(ROUND(CONCATENATE($A18,AD$2),0),'Cadastro dos Padrões'!$A$2:$V$4400,AD$1,FALSE)="","-",VLOOKUP(ROUND(CONCATENATE($A18,AD$2),0),'Cadastro dos Padrões'!$A$2:$V$4400,AD$1,FALSE)) -> 2 | AE18: =IF(VLOOKUP(ROUND(CONCATENATE($A18,AE$2),0),'Cadastro dos Padrões'!$A$2:$V$4400,AE$1,FALSE)="","-",VLOOKUP(ROUND(CONCATENATE($A18,AE$2),0),'Cadastro dos Padrões'!$A$2:$V$4400,AE$1,FALSE)) -> 1000000 | AF18: =IF(VLOOKUP(ROUND(CONCATENATE($A18,AF$2),0),'Cadastro dos Padrões'!$A$2:$V$4400,AF$1,FALSE)="","-",VLOOKUP(ROUND(CONCATENATE($A18,AF$2),0),'Cadastro dos Padrões'!$A$2:$V$4400,AF$1,FALSE)) -> -50 | AG18: =IF(VLOOKUP(ROUND(CONCATENATE($A18,AG$2),0),'Cadastro dos Padrões'!$A$2:$V$4400,AG$1,FALSE)="","-",VLOOKUP(ROUND(CONCATENATE($A18,AG$2),0),'Cadastro dos Padrões'!$A$2:$V$4400,AG$1,FALSE)) -> 0.28 | AH18: =IF(VLOOKUP(ROUND(CONCATENATE($A18,AH$2),0),'Cadastro dos Padrões'!$A$2:$V$4400,AH$1,FALSE)="","-",VLOOKUP(ROUND(CONCATENATE($A18,AH$2),0),'Cadastro dos Padrões'!$A$2:$V$4400,AH$1,FALSE)) -> 2 | AI18: =IF(VLOOKUP(ROUND(CONCATENATE($A18,AI$2),0),'Cadastro dos Padrões'!$A$2:$V$4400,AI$1,FALSE)="","-",VLOOKUP(ROUND(CONCATENATE($A18,AI$2),0),'Cadastro dos Padrões'!$A$2:$V$4400,AI$1,FALSE)) -> 1000000 | ... BO18: =IF(VLOOKUP(ROUND(CONCATENATE($A18,BO$2),0),'Cadastro dos Padrões'!$A$2:$V$4400,BO$1,FALSE)="","-",VLOOKUP(ROUND(CONCATENATE($A18,BO$2),0),'Cadastro dos Padrões'!$A$2:$V$4400,BO$1,FALSE)) -> -
... A105: =A104+1 -> 100 | B105: =IF(VLOOKUP(ROUND(CONCATENATE($A105,B$2),0),'Cadastro dos Padrões'!$A$2:$V$4400,B$1,FALSE)="","-",VLOOKUP(ROUND(CONCATENATE($A105,B$2),0),'Cadastro dos Padrões'!$A$2:$V$4400,B$1,FALSE)) -> - | C105: =IF($B105="-","-",VLOOKUP(ROUND(CONCATENATE($A105,C$2),0),'Cadastro dos Padrões'!$A$2:$V$4400,C$1,FALSE)) -> - | D105: =IF($B105="-","-",VLOOKUP(ROUND(CONCATENATE($A105,D$2),0),'Cadastro dos Padrões'!$A$2:$V$4400,D$1,FALSE)) -> - | E105: =IF($B105="-","-",VLOOKUP(ROUND(CONCATENATE($A105,E$2),0),'Cadastro dos Padrões'!$A$2:$V$4400,E$1,FALSE)) -> - | F105: =IF($B105="-","-",VLOOKUP(ROUND(CONCATENATE($A105,F$2),0),'Cadastro dos Padrões'!$A$2:$V$4400,F$1,FALSE)) -> - | G105: =IF($B105="-","-",VLOOKUP(ROUND(CONCATENATE($A105,G$2),0),'Cadastro dos Padrões'!$A$2:$V$4400,G$1,FALSE)) -> - | H105: =IF($B105="-","-",VLOOKUP(ROUND(CONCATENATE($A105,H$2),0),'Cadastro dos Padrões'!$A$2:$V$4400,H$1,FALSE)) -> - | I105: =IF($B105="-","-",VLOOKUP(ROUND(CONCATENATE($A105,I$2),0),'Cadastro dos Padrões'!$A$2:$V$4400,I$1,FALSE)) -> - | J105: =IF($B105="-","-",VLOOKUP(ROUND(CONCATENATE($A105,J$2),0),'Cadastro dos Padrões'!$A$2:$V$4400,J$1,FALSE)) -> - | ... AA105: =IF($B105="-","-",VLOOKUP(ROUND(CONCATENATE($A105,AA$2),0),'Cadastro dos Padrões'!$A$2:$V$4400,AA$1,FALSE)) -> - | AB105: =IF(VLOOKUP(ROUND(CONCATENATE($A105,AB$2),0),'Cadastro dos Padrões'!$A$2:$V$4400,AB$1,FALSE)="","-",VLOOKUP(ROUND(CONCATENATE($A105,AB$2),0),'Cadastro dos Padrões'!$A$2:$V$4400,AB$1,FALSE)) -> - | AC105: =IF(VLOOKUP(ROUND(CONCATENATE($A105,AC$2),0),'Cadastro dos Padrões'!$A$2:$V$4400,AC$1,FALSE)="","-",VLOOKUP(ROUND(CONCATENATE($A105,AC$2),0),'Cadastro dos Padrões'!$A$2:$V$4400,AC$1,FALSE)) -> - | AD105: =IF(VLOOKUP(ROUND(CONCATENATE($A105,AD$2),0),'Cadastro dos Padrões'!$A$2:$V$4400,AD$1,FALSE)="","-",VLOOKUP(ROUND(CONCATENATE($A105,AD$2),0),'Cadastro dos Padrões'!$A$2:$V$4400,AD$1,FALSE)) -> - | AE105: =IF(VLOOKUP(ROUND(CONCATENATE($A105,AE$2),0),'Cadastro dos Padrões'!$A$2:$V$4400,AE$1,FALSE)="","-",VLOOKUP(ROUND(CONCATENATE($A105,AE$2),0),'Cadastro dos Padrões'!$A$2:$V$4400,AE$1,FALSE)) -> - | AF105: =IF(VLOOKUP(ROUND(CONCATENATE($A105,AF$2),0),'Cadastro dos Padrões'!$A$2:$V$4400,AF$1,FALSE)="","-",VLOOKUP(ROUND(CONCATENATE($A105,AF$2),0),'Cadastro dos Padrões'!$A$2:$V$4400,AF$1,FALSE)) -> - | AG105: =IF(VLOOKUP(ROUND(CONCATENATE($A105,AG$2),0),'Cadastro dos Padrões'!$A$2:$V$4400,AG$1,FALSE)="","-",VLOOKUP(ROUND(CONCATENATE($A105,AG$2),0),'Cadastro dos Padrões'!$A$2:$V$4400,AG$1,FALSE)) -> - | AH105: =IF(VLOOKUP(ROUND(CONCATENATE($A105,AH$2),0),'Cadastro dos Padrões'!$A$2:$V$4400,AH$1,FALSE)="","-",VLOOKUP(ROUND(CONCATENATE($A105,AH$2),0),'Cadastro dos Padrões'!$A$2:$V$4400,AH$1,FALSE)) -> - | AI105: =IF(VLOOKUP(ROUND(CONCATENATE($A105,AI$2),0),'Cadastro dos Padrões'!$A$2:$V$4400,AI$1,FALSE)="","-",VLOOKUP(ROUND(CONCATENATE($A105,AI$2),0),'Cadastro dos Padrões'!$A$2:$V$4400,AI$1,FALSE)) -> - | ... BO105: =IF(VLOOKUP(ROUND(CONCATENATE($A105,BO$2),0),'Cadastro dos Padrões'!$A$2:$V$4400,BO$1,FALSE)="","-",VLOOKUP(ROUND(CONCATENATE($A105,BO$2),0),'Cadastro dos Padrões'!$A$2:$V$4400,BO$1,FALSE)) -> -
A106: 1 | B106: =A106+1 -> 2 | C106: =B106+1 -> 3 | D106: =C106+1 -> 4 | E106: =D106+1 -> 5 | F106: =E106+1 -> 6 | G106: =F106+1 -> 7 | H106: =G106+1 -> 8 | I106: =H106+1 -> 9 | ... BO106: =BN106+1 -> 67

Sheet Cadastro dos Padrões
A1: 1 | B1: =A1+1 -> 2 | C1: =B1+1 -> 3 | D1: =C1+1 -> 4 | E1: =D1+1 -> 5 | F1: =E1+1 -> 6 | G1: =F1+1 -> 7 | H1: =G1+1 -> 8 | I1: =H1+1 -> 9 | ... V1: =U1+1 -> 22
A2: =ROUND(CONCATENATE(U2,V2),0) -> 1201 | B2: Padrão : | D2: Termohigrômetro Digital | U2: 1 | V2: 201
A3: =ROUND(CONCATENATE(U3,V3),0) -> 1202 | B3: Temperatura da Calibração : | D3: 20 | E3: °C | U3: =U2 -> 1 | V3: =V2+1 -> 202 | X3: %ur
A4: =ROUND(CONCATENATE(U4,V4),0) -> 1203 | B4: Identificação : | D4: X.TH.LV-001 | K4: X8 | L4: X7 | M4: X6 | N4: X5 | O4: X4 | P4: X3 | Q4: X2 | R4: X1 | S4: X0 | U4: =U3 -> 1 | V4: =V3+1 -> 203 | X4: °CTd
A5: =ROUND(CONCATENATE(U5,V5),0) -> 1204 | B5: Orgão Calibrador : | D5: Elus | J5: =COUNTA(B18:B27) -> 6 | K5: =IF(L5-1<2,0,L5-1) -> 0 | L5: =IF(M5-1<2,0,M5-1) -> 0 | M5: =IF(N5-1<2,0,N5-1) -> 0 | N5: =IF(O5-1<2,0,O5-1) -> 0 | O5: =IF(P5-1<2,0,P5-1) -> 2 | P5: =IF(Q5-1<2,0,Q5-1) -> 3 | Q5: =IF(R5-1<2,0,R5-1) -> 4 | R5: =IF(S5-1<2,0,S5-1) -> 5 | S5: =J5 -> 6 | U5: =U4 -> 1 | V5: =V4+1 -> 204 | X5: °CTd/f
A6: =ROUND(CONCATENATE(U6,V6),0) -> 1205 | B6: Rastreabilidade : | D6: RBC - CAL 0439 | J6: =CONCATENATE(J5,1) -> 61 | K6: =IF(K5=0,0,VLOOKUP(J6,J10:S40,K5,FALSE)) -> 0 | L6: =IF(L5=0,0,VLOOKUP(J6,J10:S40,L5,FALSE)) -> 0 | M6: =IF(M5=0,0,VLOOKUP(J6,J10:S40,M5,FALSE)) -> 0 | N6: =IF(N5=0,0,VLOOKUP(J6,J10:S40,N5,FALSE)) -> 0 | O6: =IF(O5=0,0,VLOOKUP(J6,J10:S40,O5,FALSE)) -> -3.2655712e-07 | P6: =IF(P5=0,0,VLOOKUP(J6,J10:S40,P5,FALSE)) -> 6.0579676e-05 | Q6: =IF(Q5=0,0,VLOOKUP(J6,J10:S40,Q5,FALSE)) -> -0.0037173889 | R6: =IF(R5=0,0,VLOOKUP(J6,J10:S40,R5,FALSE)) -> 1.0702837 | S6: =IF(S5=0,0,VLOOKUP(J6,J10:S40,S5,FALSE)) -> -0.14499577 | U6: =U5 -> 1 | V6: =V5+1 -> 205
A7: =ROUND(CONCATENATE(U7,V7),0) -> 1206 | B7: N° do certificado : | D7: E0643A/25 | J7: =CONCATENATE(J5,2) -> 62 | K7: =IF(K5=0,0,VLOOKUP(J7,J10:S40,K5,FALSE)) -> 0 | L7: =IF(L5=0,0,VLOOKUP(J7,J10:S40,L5,FALSE)) -> 0 | M7: =IF(M5=0,0,VLOOKUP(J7,J10:S40,M5,FALSE)) -> 0 | N7: =IF(N5=0,0,VLOOKUP(J7,J10:S40,N5,FALSE)) -> 0 | O7: =IF(O5=0,0,VLOOKUP(J7,J10:S40,O5,FALSE)) -> 1.4325496e-08 | P7: =IF(P5=0,0,VLOOKUP(J7,J10:S40,P5,FALSE)) -> 2.9658369e-06 | Q7: =IF(Q5=0,0,VLOOKUP(J7,J10:S40,Q5,FALSE)) -> 0.00020607722 | R7: =IF(R5=0,0,VLOOKUP(J7,J10:S40,R5,FALSE)) -> 0.0053744503 | S7: =IF(S5=0,0,VLOOKUP(J7,J10:S40,S5,FALSE)) -> 0.039585232 | U7: =U6 -> 1 | V7: =V6+1 -> 206
A8: =ROUND(CONCATENATE(U8,V8),0) -> 1207 | B8: Data da Calibração : | D8: 45910 | J8: =CONCATENATE(J5,3) -> 63 | N8: Veff curva = | O8: =J5-2 -> 4 | P8: Residuo = | Q8: =VLOOKUP(J8,J10:S40,3,FALSE) -> 0.008987612 | R8: R² = | S8: =VLOOKUP(J8,J10:S40,2,FALSE) -> 0.99999998 | U8: =U7 -> 1 | V8: =V7+1 -> 207
A9: =ROUND(CONCATENATE(U9,V9),0) -> 1208 | B9: Vencimento da Calibração : | D9: 46295 | K9: 3 | L9: 3 | U9: =U8 -> 1 | V9: =V8+1 -> 208
A10: =ROUND(CONCATENATE(U10,V10),0) -> 1209 | B10: Divisão de escala : | D10: 0.01 | E10: Unidade calibrada : | H10: %ur | J10: =CONCATENATE(K9,1) -> 31 | K10: {=LINEST(B18:B20,C18:C20^{1},TRUE,TRUE)} -> 0.98424808 | L10: 0.41678369 | U10: =U9 -> 1 | V10: =V9+1 -> 209
A11: =ROUND(CONCATENATE(U11,V11),0) -> 1210 | B11: Faixa de medição : | D11: =MIN(B18:B27) -> 10 | E11: ~ | F11: =MAX(B18:B27) -> 90 | G11: =IF(H10="","",H10) -> %ur | J11: =CONCATENATE(K9,2) -> 32 | K11: 0.0019575744 | L11: 0.067207056 | U11: =U10 -> 1 | V11: =V10+1 -> 210
A12: =ROUND(CONCATENATE(U12,V12),0) -> 1211 | J12: =CONCATENATE(K9,3) -> 33 | K12: 0.99999604 | L12: 0.056254574 | U12: =U11 -> 1 | V12: =V11+1 -> 211
A13: =ROUND(CONCATENATE(U13,V13),0) -> 1212 | B13: Valores da Calibração Atual | G13: Calibração Anterior | K13: 4 | L13: 4 | M13: 4 | U13: =U12 -> 1 | V13: =V12+1 -> 212
A14: =ROUND(CONCATENATE(U14,V14),0) -> 1213 | B14: Certificado de calibração : | E14: =D7 -> E0643A/25 | G14: Certificado : | H14: E0369A/24 | J14: =CONCATENATE(K13,1) -> 41 | K14: {=LINEST(B18:B21,C18:C21^{1,2},TRUE,TRUE)} -> 9.0170812e-05 | L14: 0.97987517 | M14: 0.44910966 | U14: =U13 -> 1 | V14: =V13+1 -> 213
A15: =ROUND(CONCATENATE(U15,V15),0) -> 1214 | B15: Valor | C15: Leitura do | D15: Incerteza | F15: Grau | G15: Valor | H15: Leitura do | J15: =CONCATENATE(K13,2) -> 42 | K15: 0.00011619961 | L15: 0.0095578096 | M15: 0.1600285 | U15: =U14 -> 1 | V15: =V14+1 -> 214
A16: =ROUND(CONCATENATE(U16,V16),0) -> 1215 | B16: Referência | C16: Instrumento | D16: de Medição | E16: k | F16: de liberdade | G16: Referência | H16: Instrumento | J16: =CONCATENATE(K13,3) -> 43 | K16: 0.99999548 | L16: 0.095097274 | M16: #N/A | U16: =U15 -> 1 | V16: =V15+1 -> 215
A17: =ROUND(CONCATENATE(U17,V17),0) -> 1216 | B17: =H10 -> %ur | C17: =B17 -> %ur | D17: =C17 -> %ur | G17: =D17 -> %ur | H17: =G17 -> %ur | K17: 5 | L17: 5 | M17: 5 | N17: 5 | U17: =U16 -> 1 | V17: =V16+1 -> 216
A18: =ROUND(CONCATENATE(U18,V18),0) -> 1217 | B18: 10 | C18: 9.76 | D18: 0.81 | E18: 2 | F18: 1000000 | G18: 10 | H18: 9.45 | J18: =CONCATENATE(K17,1) -> 51 | K18: {=LINEST(B18:B22,C18:C22^{1,2,3},TRUE,TRUE)} -> 3.4931099e-07 | L18: -4.6379147e-06 | M18: 0.98488733 | N18: 0.39738654 | U18: =U17 -> 1 | V18: =V17+1 -> 217
A19: =ROUND(CONCATENATE(U19,V19),0) -> 1218 | B19: 30 | C19: 30.01 | D19: 0.94 | E19: 2 | F19: 1000000 | G19: 30.01 | H19: 29.66 | J19: =CONCATENATE(K17,2) -> 52 | K19: 5.5514214e-06 | L19: 0.000752145 | M19: 0.028926047 | N19: 0.28796205 | U19: =U18 -> 1 | V19: =V18+1 -> 218
A20: =ROUND(CONCATENATE(U20,V20),0) -> 1219 | B20: 50 | C20: 50.4 | D20: 1.1 | E20: 2 | F20: 1000000 | G20: 50 | H20: 50.5 | J20: =CONCATENATE(K17,3) -> 53 | K20: 0.99999629 | L20: 0.11032571 | M20: #N/A | N20: #N/A | U20: =U19 -> 1 | V20: =V19+1 -> 219
A21: =ROUND(CONCATENATE(U21,V21),0) -> 1220 | B21: 70 | C21: 70.5 | D21: 1.1 | E21: 2 | F21: 1000000 | G21: 70 | H21: 71.4 | K21: 6 | L21: 6 | M21: 6 | N21: 6 | O21: 6 | U21: =U20 -> 1 | V21: =V20+1 -> 220
A22: =ROUND(CONCATENATE(U22,V22),0) -> 1221 | B22: 80 | C22: 80.7 | D22: 1.2 | E22: 2 | F22: 1000000 | G22: 80 | H22: 82.1 | J22: =CONCATENATE(K21,1) -> 61 | K22: {=LINEST(B18:B23,C18:C23^{1,2,3,4},TRUE,TRUE)} -> -3.2655712e-07 | L22: 6.0579676e-05 | M22: -0.0037173889 | N22: 1.0702837 | O22: -0.14499577 | U22: =U21 -> 1 | V22: =V21+1 -> 221
A23: =ROUND(CONCATENATE(U23,V23),0) -> 1222 | B23: 90 | C23: 91.3 | D23: 1.2 | E23: 2 | F23: 1000000 | G23: 90 | H23: 92.8 | J23: =CONCATENATE(K21,2) -> 62 | K23: 1.4325496e-08 | L23: 2.9658369e-06 | M23: 0.00020607722 | N23: 0.0053744503 | O23: 0.039585232 | U23: =U22 -> 1 | V23: =V22+1 -> 222
A24: =ROUND(CONCATENATE(U24,V24),0) -> 1223 | J24: =CONCATENATE(K21,3) -> 63 | K24: 0.99999998 | L24: 0.008987612 | M24: #N/A | N24: #N/A | O24: #N/A | U24: =U23 -> 1 | V24: =V23+1 -> 223
A25: =ROUND(CONCATENATE(U25,V25),0) -> 1224 | K25: 7 | L25: 7 | M25: 7 | N25: 7 | O25: 7 | P25: 7 | U25: =U24 -> 1 | V25: =V24+1 -> 224
A26: =ROUND(CONCATENATE(U26,V26),0) -> 1225 | J26: =CONCATENATE(K25,1) -> 71 | K26: {=LINEST(B18:B24,C18:C24^{1,2,3,4,5},TRUE,TRUE)} -> #VALUE! | L26: #VALUE! | M26: #VALUE! | N26: #VALUE! | O26: #VALUE! | P26: #VALUE! | U26: =U25 -> 1 | V26: =V25+1 -> 225
A27: =ROUND(CONCATENATE(U27,V27),0) -> 1226 | J27: =CONCATENATE(K25,2) -> 72 | K27: #VALUE! | L27: #VALUE! | M27: #VALUE! | N27: #VALUE! | O27: #VALUE! | P27: #VALUE! | U27: =U26 -> 1 | V27: =V26+1 -> 226
A28: =ROUND(CONCATENATE(U28,V28),0) -> 1227 | J28: =CONCATENATE(K25,3) -> 73 | K28: #VALUE! | L28: #VALUE! | M28: #VALUE! | N28: #VALUE! | O28: #VALUE! | P28: #VALUE! | U28: =U27 -> 1 | V28: =V27+1 -> 227
A29: =ROUND(CONCATENATE(U29,V29),0) -> 1228 | B29: Observações (particularidades para utilização) | K29: 8 | L29: 8 | M29: 8 | N29: 8 | O29: 8 | P29: 8 | Q29: 8 | U29: =U28 -> 1 | V29: =V28+1 -> 228
A30: =ROUND(CONCATENATE(U30,V30),0) -> 1229 | J30: =CONCATENATE(K29,1) -> 81 | K30: {=LINEST(B18:B25,C18:C25^{1,2,3,4,5,6},TRUE,TRUE)} -> #VALUE! | L30: #VALUE! | M30: #VALUE! | N30: #VALUE! | O30: #VALUE! | P30: #VALUE! | Q30: #VALUE! | U30: =U29 -> 1 | V30: =V29+1 -> 229
A31: =ROUND(CONCATENATE(U31,V31),0) -> 1230 | J31: =CONCATENATE(K29,2) -> 82 | K31: #VALUE! | L31: #VALUE! | M31: #VALUE! | N31: #VALUE! | O31: #VALUE! | P31: #VALUE! | Q31: #VALUE! | U31: =U30 -> 1 | V31: =V30+1 -> 230
A32: =ROUND(CONCATENATE(U32,V32),0) -> 1231 | J32: =CONCATENATE(K29,3) -> 83 | K32: #VALUE! | L32: #VALUE! | M32: #VALUE! | N32: #VALUE! | O32: #VALUE! | P32: #VALUE! | Q32: #VALUE! | U32: =U31 -> 1 | V32: =V31+1 -> 231
A33: =ROUND(CONCATENATE(U33,V33),0) -> 1232 | B33: Erro Atual | C33: Erro Anterior | D33: Diferença | E33: Maior Deriva | K33: 9 | L33: 9 | M33: 9 | N33: 9 | O33: 9 | P33: 9 | Q33: 9 | R33: 9 | U33: =U32 -> 1 | V33: =V32+1 -> 232
A34: =ROUND(CONCATENATE(U34,V34),0) -> 1233 | B34: =C18-B18 -> -0.24 | C34: =H18-G18 -> -0.55 | D34: =C34-B34 -> -0.31 | E34: =IF(D9="","",MAX(F34,G34)) -> 1.5 | F34: =ABS(MIN(D34:D43)) -> 0.36 | G34: =ABS(MAX(D34:D43)) -> 1.5 | J34: =CONCATENATE(K33,1) -> 91 | K34: {=LINEST(B18:B26,C18:C26^{1,2,3,4,5,6,7},TRUE,TRUE)} -> #VALUE! | L34: #VALUE! | M34: #VALUE! | N34: #VALUE! | O34: #VALUE! | P34: #VALUE! | Q34: #VALUE! | R34: #VALUE! | U34: =U33 -> 1 | V34: =V33+1 -> 233
A35: =ROUND(CONCATENATE(U35,V35),0) -> 1234 | B35: =C19-B19 -> 0.01 | C35: =H19-G19 -> -0.35 | D35: =C35-B35 -> -0.36 | E35: Desvio Máximo | J35: =CONCATENATE(K33,2) -> 92 | K35: #VALUE! | L35: #VALUE! | M35: #VALUE! | N35: #VALUE! | O35: #VALUE! | P35: #VALUE! | Q35: #VALUE! | R35: #VALUE! | U35: =U34 -> 1 | V35: =V34+1 -> 234
A36: =ROUND(CONCATENATE(U36,V36),0) -> 1235 | B36: =C20-B20 -> 0.4 | C36: =H20-G20 -> 0.5 | D36: =C36-B36 -> 0.1 | E36: =IF(D9="","",MAX(F36,G36)) -> 1.3 | F36: =ABS(MIN(B34:B43)) -> 0.24 | G36: =ABS(MAX(B34:B43)) -> 1.3 | J36: =CONCATENATE(K33,3) -> 93 | K36: #VALUE! | L36: #VALUE! | M36: #VALUE! | N36: #VALUE! | O36: #VALUE! | P36: #VALUE! | Q36: #VALUE! | R36: #VALUE! | U36: =U35 -> 1 | V36: =V35+1 -> 235
A37: =ROUND(CONCATENATE(U37,V37),0) -> 1236 | B37: =C21-B21 -> 0.5 | C37: =H21-G21 -> 1.4 | D37: =C37-B37 -> 0.9 | E37: Maior incerteza (em unidade) | K37: 10 | L37: 10 | M37: 10 | N37: 10 | O37: 10 | P37: 10 | Q37: 10 | R37: 10 | S37: 10 | U37: =U36 -> 1 | V37: =V36+1 -> 236
A38: =ROUND(CONCATENATE(U38,V38),0) -> 1237 | B38: =C22-B22 -> 0.7 | C38: =H22-G22 -> 2.1 | D38: =C38-B38 -> 1.4 | E38: =IF(D9="","",MAX(F38,G38)) -> 1.2 | F38: =ABS(MIN(D18:D27)) -> 0.81 | G38: =ABS(MAX(D18:D27)) -> 1.2 | J38: =CONCATENATE(K37,1) -> 101 | K38: {=LINEST(B18:B27,C18:C27^{1,2,3,4,5,6,7,8},TRUE,TRUE)} -> #VALUE! | L38: #VALUE! | M38: #VALUE! | N38: #VALUE! | O38: #VALUE! | P38: #VALUE! | Q38: #VALUE! | R38: #VALUE! | S38: #VALUE! | U38: =U37 -> 1 | V38: =V37+1 -> 237
A39: =ROUND(CONCATENATE(U39,V39),0) -> 1238 | B39: =C23-B23 -> 1.3 | C39: =H23-G23 -> 2.8 | D39: =C39-B39 -> 1.5 | J39: =CONCATENATE(K37,2) -> 102 | K39: #VALUE! | L39: #VALUE! | M39: #VALUE! | N39: #VALUE! | O39: #VALUE! | P39: #VALUE! | Q39: #VALUE! | R39: #VALUE! | S39: #VALUE! | U39: =U38 -> 1 | V39: =V38+1 -> 238
A40: =ROUND(CONCATENATE(U40,V40),0) -> 1239 | B40: =C24-B24 -> 0 | C40: =H24-G24 -> 0 | D40: =C40-B40 -> 0 | J40: =CONCATENATE(K37,3) -> 103 | K40: #VALUE! | L40: #VALUE! | M40: #VALUE! | N40: #VALUE! | O40: #VALUE! | P40: #VALUE! | Q40: #VALUE! | R40: #VALUE! | S40: #VALUE! | U40: =U39 -> 1 | V40: =V39+1 -> 239
A41: =ROUND(CONCATENATE(U41,V41),0) -> 1240 | B41: =C25-B25 -> 0 | C41: =H25-G25 -> 0 | D41: =C41-B41 -> 0 | U41: =U40 -> 1 | V41: =V40+1 -> 240
A42: =ROUND(CONCATENATE(U42,V42),0) -> 1241 | B42: =C26-B26 -> 0 | C42: =H26-G26 -> 0 | D42: =C42-B42 -> 0 | U42: =U41 -> 1 | V42: =V41+1 -> 241
A43: =ROUND(CONCATENATE(U43,V43),0) -> 1242 | B43: =C27-B27 -> 0 | C43: =H27-G27 -> 0 | D43: =C43-B43 -> 0 | U43: =U42 -> 1 | V43: =V42+1 -> 242
A44: =ROUND(CONCATENATE(U44,V44),0) -> 1243 | U44: =U43 -> 1 | V44: =V43+1 -> 243
A46: =ROUND(CONCATENATE(U46,V46),0) -> 2201 | B46: Padrão : | D46: Termohigrômetro Digital | U46: =U44+1 -> 2 | V46: 201
A47: =ROUND(CONCATENATE(U47,V47),0) -> 2202 | B47: Temperatura da Calibração : | D47: 20 | E47: °C | U47: =U46 -> 2 | V47: =V46+1 -> 202
A48: =ROUND(CONCATENATE(U48,V48),0) -> 2203 | B48: Identificação : | D48: EL-797 | K48: X8 | L48: X7 | M48: X6 | N48: X5 | O48: X4 | P48: X3 | Q48: X2 | R48: X1 | S48: X0 | U48: =U47 -> 2 | V48: =V47+1 -> 203
A49: =ROUND(CONCATENATE(U49,V49),0) -> 2204 | B49: Orgão Calibrador : | D49: Elus | J49: =COUNTA(B62:B71) -> 3 | K49: =IF(L49-1<2,0,L49-1) -> 0 | L49: =IF(M49-1<2,0,M49-1) -> 0 | M49: =IF(N49-1<2,0,N49-1) -> 0 | N49: =IF(O49-1<2,0,O49-1) -> 0 | O49: =IF(P49-1<2,0,P49-1) -> 0 | P49: =IF(Q49-1<2,0,Q49-1) -> 0 | Q49: =IF(R49-1<2,0,R49-1) -> 0 | R49: =IF(S49-1<2,0,S49-1) -> 2 | S49: =J49 -> 3 | U49: =U48 -> 2 | V49: =V48+1 -> 204
A50: =ROUND(CONCATENATE(U50,V50),0) -> 2205 | B50: Rastreabilidade : | D50: RBC - CAL 0439 | J50: =CONCATENATE(J49,1) -> 31 | K50: =IF(K49=0,0,VLOOKUP(J50,J54:S84,K49,FALSE)) -> 0 | L50: =IF(L49=0,0,VLOOKUP(J50,J54:S84,L49,FALSE)) -> 0 | M50: =IF(M49=0,0,VLOOKUP(J50,J54:S84,M49,FALSE)) -> 0 | N50: =IF(N49=0,0,VLOOKUP(J50,J54:S84,N49,FALSE)) -> 0 | O50: =IF(O49=0,0,VLOOKUP(J50,J54:S84,O49,FALSE)) -> 0 | P50: =IF(P49=0,0,VLOOKUP(J50,J54:S84,P49,FALSE)) -> 0 | Q50: =IF(Q49=0,0,VLOOKUP(J50,J54:S84,Q49,FALSE)) -> 0 | R50: =IF(R49=0,0,VLOOKUP(J50,J54:S84,R49,FALSE)) -> 1.1651179 | S50: =IF(S49=0,0,VLOOKUP(J50,J54:S84,S49,FALSE)) -> -11.136526 | U50: =U49 -> 2 | V50: =V49+1 -> 205
A51: =ROUND(CONCATENATE(U51,V51),0) -> 2206 | B51: N° do certificado : | D51: R51822/23 | J51: =CONCATENATE(J49,2) -> 32 | K51: =IF(K49=0,0,VLOOKUP(J51,J54:S84,K49,FALSE)) -> 0 | L51: =IF(L49=0,0,VLOOKUP(J51,J54:S84,L49,FALSE)) -> 0 | M51: =IF(M49=0,0,VLOOKUP(J51,J54:S84,M49,FALSE)) -> 0 | N51: =IF(N49=0,0,VLOOKUP(J51,J54:S84,N49,FALSE)) -> 0 | O51: =IF(O49=0,0,VLOOKUP(J51,J54:S84,O49,FALSE)) -> 0 | P51: =IF(P49=0,0,VLOOKUP(J51,J54:S84,P49,FALSE)) -> 0 | Q51: =IF(Q49=0,0,VLOOKUP(J51,J54:S84,Q49,FALSE)) -> 0 | R51: =IF(R49=0,0,VLOOKUP(J51,J54:S84,R49,FALSE)) -> 0.02476127 | S51: =IF(S49=0,0,VLOOKUP(J51,J54:S84,S49,FALSE)) -> 1.4380024 | U51: =U50 -> 2 | V51: =V50+1 -> 206
A52: =ROUND(CONCATENATE(U52,V52),0) -> 2207 | B52: Data da Calibração : | D52: 45064 | J52: =CONCATENATE(J49,3) -> 33 | N52: Veff curva = | O52: =J49-2 -> 1 | P52: Residuo = | Q52: =VLOOKUP(J52,J54:S84,3,FALSE) -> 0.75619907 | R52: R² = | S52: =VLOOKUP(J52,J54:S84,2,FALSE) -> 0.99954855 | U52: =U51 -> 2 | V52: =V51+1 -> 207
A53: =ROUND(CONCATENATE(U53,V53),0) -> 2208 | B53: Vencimento da Calibração : | D53: 45443 | K53: 3 | L53: 3 | U53: =U52 -> 2 | V53: =V52+1 -> 208
A54: =ROUND(CONCATENATE(U54,V54),0) -> 2209 | B54: Divisão de escala : | D54: 1 | E54: Unidade calibrada : | H54: %ur | J54: =CONCATENATE(K53,1) -> 31 | K54: {=LINEST(B62:B64,C62:C64^{1},TRUE,TRUE)} -> 1.1651179 | L54: -11.136526 | U54: =U53 -> 2 | V54: =V53+1 -> 209
A55: =ROUND(CONCATENATE(U55,V55),0) -> 2210 | B55: Faixa de medição : | D55: =MIN(B62:B71) -> 30 | E55: ~ | F55: =MAX(B62:B71) -> 80 | G55: =IF(H54="","",H54) -> %ur | J55: =CONCATENATE(K53,2) -> 32 | K55: 0.02476127 | L55: 1.4380024 | U55: =U54 -> 2 | V55: =V54+1 -> 210
A56: =ROUND(CONCATENATE(U56,V56),0) -> 2211 | J56: =CONCATENATE(K53,3) -> 33 | K56: 0.99954855 | L56: 0.75619907 | U56: =U55 -> 2 | V56: =V55+1 -> 211
A57: =ROUND(CONCATENATE(U57,V57),0) -> 2212 | B57: Valores da Calibração Atual | G57: Calibração Anterior | K57: 4 | L57: 4 | M57: 4 | U57: =U56 -> 2 | V57: =V56+1 -> 212
A58: =ROUND(CONCATENATE(U58,V58),0) -> 2213 | B58: Certificado de calibração : | E58: =D51 -> R51822/23 | G58: Certificado : | H58: R0227/22 | J58: =CONCATENATE(K57,1) -> 41 | K58: {=LINEST(B62:B65,C62:C65^{1,2},TRUE,TRUE)} -> #VALUE! | L58: #VALUE! | M58: #VALUE! | U58: =U57 -> 2 | V58: =V57+1 -> 213
A59: =ROUND(CONCATENATE(U59,V59),0) -> 2214 | B59: Valor | C59: Leitura do | D59: Incerteza | F59: Grau | G59: Valor | H59: Leitura do | J59: =CONCATENATE(K57,2) -> 42 | K59: #VALUE! | L59: #VALUE! | M59: #VALUE! | U59: =U58 -> 2 | V59: =V58+1 -> 214
A60: =ROUND(CONCATENATE(U60,V60),0) -> 2215 | B60: Referência | C60: Instrumento | D60: de Medição | E60: k | F60: de liberdade | G60: Referência | H60: Instrumento | J60: =CONCATENATE(K57,3) -> 43 | K60: #VALUE! | L60: #VALUE! | M60: #VALUE! | U60: =U59 -> 2 | V60: =V59+1 -> 215
A61: =ROUND(CONCATENATE(U61,V61),0) -> 2216 | B61: =H54 -> %ur | C61: =B61 -> %ur | D61: =C61 -> %ur | G61: =D61 -> %ur | H61: =G61 -> %ur | K61: 5 | L61: 5 | M61: 5 | N61: 5 | U61: =U60 -> 2 | V61: =V60+1 -> 216
A62: =ROUND(CONCATENATE(U62,V62),0) -> 2217 | B62: 30 | C62: 35 | D62: 1 | E62: 2.01 | F62: 362 | G62: 30 | H62: 35 | J62: =CONCATENATE(K61,1) -> 51 | K62: {=LINEST(B62:B66,C62:C66^{1,2,3},TRUE,TRUE)} -> #VALUE! | L62: #VALUE! | M62: #VALUE! | N62: #VALUE! | U62: =U61 -> 2 | V62: =V61+1 -> 217
A63: =ROUND(CONCATENATE(U63,V63),0) -> 2218 | B63: 50 | C63: 53 | D63: 1 | E63: 2 | F63: 1000000 | G63: 50 | H63: 52 | J63: =CONCATENATE(K61,2) -> 52 | K63: #VALUE! | L63: #VALUE! | M63: #VALUE! | N63: #VALUE! | U63: =U62 -> 2 | V63: =V62+1 -> 218
A64: =ROUND(CONCATENATE(U64,V64),0) -> 2219 | B64: 80 | C64: 78 | D64: 2 | E64: 2 | F64: 1000000 | G64: 80 | H64: 78 | J64: =CONCATENATE(K61,3) -> 53 | K64: #VALUE! | L64: #VALUE! | M64: #VALUE! | N64: #VALUE! | U64: =U63 -> 2 | V64: =V63+1 -> 219
A65: =ROUND(CONCATENATE(U65,V65),0) -> 2220 | K65: 6 | L65: 6 | M65: 6 | N65: 6 | O65: 6 | U65: =U64 -> 2 | V65: =V64+1 -> 220
A66: =ROUND(CONCATENATE(U66,V66),0) -> 2221 | J66: =CONCATENATE(K65,1) -> 61 | K66: {=LINEST(B62:B67,C62:C67^{1,2,3,4},TRUE,TRUE)} -> #VALUE! | L66: #VALUE! | M66: #VALUE! | N66: #VALUE! | O66: #VALUE! | U66: =U65 -> 2 | V66: =V65+1 -> 221
A67: =ROUND(CONCATENATE(U67,V67),0) -> 2222 | J67: =CONCATENATE(K65,2) -> 62 | K67: #VALUE! | L67: #VALUE! | M67: #VALUE! | N67: #VALUE! | O67: #VALUE! | U67: =U66 -> 2 | V67: =V66+1 -> 222
A68: =ROUND(CONCATENATE(U68,V68),0) -> 2223 | J68: =CONCATENATE(K65,3) -> 63 | K68: #VALUE! | L68: #VALUE! | M68: #VALUE! | N68: #VALUE! | O68: #VALUE! | U68: =U67 -> 2 | V68: =V67+1 -> 223
A69: =ROUND(CONCATENATE(U69,V69),0) -> 2224 | K69: 7 | L69: 7 | M69: 7 | N69: 7 | O69: 7 | P69: 7 | U69: =U68 -> 2 | V69: =V68+1 -> 224
A70: =ROUND(CONCATENATE(U70,V70),0) -> 2225 | J70: =CONCATENATE(K69,1) -> 71 | K70: {=LINEST(B62:B68,C62:C68^{1,2,3,4,5},TRUE,TRUE)} -> #VALUE! | L70: #VALUE! | M70: #VALUE! | N70: #VALUE! | O70: #VALUE! | P70: #VALUE! | U70: =U69 -> 2 | V70: =V69+1 -> 225
A71: =ROUND(CONCATENATE(U71,V71),0) -> 2226 | J71: =CONCATENATE(K69,2) -> 72 | K71: #VALUE! | L71: #VALUE! | M71: #VALUE! | N71: #VALUE! | O71: #VALUE! | P71: #VALUE! | U71: =U70 -> 2 | V71: =V70+1 -> 226
A72: =ROUND(CONCATENATE(U72,V72),0) -> 2227 | J72: =CONCATENATE(K69,3) -> 73 | K72: #VALUE! | L72: #VALUE! | M72: #VALUE! | N72: #VALUE! | O72: #VALUE! | P72: #VALUE! | U72: =U71 -> 2 | V72: =V71+1 -> 227
A73: =ROUND(CONCATENATE(U73,V73),0) -> 2228 | B73: Observações (particularidades para utilização) | K73: 8 | L73: 8 | M73: 8 | N73: 8 | O73: 8 | P73: 8 | Q73: 8 | U73: =U72 -> 2 | V73: =V72+1 -> 228
A74: =ROUND(CONCATENATE(U74,V74),0) -> 2229 | J74: =CONCATENATE(K73,1) -> 81 | K74: {=LINEST(B62:B69,C62:C69^{1,2,3,4,5,6},TRUE,TRUE)} -> #VALUE! | L74: #VALUE! | M74: #VALUE! | N74: #VALUE! | O74: #VALUE! | P74: #VALUE! | Q74: #VALUE! | U74: =U73 -> 2 | V74: =V73+1 -> 229
A75: =ROUND(CONCATENATE(U75,V75),0) -> 2230 | J75: =CONCATENATE(K73,2) -> 82 | K75: #VALUE! | L75: #VALUE! | M75: #VALUE! | N75: #VALUE! | O75: #VALUE! | P75: #VALUE! | Q75: #VALUE! | U75: =U74 -> 2 | V75: =V74+1 -> 230
A76: =ROUND(CONCATENATE(U76,V76),0) -> 2231 | J76: =CONCATENATE(K73,3) -> 83 | K76: #VALUE! | L76: #VALUE! | M76: #VALUE! | N76: #VALUE! | O76: #VALUE! | P76: #VALUE! | Q76: #VALUE! | U76: =U75 -> 2 | V76: =V75+1 -> 231
A77: =ROUND(CONCATENATE(U77,V77),0) -> 2232 | B77: Erro Atual | C77: Erro Anterior | D77: Diferença | E77: Maior Deriva | K77: 9 | L77: 9 | M77: 9 | N77: 9 | O77: 9 | P77: 9 | Q77: 9 | R77: 9 | U77: =U76 -> 2 | V77: =V76+1 -> 232
A78: =ROUND(CONCATENATE(U78,V78),0) -> 2233 | B78: =C62-B62 -> 5 | C78: =H62-G62 -> 5 | D78: =C78-B78 -> 0 | E78: =IF(D53="","",MAX(F78,G78)) -> 1 | F78: =ABS(MIN(D78:D87)) -> 1 | G78: =ABS(MAX(D78:D87)) -> 0 | J78: =CONCATENATE(K77,1) -> 91 | K78: {=LINEST(B62:B70,C62:C70^{1,2,3,4,5,6,7},TRUE,TRUE)} -> #VALUE! | L78: #VALUE! | M78: #VALUE! | N78: #VALUE! | O78: #VALUE! | P78: #VALUE! | Q78: #VALUE! | R78: #VALUE! | U78: =U77 -> 2 | V78: =V77+1 -> 233
A79: =ROUND(CONCATENATE(U79,V79),0) -> 2234 | B79: =C63-B63 -> 3 | C79: =H63-G63 -> 2 | D79: =C79-B79 -> -1 | E79: Desvio Máximo | J79: =CONCATENATE(K77,2) -> 92 | K79: #VALUE! | L79: #VALUE! | M79: #VALUE! | N79: #VALUE! | O79: #VALUE! | P79: #VALUE! | Q79: #VALUE! | R79: #VALUE! | U79: =U78 -> 2 | V79: =V78+1 -> 234
A80: =ROUND(CONCATENATE(U80,V80),0) -> 2235 | B80: =C64-B64 -> -2 | C80: =H64-G64 -> -2 | D80: =C80-B80 -> 0 | E80: =IF(D53="","",MAX(F80,G80)) -> 5 | F80: =ABS(MIN(B78:B87)) -> 2 | G80: =ABS(MAX(B78:B87)) -> 5 | J80: =CONCATENATE(K77,3) -> 93 | K80: #VALUE! | L80: #VALUE! | M80: #VALUE! | N80: #VALUE! | O80: #VALUE! | P80: #VALUE! | Q80: #VALUE! | R80: #VALUE! | U80: =U79 -> 2 | V80: =V79+1 -> 235
A81: =ROUND(CONCATENATE(U81,V81),0) -> 2236 | B81: =C65-B65 -> 0 | C81: =H65-G65 -> 0 | D81: =C81-B81 -> 0 | E81: Maior incerteza (em unidade) | K81: 10 | L81: 10 | M81: 10 | N81: 10 | O81: 10 | P81: 10 | Q81: 10 | R81: 10 | S81: 10 | U81: =U80 -> 2 | V81: =V80+1 -> 236
A82: =ROUND(CONCATENATE(U82,V82),0) -> 2237 | B82: =C66-B66 -> 0 | C82: =H66-G66 -> 0 | D82: =C82-B82 -> 0 | E82: =IF(D53="","",MAX(F82,G82)) -> 2 | F82: =ABS(MIN(D62:D71)) -> 1 | G82: =ABS(MAX(D62:D71)) -> 2 | J82: =CONCATENATE(K81,1) -> 101 | K82: {=LINEST(B62:B71,C62:C71^{1,2,3,4,5,6,7,8},TRUE,TRUE)} -> #VALUE! | L82: #VALUE! | M82: #VALUE! | N82: #VALUE! | O82: #VALUE! | P82: #VALUE! | Q82: #VALUE! | R82: #VALUE! | S82: #VALUE! | U82: =U81 -> 2 | V82: =V81+1 -> 237
A83: =ROUND(CONCATENATE(U83,V83),0) -> 2238 | B83: =C67-B67 -> 0 | C83: =H67-G67 -> 0 | D83: =C83-B83 -> 0 | J83: =CONCATENATE(K81,2) -> 102 | K83: #VALUE! | L83: #VALUE! | M83: #VALUE! | N83: #VALUE! | O83: #VALUE! | P83: #VALUE! | Q83: #VALUE! | R83: #VALUE! | S83: #VALUE! | U83: =U82 -> 2 | V83: =V82+1 -> 238
A84: =ROUND(CONCATENATE(U84,V84),0) -> 2239 | B84: =C68-B68 -> 0 | C84: =H68-G68 -> 0 | D84: =C84-B84 -> 0 | J84: =CONCATENATE(K81,3) -> 103 | K84: #VALUE! | L84: #VALUE! | M84: #VALUE! | N84: #VALUE! | O84: #VALUE! | P84: #VALUE! | Q84: #VALUE! | R84: #VALUE! | S84: #VALUE! | U84: =U83 -> 2 | V84: =V83+1 -> 239
A85: =ROUND(CONCATENATE(U85,V85),0) -> 2240 | B85: =C69-B69 -> 0 | C85: =H69-G69 -> 0 | D85: =C85-B85 -> 0 | U85: =U84 -> 2 | V85: =V84+1 -> 240
A86: =ROUND(CONCATENATE(U86,V86),0) -> 2241 | B86: =C70-B70 -> 0 | C86: =H70-G70 -> 0 | D86: =C86-B86 -> 0 | U86: =U85 -> 2 | V86: =V85+1 -> 241
A87: =ROUND(CONCATENATE(U87,V87),0) -> 2242 | B87: =C71-B71 -> 0 | C87: =H71-G71 -> 0 | D87: =C87-B87 -> 0 | U87: =U86 -> 2 | V87: =V86+1 -> 242
A88: =ROUND(CONCATENATE(U88,V88),0) -> 2243 | U88: =U87 -> 2 | V88: =V87+1 -> 243
A90: =ROUND(CONCATENATE(U90,V90),0) -> 3201 | B90: Padrão : | D90: Termohigrômetro Digital | U90: =U88+1 -> 3 | V90: 201
A91: =ROUND(CONCATENATE(U91,V91),0) -> 3202 | B91: Temperatura da Calibração : | D91: 20 | E91: °C | U91: =U90 -> 3 | V91: =V90+1 -> 202
A92: =ROUND(CONCATENATE(U92,V92),0) -> 3203 | B92: Identificação : | D92: EL-800 | K92: X8 | L92: X7 | M92: X6 | N92: X5 | O92: X4 | P92: X3 | Q92: X2 | R92: X1 | S92: X0 | U92: =U91 -> 3 | V92: =V91+1 -> 203
A93: =ROUND(CONCATENATE(U93,V93),0) -> 3204 | B93: Orgão Calibrador : | D93: Elus | J93: =COUNTA(B106:B115) -> 3 | K93: =IF(L93-1<2,0,L93-1) -> 0 | L93: =IF(M93-1<2,0,M93-1) -> 0 | M93: =IF(N93-1<2,0,N93-1) -> 0 | N93: =IF(O93-1<2,0,O93-1) -> 0 | O93: =IF(P93-1<2,0,P93-1) -> 0 | P93: =IF(Q93-1<2,0,Q93-1) -> 0 | Q93: =IF(R93-1<2,0,R93-1) -> 0 | R93: =IF(S93-1<2,0,S93-1) -> 2 | S93: =J93 -> 3 | U93: =U92 -> 3 | V93: =V92+1 -> 204
A94: =ROUND(CONCATENATE(U94,V94),0) -> 3205 | B94: Rastreabilidade : | D94: RBC - CAL 0439 | J94: =CONCATENATE(J93,1) -> 31 | K94: =IF(K93=0,0,VLOOKUP(J94,J98:S128,K93,FALSE)) -> 0 | L94: =IF(L93=0,0,VLOOKUP(J94,J98:S128,L93,FALSE)) -> 0 | M94: =IF(M93=0,0,VLOOKUP(J94,J98:S128,M93,FALSE)) -> 0 | N94: =IF(N93=0,0,VLOOKUP(J94,J98:S128,N93,FALSE)) -> 0 | O94: =IF(O93=0,0,VLOOKUP(J94,J98:S128,O93,FALSE)) -> 0 | P94: =IF(P93=0,0,VLOOKUP(J94,J98:S128,P93,FALSE)) -> 0 | Q94: =IF(Q93=0,0,VLOOKUP(J94,J98:S128,Q93,FALSE)) -> 0 | R94: =IF(R93=0,0,VLOOKUP(J94,J98:S128,R93,FALSE)) -> 1.043578 | S94: =IF(S93=0,0,VLOOKUP(J94,J98:S128,S93,FALSE)) -> -4.7591743 | U94: =U93 -> 3 | V94: =V93+1 -> 205
A95: =ROUND(CONCATENATE(U95,V95),0) -> 3206 | B95: N° do certificado : | D95: R0038/14 | J95: =CONCATENATE(J93,2) -> 32 | K95: =IF(K93=0,0,VLOOKUP(J95,J98:S128,K93,FALSE)) -> 0 | L95: =IF(L93=0,0,VLOOKUP(J95,J98:S128,L93,FALSE)) -> 0 | M95: =IF(M93=0,0,VLOOKUP(J95,J98:S128,M93,FALSE)) -> 0 | N95: =IF(N93=0,0,VLOOKUP(J95,J98:S128,N93,FALSE)) -> 0 | O95: =IF(O93=0,0,VLOOKUP(J95,J98:S128,O93,FALSE)) -> 0 | P95: =IF(P93=0,0,VLOOKUP(J95,J98:S128,P93,FALSE)) -> 0 | Q95: =IF(Q93=0,0,VLOOKUP(J95,J98:S128,Q93,FALSE)) -> 0 | R95: =IF(R93=0,0,VLOOKUP(J95,J98:S128,R93,FALSE)) -> 0.019862968 | S95: =IF(S93=0,0,VLOOKUP(J95,J98:S128,S93,FALSE)) -> 1.1728125 | U95: =U94 -> 3 | V95: =V94+1 -> 206
A96: =ROUND(CONCATENATE(U96,V96),0) -> 3207 | B96: Data da Calibração : | D96: 45412 | J96: =CONCATENATE(J93,3) -> 33 | N96: Veff curva = | O96: =J93-2 -> 1 | P96: Residuo = | Q96: =VLOOKUP(J96,J98:S128,3,FALSE) -> 0.67728546 | R96: R² = | S96: =VLOOKUP(J96,J98:S128,2,FALSE) -> 0.99963786 | U96: =U95 -> 3 | V96: =V95+1 -> 207
A97: =ROUND(CONCATENATE(U97,V97),0) -> 3208 | B97: Vencimento da Calibração : | D97: 45777 | K97: 3 | L97: 3 | U97: =U96 -> 3 | V97: =V96+1 -> 208
A98: =ROUND(CONCATENATE(U98,V98),0) -> 3209 | B98: Divisão de escala : | D98: 1 | E98: Unidade calibrada : | H98: %ur | J98: =CONCATENATE(K97,1) -> 31 | K98: {=LINEST(B106:B108,C106:C108^{1},TRUE,TRUE)} -> 1.043578 | L98: -4.7591743 | U98: =U97 -> 3 | V98: =V97+1 -> 209
A99: =ROUND(CONCATENATE(U99,V99),0) -> 3210 | B99: Faixa de medição : | D99: =MIN(B106:B115) -> 30 | E99: ~ | F99: =MAX(B106:B115) -> 80 | G99: =IF(H98="","",H98) -> %ur | J99: =CONCATENATE(K97,2) -> 32 | K99: 0.019862968 | L99: 1.1728125 | U99: =U98 -> 3 | V99: =V98+1 -> 210
A100: =ROUND(CONCATENATE(U100,V100),0) -> 3211 | J100: =CONCATENATE(K97,3) -> 33 | K100: 0.99963786 | L100: 0.67728546 | U100: =U99 -> 3 | V100: =V99+1 -> 211
A101: =ROUND(CONCATENATE(U101,V101),0) -> 3212 | B101: Valores da Calibração Atual | G101: Calibração Anterior | K101: 4 | L101: 4 | M101: 4 | U101: =U100 -> 3 | V101: =V100+1 -> 212
A102: =ROUND(CONCATENATE(U102,V102),0) -> 3213 | B102: Certificado de calibração : | E102: =D95 -> R0038/14 | G102: Certificado : | H102: R0114/23 | J102: =CONCATENATE(K101,1) -> 41 | K102: {=LINEST(B106:B109,C106:C109^{1,2},TRUE,TRUE)} -> #VALUE! | L102: #VALUE! | M102: #VALUE! | U102: =U101 -> 3 | V102: =V101+1 -> 213
...

Sheet Histórico de revisões
A1: Histórico de revisões do Formulário:
A3: N° do documento | C3: Banco de dados - Umidade
A4: 1ª Revisão | C4: 0 | D4: =B8 -> 44872 | E4: por : | F4: Caio C.
A5: Ultima Revisão | C5: =MAX(A8:A82) -> 14 | D5: =VLOOKUP(C5,A8:C82,2,FALSE) -> 46076 | E5: por : | F5: =VLOOKUP(C5,A8:C82,3,FALSE) -> Caio Cesar
A7: Revisão | B7: Data | C7: Revisado por: | D7: Verificado por: | E7: Descrição das alterações:
A8: 0 | B8: 44872 | C8: Caio Cesar | D8: Julio Cesar | E8: Primeira revisão
A9: =IF(E9="","",MAX($A$8:A8)+1) -> 1 | B9: 44872 | C9: Caio Cesar | D9: Julio Cesar | E9: Atualização dos padrões EL-130
A10: =IF(E10="","",MAX($A$8:A9)+1) -> 2 | B10: 45034 | C10: Caio Cesar | D10: Julio Cesar | E10: Atualização dos padrões EL-949/953/955/956/800 e inclusão EL-1216/1217.
A11: =IF(E11="","",MAX($A$8:A10)+1) -> 3 | B11: 45075 | C11: Caio Cesar | D11: Julio Cesar | E11: Atualização dos padrões EL-797.
A12: =IF(E12="","",MAX($A$8:A11)+1) -> 4 | B12: 45107 | C12: Caio Cesar | D12: Julio Cesar | E12: Atualização dos padrões EL-1078/1080/1081/1086/1087/1088/1079/1084/1084/1094.
A13: =IF(E13="","",MAX($A$8:A12)+1) -> 5 | B13: 45176 | C13: Caio Cesar | D13: Julio Cesar | E13: Atualização dos padrões EL-226/951.
A14: 6 | B14: 45379 | C14: Caio Cesar | D14: Julio Cesar | E14: Atualização dos padrões EL-953/955/1216/1217.
A15: =IF(E15="","",MAX($A$8:A14)+1) -> 7 | B15: 45453 | C15: Caio Cesar | D15: Julio Cesar | E15: Atualização dos padrões E.TH.LT-001/002/003/004/005/006/007.
A16: =IF(E16="","",MAX($A$8:A15)+1) -> 8 | B16: 45492 | C16: Caio Cesar | D16: Julio Cesar | E16: Atualização dos padrões ambiente-CMS, E.TH.LT-011.
A17: 9 | B17: 45614 | C17: Alexandre Oliveira | D17: Julio Cesar | E17: Atualização dos padrões E. TH.LT-001/002/003/004/006/007.
A18: =IF(E18="","",MAX($A$8:A17)+1) -> 10 | B18: 45716 | C18: Caio Cesar | D18: Julio Cesar | E18: Atualização dos padrões E.TH.FS-040.
A19: =IF(E19="","",MAX($A$8:A18)+1) -> 11 | B19: 45740 | C19: Caio Cesar | D19: Julio Cesar | E19: Atualização dos padrões E.TH.FS-054/059/060/061/062.
A20: =IF(E20="","",MAX($A$8:A19)+1) -> 12 | B20: 46044 | C20: Caio Cesar | D20: Julio Cesar | E20: Atualização dos padrões E.TH.FS-001.
A21: =IF(E21="","",MAX($A$8:A20)+1) -> 13 | B21: 46058 | C21: Caio Cesar | D21: Julio Cesar | E21: Atualização dos padrões E.TH.FS-040.
A22: =IF(E22="","",MAX($A$8:A21)+1) -> 14 | B22: 46076 | C22: Caio Cesar | D22: Julio Cesar | E22: Atualização dos padrões E.TH.FS-044/051/042/043.
A23: =IF(E23="","",MAX($A$8:A22)+1)
A24: =IF(E24="","",MAX($A$8:A23)+1)
A25: =IF(E25="","",MAX($A$8:A24)+1)
A26: =IF(E26="","",MAX($A$8:A25)+1)
A27: =IF(E27="","",MAX($A$8:A26)+1)
A28: =IF(E28="","",MAX($A$8:A27)+1)
A29: =IF(E29="","",MAX($A$8:A28)+1)
A30: =IF(E30="","",MAX($A$8:A29)+1)
A31: =IF(E31="","",MAX($A$8:A30)+1)
A32: =IF(E32="","",MAX($A$8:A31)+1)
A33: =IF(E33="","",MAX($A$8:A32)+1)
A34: =IF(E34="","",MAX($A$8:A33)+1)
... A82: =IF(E82="","",MAX($A$8:A81)+1)

Sheet Planilha1
E2: 5,00 | F2: 4,32 | G2: 0,49
E3: 19,99 | F3: 18,87 | G3: 0,58
E4: 29,98 | F4: 29,36 | G4: 0,69
E5: 50,00 | F5: 49,80 | G5: 0,95
E6: 80,0 | F6: 79,87 | G6: 1,0
E7: 95,0 | F7: 94,86 | G7: 1,0
E8: 5,00 | F8: 4,35 | G8: 0,49
E9: 20,00 | F9: 19,28 | G9: 0,58
E10: 30,00 | F10: 29,90 | G10: 0,69
E11: 49,99 | F11: 50,99 | G11: 0,95 | S11: 4,22 | W11: 5,00 | Y11: 0,49
E12: 80,0 | F12: 81,46 | G12: 1,0 | S12: 19,78 | W12: 20,00 | Y12: 0,58
E13: 95,0 | F13: 97,05 | G13: 1,0 | S13: 30,05 | W13: 29,98 | Y13: 0,69
S14: 49,01 | W14: 50,00 | Y14: 0,95
S15: 80,85 | W15: 80,0 | Y15: 1,0
S16: 96,30 | W16: 95,0 | Y16: 1,0
S17: 4,25 | W17: 5,00 | Y17: 0,49
S18: 19,24 | W18: 20,00 | Y18: 0,58
E19: 5 | F19: 4.9 | G19: 0.3 | I19: =F19-E19 -> -0.1 | K19: =MIN(I19,I25,I31) -> -0.2 | L19: =MAX(I19,I25,I31) -> -0.1 | M19: =MAX((M25-L19),M25-K19) -> 0.066666667 | S19: 30,26 | W19: 30,00 | Y19: 0,69
E20: 30 | F20: 30 | G20: 0.6 | I20: =F20-E20 -> 0 | K20: =MIN(I20,I26,I32) -> -0.1 | L20: =MAX(I20,I26,I32) -> 0 | M20: =MAX((M26-L20),M26-K20) -> 0.066666667 | S20: 50,79 | W20: 49,99 | Y20: 0,95
E21: 50 | F21: 50.1 | G21: 0.8 | I21: =F21-E21 -> 0.1 | K21: =MIN(I21,I27,I33) -> -0.1 | L21: =MAX(I21,I27,I33) -> 0.1 | M21: =MAX((M27-L21),M27-K21) -> 0.13333333 | S21: 81,70 | W21: 80,0 | Y21: 1,0
E22: 79.9 | F22: 79.9 | G22: 1 | I22: =F22-E22 -> 0 | K22: =MIN(I22,I28,I34) -> -0.5 | L22: =MAX(I22,I28,I34) -> 0 | M22: =MAX((M28-L22),M28-K22) -> 0.26666667 | S22: 97,00 | W22: 95,0 | Y22: 1,0
E23: 97.2 | F23: 97.4 | G23: 1.1 | I23: =F23-E23 -> 0.2 | K23: =MIN(I23,I29,I35) -> -0.7 | L23: =MAX(I23,I29,I35) -> 0.2 | M23: =MAX((M29-L23),M29-K23) -> 0.5
E25: 4.9 | F25: 4.8 | G25: 0.3 | I25: =F25-E25 -> -0.1 | K25: =AVERAGE(E19,E25,E31) -> 4.9333333 | L25: =K25+M25 -> 4.8 | M25: =AVERAGE(I19,I25,I31) -> -0.13333333 | N25: =MAX(G19,G25,G31) -> 0.3
E26: 30 | F26: 30 | G26: 0.5 | I26: =F26-E26 -> 0 | K26: =AVERAGE(E20,E26,E32) -> 30 | L26: =K26+M26 -> 29.966667 | M26: =AVERAGE(I20,I26,I32) -> -0.033333333 | N26: =MAX(G20,G26,G32) -> 0.6
E27: 50 | F27: 50.1 | G27: 0.7 | I27: =F27-E27 -> 0.1 | K27: =AVERAGE(E21,E27,E33) -> 50 | L27: =K27+M27 -> 50.033333 | M27: =AVERAGE(I21,I27,I33) -> 0.033333333 | N27: =MAX(G21,G27,G33) -> 0.8
E28: 79.7 | F28: 79.5 | G28: 0.9 | I28: =F28-E28 -> -0.2 | K28: =AVERAGE(E22,E28,E34) -> 79.766667 | L28: =K28+M28 -> 79.533333 | M28: =AVERAGE(I22,I28,I34) -> -0.23333333 | N28: =MAX(G22,G28,G34) -> 1
E29: 97.2 | F29: 97.1 | G29: 1 | I29: =F29-E29 -> -0.1 | K29: =AVERAGE(E23,E29,E35) -> 97.233333 | L29: =K29+M29 -> 97.033333 | M29: =AVERAGE(I23,I29,I35) -> -0.2 | N29: =MAX(G23,G29,G35) -> 1.1
E31: 4.9 | F31: 4.7 | G31: 0.3 | I31: =F31-E31 -> -0.2 | L31: =MAX(M19:M23) -> 0.5 | M31: < maior diferença entre a media do erro nas temperaturas.
E32: 30 | F32: 29.9 | G32: 0.5 | I32: =F32-E32 -> -0.1
E33: 50 | F33: 49.9 | G33: 0.7 | I33: =F33-E33 -> -0.1
E34: 79.7 | F34: 79.2 | G34: 0.9 | I34: =F34-E34 -> -0.5
E35: 97.3 | F35: 96.6 | G35: 0.9 | I35: =F35-E35 -> -0.7

Sheet Planilha2
D5: 5,32 | H5: 5,00 | J5: 0,27
D6: 20,03 | H6: 19,99 | J6: 0,39
D7: 29,80 | H7: 29,97 | J7: 0,46
D8: 49,31 | H8: 49,98 | J8: 0,66
D9: 78,14 | H9: 79,97 | J9: 0,97
D10: 92,03 | H10: 94,7 | J10: 1,1
D11: 5,10 | H11: 5,04 | J11: 0,27
D12: 19,54 | H12: 19,99 | J12: 0,36
D13: 29,38 | H13: 29,99 | J13: 0,45
D14: 49,11 | H14: 49,97 | J14: 0,64
D15: 77,64 | H15: 80,00 | J15: 0,94
D16: 90,70 | H16: 94,92 | J16: 0,96
